timestamp,level,service,message,response_time_ms,status_code,is_anomaly
2026-04-16 16:38:33.978257,WARNING,auth-service,Health check passed,66,200,False
2026-04-16 16:40:57.978257,INFO,auth-service,Cache hit for key,265,201,False
2026-04-16 16:54:16.978257,INFO,api-gateway,Request processed successfully,180,201,False
2026-04-16 17:26:45.978257,ERROR,payment-service,Memory usage exceeded threshold,4118,500,True
2026-04-16 17:35:28.978257,INFO,notification-service,Database query executed in 234ms,234,201,False
2026-04-16 17:36:13.978257,INFO,notification-service,User authenticated,380,201,False
2026-04-16 17:37:23.978257,CRITICAL,api-gateway,Database connection pool exhausted,3545,500,True
2026-04-16 17:53:11.978257,ERROR,payment-service,Connection timeout after 4753ms,4753,502,True
2026-04-16 17:56:32.978257,WARNING,inventory-service,Session created for user,185,200,False
2026-04-16 17:57:04.978257,WARNING,inventory-service,Health check passed,476,200,False
2026-04-16 18:02:07.978257,WARNING,api-gateway,Request processed successfully,495,201,False
2026-04-16 18:04:14.978257,WARNING,api-gateway,User authenticated,170,201,False
2026-04-16 18:16:00.978257,INFO,notification-service,Health check passed,269,201,False
2026-04-16 18:19:40.978257,WARNING,api-gateway,Cache hit for key,420,200,False
2026-04-16 18:20:51.978257,INFO,notification-service,User authenticated,343,200,False
2026-04-16 18:23:35.978257,INFO,auth-service,User authenticated,145,201,False
2026-04-16 18:29:18.978257,INFO,auth-service,Health check passed,303,201,False
2026-04-16 18:32:03.978257,INFO,payment-service,Database query executed in 227ms,227,200,False
2026-04-16 18:33:46.978257,WARNING,inventory-service,Order status updated,221,200,False
2026-04-16 18:37:46.978257,INFO,inventory-service,Cache hit for key,53,201,False
2026-04-16 18:49:23.978257,WARNING,inventory-service,Request processed successfully,472,201,False
2026-04-16 18:57:15.978257,WARNING,api-gateway,Health check passed,194,200,False
2026-04-16 19:01:55.978257,WARNING,inventory-service,Request processed successfully,419,200,False
2026-04-16 19:04:42.978257,WARNING,inventory-service,Cache hit for key,107,200,False
2026-04-16 19:11:45.978257,WARNING,api-gateway,Request processed successfully,293,201,False
2026-04-16 19:12:41.978257,INFO,api-gateway,Request processed successfully,301,201,False
2026-04-16 19:14:50.978257,WARNING,auth-service,User authenticated,121,200,False
2026-04-16 19:21:37.978257,INFO,api-gateway,Session created for user,488,201,False
2026-04-16 19:30:33.978257,INFO,payment-service,Order status updated,209,200,False
2026-04-16 19:40:24.978257,WARNING,inventory-service,Request processed successfully,465,201,False
2026-04-16 19:42:29.978257,WARNING,payment-service,Order status updated,202,200,False
2026-04-16 19:43:55.978257,WARNING,payment-service,Request processed successfully,409,200,False
2026-04-16 19:47:13.978257,WARNING,notification-service,Request processed successfully,142,201,False
2026-04-16 19:47:58.978257,INFO,api-gateway,User authenticated,58,201,False
2026-04-16 19:54:11.978257,INFO,payment-service,User authenticated,159,201,False
2026-04-16 19:55:52.978257,WARNING,api-gateway,Health check passed,443,200,False
2026-04-16 20:03:29.978257,INFO,notification-service,Session created for user,361,200,False
2026-04-16 20:05:09.978257,WARNING,notification-service,Database query executed in 500ms,500,201,False
2026-04-16 20:05:11.978257,INFO,auth-service,Health check passed,99,200,False
2026-04-16 20:06:03.978257,INFO,inventory-service,Cache hit for key,264,200,False
2026-04-16 20:09:05.978257,WARNING,auth-service,Session created for user,150,200,False
2026-04-16 20:11:56.978257,INFO,api-gateway,User authenticated,423,200,False
2026-04-16 20:12:17.978257,WARNING,api-gateway,Health check passed,360,201,False
2026-04-16 20:13:28.978257,WARNING,auth-service,User authenticated,316,200,False
2026-04-16 20:17:50.978257,WARNING,inventory-service,Cache hit for key,477,200,False
2026-04-16 20:29:21.978257,WARNING,payment-service,Request processed successfully,478,200,False
2026-04-16 20:32:01.978257,INFO,inventory-service,Request processed successfully,365,200,False
2026-04-16 20:43:15.978257,INFO,payment-service,Request processed successfully,487,201,False
2026-04-16 20:47:52.978257,INFO,payment-service,Session created for user,372,200,False
2026-04-16 20:54:38.978257,INFO,payment-service,Order status updated,260,200,False
2026-04-16 20:55:08.978257,INFO,auth-service,Database query executed in 382ms,382,200,False
2026-04-16 21:02:05.978257,WARNING,auth-service,Cache hit for key,359,201,False
2026-04-16 21:08:36.978257,CRITICAL,auth-service,Service unreachable after 3 retries,8011,502,True
2026-04-16 21:12:34.978257,WARNING,inventory-service,Cache hit for key,327,201,False
2026-04-16 21:20:52.978257,WARNING,api-gateway,User authenticated,391,201,False
2026-04-16 21:22:48.978257,INFO,api-gateway,Order status updated,171,200,False
2026-04-16 21:23:56.978257,WARNING,inventory-service,User authenticated,486,200,False
2026-04-16 21:25:20.978257,WARNING,payment-service,Database query executed in 208ms,208,201,False
2026-04-16 21:28:20.978257,INFO,payment-service,User authenticated,204,200,False
2026-04-16 21:28:23.978257,WARNING,auth-service,Request processed successfully,330,201,False
2026-04-16 21:32:17.978257,WARNING,payment-service,User authenticated,150,201,False
2026-04-16 21:38:30.978257,CRITICAL,payment-service,Database connection pool exhausted,2787,502,True
2026-04-16 21:41:23.978257,INFO,notification-service,Request processed successfully,369,200,False
2026-04-16 21:51:48.978257,INFO,auth-service,Health check passed,294,200,False
2026-04-16 22:00:38.978257,ERROR,notification-service,Service unreachable after 3 retries,6173,502,True
2026-04-16 22:03:54.978257,INFO,notification-service,Cache hit for key,82,201,False
2026-04-16 22:12:46.978257,INFO,auth-service,Cache hit for key,134,201,False
2026-04-16 22:22:23.978257,CRITICAL,inventory-service,Unhandled exception in request pipeline,8482,503,True
2026-04-16 22:22:24.978257,INFO,auth-service,Order status updated,372,200,False
2026-04-16 22:24:00.978257,CRITICAL,notification-service,Connection timeout after 2792ms,2792,500,True
2026-04-16 22:27:30.978257,WARNING,inventory-service,Database query executed in 156ms,156,201,False
2026-04-16 22:29:53.978257,WARNING,auth-service,Session created for user,364,200,False
2026-04-16 22:39:33.978257,WARNING,api-gateway,Request processed successfully,498,201,False
2026-04-16 22:43:19.978257,INFO,auth-service,Order status updated,171,200,False
2026-04-16 22:44:23.978257,INFO,api-gateway,Database query executed in 69ms,69,201,False
2026-04-16 22:45:11.978257,ERROR,auth-service,Connection timeout after 8579ms,8579,500,True
2026-04-16 22:45:49.978257,WARNING,auth-service,Order status updated,439,200,False
2026-04-16 22:52:49.978257,WARNING,notification-service,Health check passed,244,201,False
2026-04-16 22:55:02.978257,INFO,payment-service,User authenticated,164,200,False
2026-04-16 22:55:43.978257,ERROR,payment-service,Memory usage exceeded threshold,5294,502,True
2026-04-16 23:00:28.978257,INFO,payment-service,Session created for user,451,201,False
2026-04-16 23:05:57.978257,WARNING,notification-service,Cache hit for key,227,200,False
2026-04-16 23:10:32.978257,INFO,api-gateway,User authenticated,326,201,False
2026-04-16 23:12:16.978257,INFO,notification-service,Request processed successfully,125,201,False
2026-04-16 23:14:21.978257,WARNING,api-gateway,Health check passed,453,201,False
2026-04-16 23:24:56.978257,WARNING,notification-service,Session created for user,215,201,False
2026-04-16 23:35:01.978257,WARNING,payment-service,Session created for user,148,200,False
2026-04-16 23:42:38.978257,WARNING,api-gateway,Database query executed in 425ms,425,200,False
2026-04-17 00:04:20.978257,INFO,api-gateway,Request processed successfully,138,201,False
2026-04-17 00:07:26.978257,WARNING,payment-service,Cache hit for key,138,201,False
2026-04-17 00:09:47.978257,INFO,api-gateway,Session created for user,160,201,False
2026-04-17 00:11:38.978257,INFO,auth-service,Session created for user,404,201,False
2026-04-17 00:22:37.978257,INFO,payment-service,Health check passed,224,200,False
2026-04-17 00:32:51.978257,WARNING,auth-service,Database query executed in 339ms,339,200,False
2026-04-17 00:35:29.978257,WARNING,api-gateway,Session created for user,350,200,False
2026-04-17 00:41:20.978257,INFO,api-gateway,Database query executed in 489ms,489,201,False
2026-04-17 00:47:14.978257,WARNING,inventory-service,Cache hit for key,54,201,False
2026-04-17 00:47:37.978257,INFO,payment-service,Session created for user,153,201,False
2026-04-17 00:51:18.978257,ERROR,api-gateway,Connection timeout after 6509ms,6509,502,True
2026-04-17 01:03:22.978257,INFO,notification-service,Database query executed in 142ms,142,200,False
2026-04-17 01:09:54.978257,INFO,auth-service,Health check passed,159,201,False
2026-04-17 01:14:55.978257,INFO,auth-service,User authenticated,276,201,False
2026-04-17 01:16:22.978257,WARNING,inventory-service,Cache hit for key,123,200,False
2026-04-17 01:20:57.978257,WARNING,notification-service,Request processed successfully,220,201,False
2026-04-17 01:21:13.978257,WARNING,inventory-service,Cache hit for key,386,201,False
2026-04-17 01:31:35.978257,WARNING,api-gateway,Request processed successfully,383,200,False
2026-04-17 01:37:58.978257,INFO,inventory-service,Order status updated,120,201,False
2026-04-17 01:43:15.978257,WARNING,inventory-service,Session created for user,495,201,False
2026-04-17 01:45:31.978257,INFO,auth-service,User authenticated,487,201,False
2026-04-17 01:48:13.978257,INFO,api-gateway,Session created for user,262,200,False
2026-04-17 01:53:01.978257,INFO,payment-service,Cache hit for key,210,201,False
2026-04-17 01:53:20.978257,ERROR,payment-service,Connection timeout after 8455ms,8455,503,True
2026-04-17 01:54:14.978257,ERROR,payment-service,Connection timeout after 8229ms,8229,502,True
2026-04-17 01:57:15.978257,CRITICAL,notification-service,Service unreachable after 3 retries,6593,503,True
2026-04-17 01:58:49.978257,WARNING,payment-service,Cache hit for key,374,201,False
2026-04-17 02:03:58.978257,INFO,notification-service,Request processed successfully,65,201,False
2026-04-17 02:17:54.978257,INFO,inventory-service,Cache hit for key,339,201,False
2026-04-17 02:18:20.978257,CRITICAL,api-gateway,Unhandled exception in request pipeline,3217,502,True
2026-04-17 02:19:08.978257,WARNING,notification-service,Session created for user,74,200,False
2026-04-17 02:19:36.978257,WARNING,inventory-service,Session created for user,419,200,False
2026-04-17 02:25:27.978257,WARNING,notification-service,Request processed successfully,133,201,False
2026-04-17 02:33:12.978257,INFO,payment-service,Session created for user,81,200,False
2026-04-17 02:34:08.978257,WARNING,inventory-service,Cache hit for key,343,200,False
2026-04-17 02:34:42.978257,WARNING,inventory-service,Request processed successfully,197,200,False
2026-04-17 02:37:22.978257,INFO,auth-service,Cache hit for key,215,200,False
2026-04-17 02:38:07.978257,WARNING,api-gateway,Database query executed in 82ms,82,201,False
2026-04-17 02:40:13.978257,WARNING,notification-service,Cache hit for key,330,201,False
2026-04-17 02:40:47.978257,CRITICAL,payment-service,Database connection pool exhausted,3445,503,True
2026-04-17 02:43:20.978257,ERROR,notification-service,Unhandled exception in request pipeline,8742,503,True
2026-04-17 02:49:13.978257,INFO,auth-service,Cache hit for key,358,201,False
2026-04-17 02:51:44.978257,WARNING,notification-service,Request processed successfully,490,201,False
2026-04-17 02:53:56.978257,INFO,api-gateway,Session created for user,464,201,False
2026-04-17 02:57:44.978257,INFO,payment-service,Request processed successfully,168,201,False
2026-04-17 02:58:54.978257,INFO,payment-service,Session created for user,130,200,False
2026-04-17 02:59:22.978257,INFO,api-gateway,User authenticated,210,201,False
2026-04-17 03:05:27.978257,WARNING,auth-service,Health check passed,409,201,False
2026-04-17 03:09:35.978257,INFO,api-gateway,Cache hit for key,92,200,False
2026-04-17 03:11:35.978257,INFO,notification-service,Health check passed,487,201,False
2026-04-17 03:16:31.978257,WARNING,api-gateway,User authenticated,295,201,False
2026-04-17 03:16:44.978257,INFO,api-gateway,Cache hit for key,163,201,False
2026-04-17 03:32:52.978257,INFO,auth-service,User authenticated,253,201,False
2026-04-17 03:50:09.978257,CRITICAL,api-gateway,Connection timeout after 4435ms,4435,502,True
2026-04-17 03:50:23.978257,WARNING,inventory-service,Database query executed in 449ms,449,201,False
2026-04-17 03:52:27.978257,INFO,api-gateway,Database query executed in 414ms,414,200,False
2026-04-17 03:56:00.978257,INFO,notification-service,Request processed successfully,279,200,False
2026-04-17 03:59:27.978257,INFO,inventory-service,Database query executed in 109ms,109,201,False
2026-04-17 04:00:23.978257,ERROR,inventory-service,Unhandled exception in request pipeline,8944,503,True
2026-04-17 04:06:50.978257,INFO,api-gateway,Database query executed in 281ms,281,201,False
2026-04-17 04:11:44.978257,INFO,inventory-service,Database query executed in 233ms,233,200,False
2026-04-17 04:19:56.978257,INFO,auth-service,Session created for user,445,200,False
2026-04-17 04:27:00.978257,WARNING,payment-service,Cache hit for key,56,201,False
2026-04-17 04:31:36.978257,WARNING,inventory-service,Database query executed in 53ms,53,200,False
2026-04-17 04:37:10.978257,CRITICAL,payment-service,Connection timeout after 4925ms,4925,503,True
2026-04-17 04:41:14.978257,INFO,inventory-service,Request processed successfully,379,200,False
2026-04-17 04:47:44.978257,INFO,inventory-service,Health check passed,481,200,False
2026-04-17 04:52:47.978257,WARNING,inventory-service,Request processed successfully,439,201,False
2026-04-17 04:52:51.978257,WARNING,payment-service,Request processed successfully,468,201,False
2026-04-17 04:53:46.978257,WARNING,payment-service,Request processed successfully,121,200,False
2026-04-17 05:02:01.978257,CRITICAL,inventory-service,Connection timeout after 4061ms,4061,500,True
2026-04-17 05:02:06.978257,WARNING,inventory-service,Order status updated,405,200,False
2026-04-17 05:05:42.978257,WARNING,payment-service,User authenticated,492,201,False
2026-04-17 05:06:19.978257,INFO,auth-service,Cache hit for key,274,200,False
2026-04-17 05:14:10.978257,INFO,api-gateway,Request processed successfully,391,201,False
2026-04-17 05:22:44.978257,WARNING,payment-service,User authenticated,164,201,False
2026-04-17 05:29:37.978257,INFO,auth-service,Request processed successfully,283,200,False
2026-04-17 05:30:42.978257,WARNING,inventory-service,Session created for user,58,201,False
2026-04-17 05:35:53.978257,CRITICAL,inventory-service,Service unreachable after 3 retries,8532,502,True
2026-04-17 05:39:02.978257,INFO,api-gateway,Health check passed,414,200,False
2026-04-17 05:43:27.978257,WARNING,auth-service,User authenticated,412,200,False
2026-04-17 05:44:08.978257,WARNING,auth-service,Cache hit for key,228,201,False
2026-04-17 05:50:26.978257,WARNING,notification-service,Request processed successfully,329,201,False
2026-04-17 05:56:56.978257,WARNING,api-gateway,Request processed successfully,173,200,False
2026-04-17 06:13:05.978257,INFO,api-gateway,Session created for user,221,201,False
2026-04-17 06:17:07.978257,WARNING,auth-service,Health check passed,300,200,False
2026-04-17 06:18:24.978257,INFO,payment-service,Cache hit for key,343,201,False
2026-04-17 06:20:28.978257,WARNING,notification-service,Request processed successfully,272,201,False
2026-04-17 06:20:29.978257,INFO,notification-service,Session created for user,447,201,False
2026-04-17 06:23:48.978257,WARNING,inventory-service,Order status updated,67,200,False
2026-04-17 06:24:24.978257,WARNING,payment-service,Database query executed in 104ms,104,201,False
2026-04-17 06:31:49.978257,INFO,auth-service,Cache hit for key,249,201,False
2026-04-17 06:50:35.978257,ERROR,payment-service,Database connection pool exhausted,6116,502,True
2026-04-17 06:51:33.978257,INFO,payment-service,Session created for user,120,200,False
2026-04-17 07:00:10.978257,WARNING,payment-service,User authenticated,362,201,False
2026-04-17 07:03:15.978257,WARNING,notification-service,Session created for user,60,200,False
2026-04-17 07:06:45.978257,WARNING,api-gateway,Health check passed,157,200,False
2026-04-17 07:10:30.978257,WARNING,notification-service,User authenticated,66,201,False
2026-04-17 07:15:49.978257,CRITICAL,inventory-service,Unhandled exception in request pipeline,3093,503,True
2026-04-17 07:16:19.978257,WARNING,notification-service,User authenticated,302,201,False
2026-04-17 07:25:48.978257,INFO,inventory-service,Session created for user,461,201,False
2026-04-17 07:31:42.978257,INFO,auth-service,Order status updated,379,201,False
2026-04-17 07:36:05.978257,WARNING,inventory-service,Order status updated,90,200,False
2026-04-17 07:39:02.978257,WARNING,payment-service,Cache hit for key,396,200,False
2026-04-17 07:41:19.978257,INFO,auth-service,User authenticated,396,201,False
2026-04-17 07:42:07.978257,WARNING,inventory-service,Request processed successfully,138,201,False
2026-04-17 07:45:56.978257,WARNING,auth-service,Session created for user,219,201,False
2026-04-17 07:48:57.978257,INFO,notification-service,Database query executed in 62ms,62,200,False
2026-04-17 07:49:33.978257,INFO,payment-service,Session created for user,328,201,False
2026-04-17 07:50:19.978257,WARNING,payment-service,Session created for user,406,200,False
2026-04-17 07:51:08.978257,ERROR,auth-service,Database connection pool exhausted,3291,500,True
2026-04-17 07:54:15.978257,ERROR,inventory-service,Connection timeout after 6486ms,6486,503,True
2026-04-17 08:00:42.978257,WARNING,payment-service,Cache hit for key,250,201,False
2026-04-17 08:03:21.978257,INFO,notification-service,Order status updated,486,201,False
2026-04-17 08:11:09.978257,INFO,payment-service,Session created for user,427,201,False
2026-04-17 08:15:06.978257,ERROR,notification-service,Service unreachable after 3 retries,2221,503,True
2026-04-17 08:19:24.978257,WARNING,notification-service,Health check passed,239,201,False
2026-04-17 08:20:21.978257,INFO,auth-service,Health check passed,336,200,False
2026-04-17 08:21:15.978257,WARNING,inventory-service,Session created for user,150,200,False
2026-04-17 08:26:44.978257,INFO,inventory-service,Session created for user,264,200,False
2026-04-17 08:30:36.978257,INFO,auth-service,Database query executed in 235ms,235,201,False
2026-04-17 08:45:31.978257,WARNING,notification-service,Order status updated,335,200,False
2026-04-17 08:48:38.978257,ERROR,inventory-service,Database connection pool exhausted,3940,503,True
2026-04-17 08:57:01.978257,WARNING,notification-service,Request processed successfully,446,201,False
2026-04-17 08:57:14.978257,INFO,auth-service,User authenticated,75,201,False
2026-04-17 08:59:46.978257,WARNING,payment-service,User authenticated,212,201,False
2026-04-17 08:59:59.978257,WARNING,payment-service,Health check passed,500,201,False
2026-04-17 09:01:03.978257,WARNING,api-gateway,Cache hit for key,321,200,False
2026-04-17 09:06:56.978257,WARNING,inventory-service,Cache hit for key,116,200,False
2026-04-17 09:13:10.978257,WARNING,notification-service,Request processed successfully,451,200,False
2026-04-17 09:16:30.978257,WARNING,inventory-service,Cache hit for key,173,200,False
2026-04-17 09:22:04.978257,INFO,inventory-service,Cache hit for key,200,200,False
2026-04-17 09:22:07.978257,INFO,inventory-service,User authenticated,316,200,False
2026-04-17 09:22:11.978257,WARNING,api-gateway,Health check passed,253,200,False
2026-04-17 09:26:57.978257,INFO,auth-service,Request processed successfully,128,201,False
2026-04-17 09:28:27.978257,CRITICAL,auth-service,Service unreachable after 3 retries,6781,502,True
2026-04-17 09:31:03.978257,INFO,api-gateway,Order status updated,87,201,False
2026-04-17 09:32:16.978257,WARNING,notification-service,User authenticated,383,201,False
2026-04-17 09:34:39.978257,INFO,inventory-service,Request processed successfully,308,200,False
2026-04-17 09:36:46.978257,INFO,auth-service,Order status updated,251,200,False
2026-04-17 09:37:37.978257,INFO,auth-service,Cache hit for key,114,201,False
2026-04-17 09:37:51.978257,INFO,inventory-service,Cache hit for key,54,200,False
2026-04-17 09:39:20.978257,WARNING,inventory-service,Order status updated,423,201,False
2026-04-17 09:42:23.978257,WARNING,notification-service,Cache hit for key,254,201,False
2026-04-17 09:46:51.978257,INFO,notification-service,User authenticated,497,201,False
2026-04-17 09:47:03.978257,WARNING,auth-service,Cache hit for key,58,200,False
2026-04-17 09:48:54.978257,WARNING,auth-service,Health check passed,410,200,False
2026-04-17 09:50:48.978257,WARNING,auth-service,Order status updated,471,200,False
2026-04-17 09:50:57.978257,WARNING,inventory-service,Request processed successfully,94,201,False
2026-04-17 09:51:41.978257,INFO,payment-service,Database query executed in 79ms,79,201,False
2026-04-17 09:54:41.978257,INFO,inventory-service,Cache hit for key,127,200,False
2026-04-17 09:59:19.978257,WARNING,notification-service,Cache hit for key,313,201,False
2026-04-17 10:03:35.978257,WARNING,notification-service,Health check passed,315,200,False
2026-04-17 10:05:04.978257,INFO,notification-service,Health check passed,254,200,False
2026-04-17 10:10:14.978257,WARNING,auth-service,Health check passed,271,201,False
2026-04-17 10:11:13.978257,WARNING,notification-service,Request processed successfully,492,201,False
2026-04-17 10:15:19.978257,WARNING,notification-service,Cache hit for key,373,201,False
2026-04-17 10:22:26.978257,INFO,notification-service,User authenticated,245,201,False
2026-04-17 10:26:50.978257,WARNING,auth-service,Request processed successfully,401,200,False
2026-04-17 10:27:20.978257,INFO,inventory-service,Health check passed,142,200,False
2026-04-17 10:29:04.978257,WARNING,notification-service,Health check passed,436,201,False
2026-04-17 10:30:14.978257,INFO,inventory-service,Request processed successfully,482,201,False
2026-04-17 10:31:34.978257,WARNING,payment-service,Health check passed,341,200,False
2026-04-17 10:35:59.978257,INFO,api-gateway,Database query executed in 140ms,140,201,False
2026-04-17 10:46:43.978257,WARNING,notification-service,Session created for user,172,200,False
2026-04-17 10:50:23.978257,INFO,inventory-service,User authenticated,494,200,False
2026-04-17 10:59:51.978257,WARNING,api-gateway,User authenticated,321,200,False
2026-04-17 11:05:56.978257,INFO,payment-service,Request processed successfully,251,200,False
2026-04-17 11:11:20.978257,WARNING,payment-service,Session created for user,462,200,False
2026-04-17 11:24:45.978257,WARNING,auth-service,Cache hit for key,224,200,False
2026-04-17 11:28:06.978257,WARNING,notification-service,Cache hit for key,470,201,False
2026-04-17 11:28:30.978257,WARNING,payment-service,Session created for user,190,200,False
2026-04-17 11:33:49.978257,WARNING,payment-service,Request processed successfully,358,200,False
2026-04-17 11:38:17.978257,INFO,api-gateway,Order status updated,200,201,False
2026-04-17 11:45:57.978257,INFO,payment-service,Request processed successfully,112,200,False
2026-04-17 11:46:06.978257,WARNING,auth-service,Database query executed in 478ms,478,200,False
2026-04-17 11:47:00.978257,INFO,api-gateway,Cache hit for key,129,200,False
2026-04-17 11:53:23.978257,INFO,api-gateway,User authenticated,133,200,False
2026-04-17 12:02:51.978257,WARNING,auth-service,Order status updated,99,201,False
2026-04-17 12:03:20.978257,WARNING,payment-service,User authenticated,500,201,False
2026-04-17 12:03:40.978257,INFO,inventory-service,Session created for user,322,201,False
2026-04-17 12:13:05.978257,INFO,inventory-service,Cache hit for key,436,201,False
2026-04-17 12:13:09.978257,INFO,auth-service,Cache hit for key,413,200,False
2026-04-17 12:13:28.978257,WARNING,notification-service,Request processed successfully,332,200,False
2026-04-17 12:23:56.978257,INFO,inventory-service,Database query executed in 179ms,179,200,False
2026-04-17 12:25:43.978257,WARNING,notification-service,Order status updated,172,201,False
2026-04-17 12:43:54.978257,CRITICAL,notification-service,Memory usage exceeded threshold,8939,502,True
2026-04-17 13:00:04.978257,INFO,api-gateway,Order status updated,102,201,False
2026-04-17 13:01:11.978257,WARNING,payment-service,Database query executed in 267ms,267,201,False
2026-04-17 13:02:30.978257,WARNING,api-gateway,Database query executed in 63ms,63,201,False
2026-04-17 13:14:27.978257,INFO,notification-service,Session created for user,477,201,False
2026-04-17 13:20:07.978257,WARNING,notification-service,Cache hit for key,373,201,False
2026-04-17 13:24:57.978257,WARNING,notification-service,Database query executed in 138ms,138,201,False
2026-04-17 13:28:53.978257,WARNING,api-gateway,Database query executed in 61ms,61,200,False
2026-04-17 13:30:15.978257,INFO,notification-service,Cache hit for key,239,200,False
2026-04-17 13:33:29.978257,WARNING,auth-service,Health check passed,472,201,False
2026-04-17 13:33:48.978257,INFO,payment-service,Cache hit for key,139,200,False
2026-04-17 13:34:04.978257,INFO,auth-service,Health check passed,74,200,False
2026-04-17 13:35:07.978257,INFO,payment-service,Order status updated,286,200,False
2026-04-17 13:36:18.978257,INFO,payment-service,Health check passed,416,201,False
2026-04-17 13:40:58.978257,WARNING,notification-service,Order status updated,102,201,False
2026-04-17 13:41:49.978257,INFO,api-gateway,Cache hit for key,103,201,False
2026-04-17 13:56:28.978257,WARNING,api-gateway,Session created for user,302,200,False
2026-04-17 13:59:23.978257,CRITICAL,api-gateway,Memory usage exceeded threshold,2180,502,True
2026-04-17 14:00:48.978257,ERROR,payment-service,Connection timeout after 5772ms,5772,500,True
2026-04-17 14:02:06.978257,WARNING,inventory-service,Request processed successfully,112,200,False
2026-04-17 14:07:14.978257,INFO,notification-service,Cache hit for key,390,201,False
2026-04-17 14:10:28.978257,WARNING,payment-service,User authenticated,452,201,False
2026-04-17 14:13:10.978257,INFO,auth-service,Database query executed in 254ms,254,201,False
2026-04-17 14:14:39.978257,WARNING,auth-service,Cache hit for key,99,200,False
2026-04-17 14:20:38.978257,WARNING,api-gateway,Cache hit for key,124,200,False
2026-04-17 14:20:53.978257,WARNING,notification-service,Health check passed,208,200,False
2026-04-17 14:28:00.978257,INFO,notification-service,Health check passed,106,200,False
2026-04-17 14:29:15.978257,INFO,auth-service,User authenticated,215,200,False
2026-04-17 14:32:49.978257,INFO,payment-service,User authenticated,148,201,False
2026-04-17 14:35:06.978257,INFO,api-gateway,Session created for user,331,201,False
2026-04-17 14:38:20.978257,WARNING,notification-service,Cache hit for key,403,200,False
2026-04-17 14:45:21.978257,WARNING,notification-service,Session created for user,149,201,False
2026-04-17 14:56:50.978257,INFO,notification-service,Session created for user,57,201,False
2026-04-17 14:59:50.978257,WARNING,api-gateway,Order status updated,395,201,False
2026-04-17 15:02:45.978257,INFO,payment-service,User authenticated,83,201,False
2026-04-17 15:03:31.978257,INFO,inventory-service,Database query executed in 159ms,159,201,False
2026-04-17 15:04:15.978257,INFO,inventory-service,Order status updated,328,200,False
2026-04-17 15:06:02.978257,WARNING,auth-service,Cache hit for key,179,201,False
2026-04-17 15:13:55.978257,WARNING,api-gateway,User authenticated,411,201,False
2026-04-17 15:15:19.978257,WARNING,auth-service,Session created for user,450,201,False
2026-04-17 15:15:38.978257,WARNING,payment-service,Health check passed,75,200,False
2026-04-17 15:22:31.978257,INFO,inventory-service,User authenticated,212,201,False
2026-04-17 15:25:09.978257,INFO,payment-service,User authenticated,440,200,False
2026-04-17 15:31:03.978257,WARNING,inventory-service,Cache hit for key,230,200,False
2026-04-17 15:36:11.978257,WARNING,payment-service,Health check passed,258,201,False
2026-04-17 15:48:08.978257,WARNING,notification-service,Order status updated,366,200,False
2026-04-17 15:51:18.978257,INFO,payment-service,Cache hit for key,284,200,False
2026-04-17 15:53:32.978257,INFO,api-gateway,Database query executed in 122ms,122,201,False
2026-04-17 15:56:34.978257,WARNING,payment-service,Cache hit for key,153,200,False
2026-04-17 16:00:11.978257,CRITICAL,payment-service,Unhandled exception in request pipeline,8354,503,True
2026-04-17 16:00:57.978257,INFO,auth-service,Cache hit for key,157,200,False
2026-04-17 16:04:40.978257,WARNING,inventory-service,Database query executed in 345ms,345,201,False
2026-04-17 16:13:16.978257,INFO,payment-service,Database query executed in 252ms,252,200,False
2026-04-17 16:16:05.978257,WARNING,api-gateway,Order status updated,230,201,False
2026-04-17 16:19:24.978257,INFO,payment-service,Cache hit for key,127,201,False
2026-04-17 16:23:34.978257,WARNING,api-gateway,Order status updated,426,201,False
2026-04-17 16:28:00.978257,WARNING,payment-service,Request processed successfully,497,201,False
2026-04-17 16:32:16.978257,WARNING,inventory-service,Request processed successfully,164,201,False
2026-04-17 16:35:43.978257,WARNING,api-gateway,Order status updated,206,201,False
2026-04-17 16:38:13.978257,WARNING,payment-service,Database query executed in 242ms,242,201,False
2026-04-17 16:48:52.978257,WARNING,payment-service,Database query executed in 56ms,56,201,False
2026-04-17 16:57:57.978257,INFO,auth-service,Cache hit for key,296,201,False
2026-04-17 17:02:29.978257,INFO,inventory-service,Database query executed in 406ms,406,200,False
2026-04-17 17:06:22.978257,INFO,api-gateway,Database query executed in 107ms,107,200,False
2026-04-17 17:23:41.978257,WARNING,notification-service,Database query executed in 144ms,144,201,False
2026-04-17 17:32:20.978257,CRITICAL,inventory-service,Database connection pool exhausted,7609,500,True
2026-04-17 17:36:13.978257,WARNING,api-gateway,Order status updated,315,200,False
2026-04-17 17:40:23.978257,INFO,api-gateway,Request processed successfully,223,200,False
2026-04-17 17:41:49.978257,WARNING,api-gateway,Session created for user,321,200,False
2026-04-17 17:50:44.978257,WARNING,inventory-service,Request processed successfully,291,201,False
2026-04-17 17:55:48.978257,INFO,auth-service,Request processed successfully,218,201,False
2026-04-17 17:58:52.978257,ERROR,payment-service,Unhandled exception in request pipeline,5949,502,True
2026-04-17 18:05:49.978257,WARNING,payment-service,Order status updated,383,200,False
2026-04-17 18:12:46.978257,WARNING,payment-service,User authenticated,115,201,False
2026-04-17 18:13:03.978257,WARNING,inventory-service,Health check passed,422,201,False
2026-04-17 18:22:31.978257,INFO,api-gateway,User authenticated,250,200,False
2026-04-17 18:27:06.978257,INFO,notification-service,Session created for user,184,200,False
2026-04-17 18:27:34.978257,WARNING,notification-service,Session created for user,351,200,False
2026-04-17 18:27:59.978257,WARNING,payment-service,Session created for user,88,201,False
2026-04-17 18:32:56.978257,INFO,api-gateway,Database query executed in 141ms,141,201,False
2026-04-17 18:44:31.978257,WARNING,inventory-service,Cache hit for key,497,201,False
2026-04-17 18:45:51.978257,WARNING,inventory-service,Request processed successfully,368,200,False
2026-04-17 18:46:31.978257,WARNING,payment-service,Request processed successfully,249,201,False
2026-04-17 18:53:37.978257,WARNING,payment-service,Request processed successfully,258,200,False
2026-04-17 19:03:38.978257,ERROR,notification-service,Service unreachable after 3 retries,3776,500,True
2026-04-17 19:03:40.978257,ERROR,api-gateway,Service unreachable after 3 retries,8196,502,True
2026-04-17 19:04:45.978257,WARNING,inventory-service,Order status updated,434,201,False
2026-04-17 19:09:26.978257,CRITICAL,inventory-service,Database connection pool exhausted,4929,500,True
2026-04-17 19:11:04.978257,INFO,payment-service,Order status updated,487,200,False
2026-04-17 19:12:36.978257,INFO,payment-service,Cache hit for key,421,201,False
2026-04-17 19:29:41.978257,WARNING,payment-service,Order status updated,96,200,False
2026-04-17 19:29:48.978257,ERROR,payment-service,Connection timeout after 4669ms,4669,503,True
2026-04-17 19:32:17.978257,WARNING,inventory-service,Request processed successfully,436,201,False
2026-04-17 19:48:42.978257,INFO,auth-service,User authenticated,234,200,False
2026-04-17 19:50:54.978257,WARNING,notification-service,Order status updated,346,201,False
2026-04-17 19:51:15.978257,ERROR,notification-service,Service unreachable after 3 retries,7706,503,True
2026-04-17 19:55:05.978257,INFO,notification-service,Request processed successfully,310,200,False
2026-04-17 19:58:24.978257,WARNING,notification-service,User authenticated,363,200,False
2026-04-17 20:07:17.978257,WARNING,auth-service,User authenticated,113,201,False
2026-04-17 20:13:04.978257,WARNING,payment-service,User authenticated,365,200,False
2026-04-17 20:16:16.978257,WARNING,notification-service,Health check passed,464,200,False
2026-04-17 20:18:57.978257,INFO,auth-service,Session created for user,185,201,False
2026-04-17 20:21:12.978257,INFO,notification-service,Session created for user,468,200,False
2026-04-17 20:23:59.978257,INFO,inventory-service,Health check passed,349,200,False
2026-04-17 20:26:24.978257,INFO,notification-service,User authenticated,486,200,False
2026-04-17 20:33:19.978257,WARNING,notification-service,Request processed successfully,289,200,False
2026-04-17 20:37:14.978257,WARNING,payment-service,User authenticated,50,201,False
2026-04-17 20:38:39.978257,WARNING,auth-service,Database query executed in 92ms,92,200,False
2026-04-17 20:38:53.978257,INFO,api-gateway,Session created for user,340,200,False
2026-04-17 20:39:08.978257,INFO,inventory-service,Order status updated,186,201,False
2026-04-17 20:43:13.978257,WARNING,inventory-service,Session created for user,174,201,False
2026-04-17 20:45:21.978257,WARNING,api-gateway,User authenticated,157,201,False
2026-04-17 20:46:32.978257,WARNING,auth-service,Request processed successfully,150,201,False
2026-04-17 20:48:18.978257,WARNING,inventory-service,Cache hit for key,487,200,False
2026-04-17 20:48:59.978257,INFO,notification-service,Database query executed in 162ms,162,201,False
2026-04-17 20:49:41.978257,INFO,notification-service,Cache hit for key,471,201,False
2026-04-17 20:50:41.978257,WARNING,notification-service,Cache hit for key,499,200,False
2026-04-17 20:54:13.978257,WARNING,notification-service,Database query executed in 324ms,324,201,False
2026-04-17 20:55:37.978257,INFO,inventory-service,User authenticated,120,200,False
2026-04-17 21:00:03.978257,INFO,api-gateway,Database query executed in 241ms,241,201,False
2026-04-17 21:05:19.978257,INFO,auth-service,Health check passed,144,200,False
2026-04-17 21:05:38.978257,INFO,inventory-service,Session created for user,405,201,False
2026-04-17 21:12:57.978257,ERROR,auth-service,Database connection pool exhausted,2859,502,True
2026-04-17 21:14:36.978257,INFO,api-gateway,Health check passed,296,201,False
2026-04-17 21:16:15.978257,WARNING,inventory-service,Request processed successfully,207,201,False
2026-04-17 21:18:51.978257,WARNING,inventory-service,User authenticated,305,200,False
2026-04-17 21:21:13.978257,WARNING,notification-service,Order status updated,203,200,False
2026-04-17 21:23:46.978257,WARNING,inventory-service,User authenticated,291,201,False
2026-04-17 21:35:53.978257,INFO,payment-service,Cache hit for key,353,200,False
2026-04-17 21:39:51.978257,INFO,auth-service,User authenticated,304,200,False
2026-04-17 21:49:06.978257,WARNING,notification-service,Session created for user,105,201,False
2026-04-17 21:56:25.978257,INFO,api-gateway,Cache hit for key,197,201,False
2026-04-17 21:59:20.978257,ERROR,auth-service,Database connection pool exhausted,8504,503,True
2026-04-17 22:04:43.978257,ERROR,api-gateway,Unhandled exception in request pipeline,5949,503,True
2026-04-17 22:15:58.978257,INFO,notification-service,Session created for user,405,200,False
2026-04-17 22:16:12.978257,ERROR,api-gateway,Memory usage exceeded threshold,6846,502,True
2026-04-17 22:16:51.978257,INFO,payment-service,Session created for user,267,200,False
2026-04-17 22:27:24.978257,WARNING,inventory-service,Request processed successfully,191,201,False
2026-04-17 22:27:35.978257,INFO,payment-service,Cache hit for key,449,200,False
2026-04-17 22:28:00.978257,INFO,api-gateway,User authenticated,255,201,False
2026-04-17 22:29:59.978257,INFO,api-gateway,User authenticated,482,201,False
2026-04-17 22:31:37.978257,WARNING,payment-service,Session created for user,441,200,False
2026-04-17 22:40:23.978257,CRITICAL,inventory-service,Database connection pool exhausted,4177,502,True
2026-04-17 22:42:05.978257,INFO,notification-service,Order status updated,285,201,False
2026-04-17 22:43:24.978257,INFO,inventory-service,User authenticated,175,201,False
2026-04-17 22:47:09.978257,CRITICAL,auth-service,Memory usage exceeded threshold,6187,502,True
2026-04-17 22:49:52.978257,WARNING,auth-service,Health check passed,339,200,False
2026-04-17 23:01:40.978257,WARNING,notification-service,User authenticated,132,201,False
2026-04-17 23:02:41.978257,WARNING,notification-service,Session created for user,266,201,False
2026-04-17 23:04:09.978257,INFO,payment-service,Cache hit for key,96,200,False
2026-04-17 23:06:39.978257,CRITICAL,inventory-service,Unhandled exception in request pipeline,2775,500,True
2026-04-17 23:13:42.978257,INFO,inventory-service,Session created for user,213,201,False
2026-04-17 23:30:35.978257,WARNING,notification-service,Database query executed in 95ms,95,200,False
2026-04-17 23:38:09.978257,INFO,api-gateway,User authenticated,306,201,False
2026-04-17 23:41:35.978257,INFO,api-gateway,Order status updated,269,201,False
2026-04-17 23:44:37.978257,WARNING,payment-service,Session created for user,203,201,False
2026-04-17 23:55:49.978257,INFO,api-gateway,Database query executed in 286ms,286,200,False
2026-04-18 00:04:22.978257,INFO,payment-service,Order status updated,153,201,False
2026-04-18 00:17:55.978257,INFO,api-gateway,User authenticated,126,201,False
2026-04-18 00:19:12.978257,WARNING,auth-service,Cache hit for key,369,200,False
2026-04-18 00:27:16.978257,WARNING,payment-service,Request processed successfully,137,201,False
2026-04-18 00:27:58.978257,WARNING,inventory-service,Cache hit for key,194,201,False
2026-04-18 00:29:23.978257,INFO,notification-service,Session created for user,461,200,False
2026-04-18 00:36:26.978257,WARNING,api-gateway,Session created for user,457,200,False
2026-04-18 00:38:58.978257,WARNING,api-gateway,User authenticated,88,200,False
2026-04-18 00:47:11.978257,INFO,inventory-service,User authenticated,484,201,False
2026-04-18 00:48:53.978257,WARNING,inventory-service,Session created for user,341,200,False
2026-04-18 00:51:57.978257,WARNING,api-gateway,Order status updated,428,201,False
2026-04-18 01:07:31.978257,INFO,payment-service,User authenticated,396,200,False
2026-04-18 01:18:28.978257,WARNING,notification-service,Database query executed in 439ms,439,201,False
2026-04-18 01:25:22.978257,WARNING,auth-service,Order status updated,318,200,False
2026-04-18 01:28:55.978257,ERROR,auth-service,Memory usage exceeded threshold,2153,502,True
2026-04-18 01:33:40.978257,INFO,payment-service,Order status updated,318,200,False
2026-04-18 01:40:08.978257,WARNING,api-gateway,Request processed successfully,53,200,False
2026-04-18 01:42:48.978257,WARNING,api-gateway,Order status updated,425,200,False
2026-04-18 02:12:54.978257,WARNING,auth-service,Database query executed in 415ms,415,201,False
2026-04-18 02:16:26.978257,WARNING,notification-service,Database query executed in 51ms,51,201,False
2026-04-18 02:22:10.978257,WARNING,payment-service,Request processed successfully,106,200,False
2026-04-18 02:34:38.978257,INFO,api-gateway,Database query executed in 298ms,298,200,False
2026-04-18 02:38:19.978257,INFO,inventory-service,Request processed successfully,73,201,False
2026-04-18 02:38:35.978257,WARNING,api-gateway,Cache hit for key,257,200,False
2026-04-18 02:41:10.978257,INFO,notification-service,Order status updated,463,201,False
2026-04-18 02:48:27.978257,WARNING,api-gateway,Session created for user,328,201,False
2026-04-18 02:53:38.978257,CRITICAL,api-gateway,Memory usage exceeded threshold,5044,502,True
2026-04-18 03:07:13.978257,WARNING,api-gateway,Cache hit for key,370,201,False
2026-04-18 03:10:48.978257,INFO,api-gateway,Order status updated,311,200,False
2026-04-18 03:13:07.978257,INFO,api-gateway,Order status updated,237,201,False
2026-04-18 03:17:07.978257,CRITICAL,auth-service,Database connection pool exhausted,5936,502,True
2026-04-18 03:25:40.978257,WARNING,auth-service,Health check passed,221,201,False
2026-04-18 03:32:57.978257,WARNING,notification-service,Request processed successfully,417,201,False
2026-04-18 03:33:10.978257,WARNING,api-gateway,Health check passed,221,201,False
2026-04-18 03:33:21.978257,WARNING,auth-service,Health check passed,151,200,False
2026-04-18 03:33:55.978257,INFO,payment-service,Request processed successfully,180,200,False
2026-04-18 03:34:10.978257,WARNING,payment-service,Session created for user,252,201,False
2026-04-18 03:40:55.978257,INFO,payment-service,Order status updated,339,200,False
2026-04-18 03:48:12.978257,WARNING,inventory-service,Cache hit for key,461,201,False
2026-04-18 03:50:01.978257,INFO,api-gateway,User authenticated,157,200,False
2026-04-18 03:52:29.978257,WARNING,api-gateway,Order status updated,113,200,False
2026-04-18 03:55:14.978257,ERROR,api-gateway,Memory usage exceeded threshold,4614,502,True
2026-04-18 03:58:39.978257,WARNING,payment-service,Session created for user,75,201,False
2026-04-18 04:08:34.978257,INFO,payment-service,Database query executed in 335ms,335,200,False
2026-04-18 04:18:00.978257,WARNING,payment-service,Cache hit for key,444,201,False
2026-04-18 04:22:07.978257,INFO,inventory-service,Database query executed in 161ms,161,201,False
2026-04-18 04:23:29.978257,WARNING,api-gateway,Request processed successfully,184,200,False
2026-04-18 04:26:23.978257,WARNING,notification-service,Order status updated,499,201,False
2026-04-18 04:27:37.978257,INFO,inventory-service,User authenticated,64,200,False
2026-04-18 04:30:50.978257,INFO,auth-service,Database query executed in 126ms,126,200,False
2026-04-18 04:31:45.978257,INFO,auth-service,Database query executed in 116ms,116,201,False
2026-04-18 04:34:49.978257,INFO,api-gateway,Session created for user,192,201,False
2026-04-18 04:47:10.978257,CRITICAL,inventory-service,Unhandled exception in request pipeline,5771,503,True
2026-04-18 04:47:16.978257,INFO,auth-service,Request processed successfully,305,201,False
2026-04-18 04:55:05.978257,INFO,api-gateway,Health check passed,164,200,False
2026-04-18 05:02:12.978257,INFO,api-gateway,User authenticated,486,200,False
2026-04-18 05:14:32.978257,INFO,payment-service,Session created for user,464,200,False
2026-04-18 05:17:15.978257,WARNING,payment-service,Session created for user,236,201,False
2026-04-18 05:26:45.978257,INFO,payment-service,Health check passed,336,200,False
2026-04-18 05:27:53.978257,WARNING,api-gateway,Health check passed,123,200,False
2026-04-18 05:28:17.978257,INFO,payment-service,Health check passed,172,200,False
2026-04-18 05:32:24.978257,INFO,inventory-service,Request processed successfully,450,200,False
2026-04-18 05:32:34.978257,INFO,inventory-service,Database query executed in 67ms,67,200,False
2026-04-18 05:35:56.978257,INFO,api-gateway,Request processed successfully,270,201,False
2026-04-18 05:48:06.978257,WARNING,payment-service,Session created for user,345,200,False
2026-04-18 05:52:53.978257,WARNING,auth-service,User authenticated,106,201,False
2026-04-18 06:08:16.978257,INFO,auth-service,Database query executed in 219ms,219,200,False
2026-04-18 06:08:48.978257,INFO,auth-service,Order status updated,137,201,False
2026-04-18 06:09:23.978257,INFO,inventory-service,Order status updated,340,201,False
2026-04-18 06:11:22.978257,WARNING,auth-service,Database query executed in 55ms,55,201,False
2026-04-18 06:29:35.978257,INFO,notification-service,Health check passed,475,201,False
2026-04-18 06:40:24.978257,INFO,auth-service,Database query executed in 170ms,170,200,False
2026-04-18 06:40:55.978257,WARNING,notification-service,Database query executed in 99ms,99,201,False
2026-04-18 06:42:12.978257,INFO,inventory-service,Order status updated,452,200,False
2026-04-18 06:47:39.978257,INFO,notification-service,User authenticated,100,200,False
2026-04-18 06:52:39.978257,INFO,api-gateway,Request processed successfully,302,200,False
2026-04-18 06:54:15.978257,CRITICAL,auth-service,Unhandled exception in request pipeline,7860,503,True
2026-04-18 06:55:52.978257,WARNING,inventory-service,Session created for user,438,201,False
2026-04-18 06:56:10.978257,CRITICAL,inventory-service,Service unreachable after 3 retries,8289,502,True
2026-04-18 06:59:52.978257,WARNING,inventory-service,Database query executed in 181ms,181,200,False
2026-04-18 07:00:05.978257,WARNING,notification-service,Order status updated,451,200,False
2026-04-18 07:03:09.978257,WARNING,payment-service,User authenticated,367,201,False
2026-04-18 07:07:42.978257,ERROR,auth-service,Database connection pool exhausted,7048,502,True
2026-04-18 07:09:47.978257,INFO,inventory-service,Database query executed in 273ms,273,200,False
2026-04-18 07:14:54.978257,INFO,notification-service,Cache hit for key,101,200,False
2026-04-18 07:21:01.978257,INFO,payment-service,Order status updated,240,201,False
2026-04-18 07:29:22.978257,WARNING,api-gateway,Session created for user,215,201,False
2026-04-18 07:31:29.978257,WARNING,notification-service,Session created for user,438,200,False
2026-04-18 07:50:12.978257,WARNING,notification-service,Request processed successfully,227,201,False
2026-04-18 08:00:23.978257,WARNING,payment-service,Health check passed,61,200,False
2026-04-18 08:05:07.978257,WARNING,inventory-service,Session created for user,446,200,False
2026-04-18 08:06:01.978257,INFO,auth-service,Health check passed,299,200,False
2026-04-18 08:07:36.978257,WARNING,auth-service,User authenticated,182,201,False
2026-04-18 08:21:13.978257,INFO,api-gateway,Order status updated,435,200,False
2026-04-18 08:25:17.978257,WARNING,notification-service,Request processed successfully,144,201,False
2026-04-18 08:25:28.978257,INFO,payment-service,User authenticated,129,201,False
2026-04-18 08:25:34.978257,INFO,notification-service,Cache hit for key,129,200,False
2026-04-18 08:29:00.978257,WARNING,payment-service,Order status updated,248,200,False
2026-04-18 08:33:23.978257,INFO,payment-service,Request processed successfully,248,200,False
2026-04-18 08:34:34.978257,WARNING,auth-service,Health check passed,211,201,False
2026-04-18 08:36:27.978257,INFO,auth-service,Cache hit for key,106,201,False
2026-04-18 08:52:12.978257,INFO,inventory-service,Cache hit for key,272,201,False
2026-04-18 08:58:40.978257,INFO,inventory-service,Health check passed,62,201,False
2026-04-18 09:01:36.978257,INFO,inventory-service,Session created for user,271,201,False
2026-04-18 09:06:52.978257,INFO,notification-service,Order status updated,173,200,False
2026-04-18 09:09:34.978257,WARNING,payment-service,Cache hit for key,425,200,False
2026-04-18 09:12:37.978257,WARNING,inventory-service,Order status updated,124,200,False
2026-04-18 09:15:54.978257,WARNING,auth-service,Order status updated,90,201,False
2026-04-18 09:15:57.978257,ERROR,payment-service,Unhandled exception in request pipeline,4617,503,True
2026-04-18 09:17:19.978257,CRITICAL,inventory-service,Connection timeout after 5692ms,5692,503,True
2026-04-18 09:18:10.978257,INFO,api-gateway,Health check passed,66,200,False
2026-04-18 09:27:12.978257,WARNING,auth-service,Request processed successfully,276,200,False
2026-04-18 09:38:46.978257,INFO,payment-service,Cache hit for key,380,200,False
2026-04-18 10:00:17.978257,INFO,api-gateway,Cache hit for key,325,201,False
2026-04-18 10:01:39.978257,WARNING,auth-service,User authenticated,447,200,False
2026-04-18 10:30:16.978257,INFO,notification-service,User authenticated,144,200,False
2026-04-18 10:31:16.978257,INFO,inventory-service,Cache hit for key,375,200,False
2026-04-18 10:41:23.978257,INFO,inventory-service,Database query executed in 329ms,329,201,False
2026-04-18 10:43:37.978257,ERROR,auth-service,Connection timeout after 3134ms,3134,500,True
2026-04-18 10:47:18.978257,WARNING,inventory-service,Request processed successfully,196,201,False
2026-04-18 10:51:52.978257,INFO,notification-service,User authenticated,108,200,False
2026-04-18 10:52:03.978257,WARNING,auth-service,Database query executed in 340ms,340,201,False
2026-04-18 10:55:33.978257,WARNING,notification-service,Health check passed,437,201,False
2026-04-18 11:04:59.978257,WARNING,api-gateway,User authenticated,275,201,False
2026-04-18 11:05:35.978257,INFO,inventory-service,Database query executed in 483ms,483,200,False
2026-04-18 11:11:28.978257,WARNING,api-gateway,Session created for user,430,200,False
2026-04-18 11:23:35.978257,WARNING,api-gateway,Database query executed in 275ms,275,201,False
2026-04-18 11:25:11.978257,WARNING,api-gateway,Cache hit for key,265,200,False
2026-04-18 11:28:48.978257,WARNING,notification-service,Database query executed in 351ms,351,200,False
2026-04-18 11:31:09.978257,WARNING,payment-service,Database query executed in 164ms,164,201,False
2026-04-18 11:31:29.978257,WARNING,notification-service,Order status updated,459,201,False
2026-04-18 11:33:43.978257,WARNING,auth-service,Order status updated,92,200,False
2026-04-18 11:49:02.978257,WARNING,api-gateway,Session created for user,428,201,False
2026-04-18 11:50:55.978257,WARNING,payment-service,Cache hit for key,315,201,False
2026-04-18 11:56:55.978257,WARNING,auth-service,Database query executed in 334ms,334,201,False
2026-04-18 12:07:38.978257,ERROR,notification-service,Service unreachable after 3 retries,7088,503,True
2026-04-18 12:07:55.978257,WARNING,inventory-service,User authenticated,294,201,False
2026-04-18 12:11:44.978257,INFO,notification-service,User authenticated,59,200,False
2026-04-18 12:12:51.978257,ERROR,payment-service,Memory usage exceeded threshold,7991,503,True
2026-04-18 12:13:07.978257,ERROR,notification-service,Unhandled exception in request pipeline,4886,500,True
2026-04-18 12:15:08.978257,INFO,inventory-service,Health check passed,179,200,False
2026-04-18 12:15:14.978257,WARNING,auth-service,Session created for user,139,200,False
2026-04-18 12:16:30.978257,WARNING,api-gateway,Cache hit for key,65,201,False
2026-04-18 12:19:22.978257,INFO,api-gateway,Database query executed in 347ms,347,200,False
2026-04-18 12:19:36.978257,WARNING,inventory-service,Database query executed in 136ms,136,201,False
2026-04-18 12:20:50.978257,INFO,notification-service,User authenticated,260,200,False
2026-04-18 12:23:02.978257,WARNING,payment-service,Request processed successfully,328,201,False
2026-04-18 12:23:48.978257,CRITICAL,api-gateway,Memory usage exceeded threshold,2594,500,True
2026-04-18 12:28:49.978257,WARNING,notification-service,Session created for user,389,201,False
2026-04-18 12:30:52.978257,WARNING,inventory-service,Request processed successfully,161,201,False
2026-04-18 12:31:11.978257,WARNING,inventory-service,Request processed successfully,371,201,False
2026-04-18 12:34:06.978257,WARNING,notification-service,Cache hit for key,445,201,False
2026-04-18 12:38:21.978257,INFO,auth-service,Request processed successfully,327,201,False
2026-04-18 12:42:46.978257,WARNING,inventory-service,User authenticated,402,200,False
2026-04-18 12:46:00.978257,INFO,api-gateway,User authenticated,284,201,False
2026-04-18 12:49:46.978257,WARNING,payment-service,Order status updated,170,200,False
2026-04-18 12:56:21.978257,INFO,inventory-service,Health check passed,426,201,False
2026-04-18 12:59:42.978257,INFO,payment-service,Health check passed,182,200,False
2026-04-18 13:16:03.978257,CRITICAL,inventory-service,Database connection pool exhausted,2358,500,True
2026-04-18 13:17:09.978257,WARNING,inventory-service,Session created for user,254,201,False
2026-04-18 13:17:40.978257,INFO,auth-service,Request processed successfully,252,201,False
2026-04-18 13:17:49.978257,INFO,notification-service,Health check passed,150,200,False
2026-04-18 13:19:04.978257,ERROR,inventory-service,Service unreachable after 3 retries,4143,502,True
2026-04-18 13:23:35.978257,INFO,api-gateway,Database query executed in 273ms,273,200,False
2026-04-18 13:29:57.978257,INFO,auth-service,Cache hit for key,188,200,False
2026-04-18 13:35:27.978257,INFO,auth-service,Database query executed in 79ms,79,200,False
2026-04-18 13:38:04.978257,WARNING,payment-service,User authenticated,279,200,False
2026-04-18 13:40:57.978257,WARNING,payment-service,User authenticated,265,200,False
2026-04-18 13:42:54.978257,INFO,api-gateway,Health check passed,251,200,False
2026-04-18 13:52:46.978257,INFO,notification-service,Request processed successfully,141,200,False
2026-04-18 13:53:18.978257,INFO,auth-service,Cache hit for key,491,200,False
2026-04-18 13:59:20.978257,WARNING,payment-service,Session created for user,359,200,False
2026-04-18 14:03:58.978257,WARNING,inventory-service,Session created for user,137,201,False
2026-04-18 14:06:08.978257,INFO,api-gateway,Session created for user,372,201,False
2026-04-18 14:08:50.978257,INFO,auth-service,Session created for user,431,201,False
2026-04-18 14:09:57.978257,INFO,payment-service,Cache hit for key,431,201,False
2026-04-18 14:12:57.978257,WARNING,auth-service,User authenticated,313,201,False
2026-04-18 14:16:27.978257,WARNING,auth-service,Database query executed in 469ms,469,200,False
2026-04-18 14:21:48.978257,ERROR,notification-service,Connection timeout after 2960ms,2960,503,True
2026-04-18 14:28:47.978257,WARNING,api-gateway,Session created for user,335,201,False
2026-04-18 14:39:10.978257,WARNING,inventory-service,User authenticated,117,201,False
2026-04-18 14:43:06.978257,INFO,notification-service,Request processed successfully,140,200,False
2026-04-18 14:47:30.978257,ERROR,notification-service,Database connection pool exhausted,7406,500,True
2026-04-18 14:51:56.978257,WARNING,payment-service,User authenticated,219,200,False
2026-04-18 14:59:26.978257,INFO,api-gateway,User authenticated,326,200,False
2026-04-18 15:00:21.978257,WARNING,notification-service,Request processed successfully,301,200,False
2026-04-18 15:12:19.978257,INFO,auth-service,Cache hit for key,244,200,False
2026-04-18 15:13:21.978257,WARNING,auth-service,Order status updated,498,201,False
2026-04-18 15:15:52.978257,ERROR,api-gateway,Memory usage exceeded threshold,6106,500,True
2026-04-18 15:16:31.978257,WARNING,payment-service,Order status updated,252,201,False
2026-04-18 15:19:13.978257,INFO,auth-service,Database query executed in 499ms,499,201,False
2026-04-18 15:24:23.978257,INFO,notification-service,Cache hit for key,241,201,False
2026-04-18 15:24:51.978257,WARNING,api-gateway,Session created for user,216,201,False
2026-04-18 15:28:29.978257,WARNING,auth-service,Cache hit for key,494,201,False
2026-04-18 15:31:50.978257,WARNING,api-gateway,Session created for user,58,200,False
2026-04-18 15:37:30.978257,WARNING,notification-service,Cache hit for key,379,201,False
2026-04-18 15:57:44.978257,WARNING,inventory-service,Database query executed in 382ms,382,201,False
2026-04-18 16:08:32.978257,INFO,auth-service,Cache hit for key,337,200,False
2026-04-18 16:08:43.978257,WARNING,auth-service,Database query executed in 409ms,409,201,False
2026-04-18 16:09:12.978257,WARNING,payment-service,Request processed successfully,146,200,False
2026-04-18 16:11:54.978257,WARNING,notification-service,User authenticated,239,201,False
2026-04-18 16:14:14.978257,WARNING,inventory-service,Session created for user,500,200,False
2026-04-18 16:15:43.978257,ERROR,payment-service,Connection timeout after 7985ms,7985,502,True
2026-04-18 16:17:43.978257,INFO,payment-service,Database query executed in 426ms,426,201,False
2026-04-18 16:19:05.978257,INFO,auth-service,Health check passed,303,200,False
2026-04-18 16:22:29.978257,CRITICAL,auth-service,Service unreachable after 3 retries,8565,503,True
2026-04-18 16:26:54.978257,INFO,notification-service,Health check passed,115,200,False
2026-04-18 16:29:38.978257,INFO,payment-service,Database query executed in 426ms,426,200,False
2026-04-18 16:30:49.978257,WARNING,api-gateway,Database query executed in 266ms,266,201,False
2026-04-18 16:32:17.978257,INFO,notification-service,Order status updated,427,200,False
2026-04-18 16:34:12.978257,WARNING,api-gateway,Cache hit for key,245,200,False
2026-04-18 16:36:50.978257,INFO,auth-service,Database query executed in 199ms,199,200,False
2026-04-18 16:40:19.978257,WARNING,api-gateway,User authenticated,496,201,False
2026-04-18 16:40:29.978257,ERROR,payment-service,Unhandled exception in request pipeline,6991,503,True
2026-04-18 16:47:17.978257,WARNING,payment-service,Session created for user,102,200,False
2026-04-18 16:48:37.978257,WARNING,payment-service,Health check passed,360,201,False
2026-04-18 16:51:37.978257,WARNING,payment-service,Cache hit for key,402,201,False
2026-04-18 16:55:21.978257,INFO,inventory-service,Session created for user,477,201,False
2026-04-18 16:59:43.978257,INFO,inventory-service,Request processed successfully,138,201,False
2026-04-18 17:00:32.978257,WARNING,payment-service,User authenticated,215,200,False
2026-04-18 17:00:49.978257,WARNING,api-gateway,Database query executed in 471ms,471,200,False
2026-04-18 17:01:47.978257,INFO,api-gateway,Session created for user,298,200,False
2026-04-18 17:02:49.978257,WARNING,api-gateway,Health check passed,258,201,False
2026-04-18 17:09:52.978257,WARNING,inventory-service,User authenticated,236,200,False
2026-04-18 17:35:30.978257,WARNING,notification-service,Health check passed,195,201,False
2026-04-18 17:48:01.978257,WARNING,inventory-service,Health check passed,333,201,False
2026-04-18 17:53:00.978257,ERROR,notification-service,Connection timeout after 3589ms,3589,502,True
2026-04-18 17:55:54.978257,ERROR,payment-service,Connection timeout after 8153ms,8153,503,True
2026-04-18 18:06:45.978257,WARNING,inventory-service,Database query executed in 144ms,144,200,False
2026-04-18 18:09:13.978257,WARNING,api-gateway,Cache hit for key,357,201,False
2026-04-18 18:11:22.978257,WARNING,api-gateway,User authenticated,354,200,False
2026-04-18 18:11:59.978257,INFO,auth-service,Database query executed in 290ms,290,201,False
2026-04-18 18:14:59.978257,INFO,payment-service,Order status updated,237,201,False
2026-04-18 18:17:36.978257,ERROR,notification-service,Service unreachable after 3 retries,2500,500,True
2026-04-18 18:17:45.978257,WARNING,inventory-service,Request processed successfully,314,201,False
2026-04-18 18:27:43.978257,CRITICAL,notification-service,Unhandled exception in request pipeline,8557,502,True
2026-04-18 18:30:37.978257,WARNING,auth-service,Cache hit for key,382,201,False
2026-04-18 18:39:27.978257,INFO,api-gateway,Database query executed in 297ms,297,200,False
2026-04-18 18:41:58.978257,INFO,inventory-service,Session created for user,84,201,False
2026-04-18 18:45:16.978257,INFO,api-gateway,Request processed successfully,179,201,False
2026-04-18 18:45:51.978257,INFO,inventory-service,Cache hit for key,371,200,False
2026-04-18 18:46:29.978257,INFO,auth-service,User authenticated,360,200,False
2026-04-18 18:49:56.978257,WARNING,auth-service,Request processed successfully,154,200,False
2026-04-18 18:50:50.978257,INFO,auth-service,Database query executed in 359ms,359,201,False
2026-04-18 18:54:30.978257,WARNING,api-gateway,Health check passed,59,201,False
2026-04-18 18:57:33.978257,INFO,payment-service,Database query executed in 409ms,409,200,False
2026-04-18 19:01:25.978257,INFO,inventory-service,Session created for user,286,200,False
2026-04-18 19:03:34.978257,INFO,payment-service,Health check passed,189,200,False
2026-04-18 19:09:48.978257,WARNING,api-gateway,Order status updated,330,200,False
2026-04-18 19:09:53.978257,INFO,payment-service,Request processed successfully,270,201,False
2026-04-18 19:10:42.978257,WARNING,notification-service,User authenticated,455,201,False
2026-04-18 19:11:07.978257,WARNING,notification-service,Session created for user,318,200,False
2026-04-18 19:32:37.978257,WARNING,notification-service,Session created for user,300,200,False
2026-04-18 19:42:41.978257,INFO,auth-service,Health check passed,241,200,False
2026-04-18 19:46:30.978257,INFO,auth-service,Health check passed,93,201,False
2026-04-18 19:47:28.978257,INFO,payment-service,User authenticated,269,201,False
2026-04-18 19:50:35.978257,INFO,notification-service,Order status updated,374,200,False
2026-04-18 19:58:38.978257,WARNING,payment-service,Order status updated,448,201,False
2026-04-18 19:59:23.978257,INFO,notification-service,Database query executed in 104ms,104,201,False
2026-04-18 20:00:51.978257,WARNING,auth-service,Database query executed in 136ms,136,201,False
2026-04-18 20:06:41.978257,WARNING,inventory-service,Database query executed in 156ms,156,200,False
2026-04-18 20:07:39.978257,WARNING,notification-service,User authenticated,295,201,False
2026-04-18 20:08:42.978257,INFO,payment-service,Request processed successfully,415,201,False
2026-04-18 20:11:04.978257,WARNING,notification-service,Health check passed,65,201,False
2026-04-18 20:12:49.978257,INFO,auth-service,Health check passed,287,201,False
2026-04-18 20:13:39.978257,WARNING,api-gateway,Cache hit for key,237,200,False
2026-04-18 20:16:07.978257,WARNING,inventory-service,Request processed successfully,463,201,False
2026-04-18 20:16:10.978257,WARNING,auth-service,Session created for user,254,200,False
2026-04-18 20:18:21.978257,INFO,auth-service,Health check passed,203,201,False
2026-04-18 20:29:46.978257,WARNING,notification-service,Database query executed in 465ms,465,200,False
2026-04-18 20:33:19.978257,INFO,payment-service,User authenticated,316,201,False
2026-04-18 20:33:39.978257,INFO,notification-service,Database query executed in 276ms,276,200,False
2026-04-18 20:33:40.978257,WARNING,auth-service,Session created for user,197,201,False
2026-04-18 20:33:43.978257,WARNING,payment-service,Order status updated,485,201,False
2026-04-18 20:35:05.978257,WARNING,notification-service,Request processed successfully,462,200,False
2026-04-18 20:44:31.978257,INFO,api-gateway,User authenticated,178,200,False
2026-04-18 20:58:12.978257,INFO,payment-service,Health check passed,108,201,False
2026-04-18 20:58:55.978257,INFO,notification-service,Database query executed in 159ms,159,200,False
2026-04-18 21:03:56.978257,WARNING,inventory-service,User authenticated,199,201,False
2026-04-18 21:17:11.978257,WARNING,notification-service,Health check passed,76,200,False
2026-04-18 21:26:47.978257,INFO,notification-service,Cache hit for key,488,201,False
2026-04-18 21:30:49.978257,INFO,payment-service,Request processed successfully,282,201,False
2026-04-18 21:37:37.978257,ERROR,auth-service,Unhandled exception in request pipeline,6324,500,True
2026-04-18 21:38:44.978257,INFO,inventory-service,Order status updated,360,201,False
2026-04-18 21:41:59.978257,INFO,auth-service,Session created for user,395,201,False
2026-04-18 21:46:00.978257,WARNING,payment-service,User authenticated,358,201,False
2026-04-18 21:48:52.978257,WARNING,notification-service,Cache hit for key,483,200,False
2026-04-18 21:50:09.978257,INFO,auth-service,Order status updated,307,201,False
2026-04-18 21:51:15.978257,INFO,auth-service,User authenticated,320,200,False
2026-04-18 21:59:23.978257,INFO,auth-service,Database query executed in 167ms,167,201,False
2026-04-18 22:05:01.978257,INFO,payment-service,Cache hit for key,402,201,False
2026-04-18 22:10:41.978257,WARNING,auth-service,Session created for user,140,201,False
2026-04-18 22:14:53.978257,INFO,inventory-service,Session created for user,215,200,False
2026-04-18 22:14:59.978257,WARNING,notification-service,Request processed successfully,491,200,False
2026-04-18 22:15:34.978257,WARNING,payment-service,User authenticated,131,201,False
2026-04-18 22:32:40.978257,WARNING,payment-service,Health check passed,75,201,False
2026-04-18 22:33:12.978257,WARNING,notification-service,Database query executed in 484ms,484,201,False
2026-04-18 22:36:36.978257,CRITICAL,notification-service,Unhandled exception in request pipeline,4316,502,True
2026-04-18 22:38:11.978257,INFO,payment-service,Request processed successfully,111,201,False
2026-04-18 22:42:30.978257,INFO,payment-service,Health check passed,444,200,False
2026-04-18 22:46:51.978257,INFO,notification-service,Database query executed in 371ms,371,200,False
2026-04-18 22:54:13.978257,WARNING,auth-service,Session created for user,328,200,False
2026-04-18 23:01:33.978257,WARNING,auth-service,Session created for user,344,200,False
2026-04-18 23:09:50.978257,INFO,notification-service,Health check passed,77,200,False
2026-04-18 23:12:01.978257,ERROR,api-gateway,Unhandled exception in request pipeline,6125,503,True
2026-04-18 23:12:03.978257,INFO,notification-service,Request processed successfully,368,201,False
2026-04-18 23:12:40.978257,WARNING,auth-service,Request processed successfully,229,201,False
2026-04-18 23:13:10.978257,WARNING,notification-service,User authenticated,216,201,False
2026-04-18 23:35:57.978257,WARNING,inventory-service,Cache hit for key,62,200,False
2026-04-18 23:37:01.978257,INFO,inventory-service,User authenticated,402,201,False
2026-04-18 23:51:00.978257,CRITICAL,api-gateway,Unhandled exception in request pipeline,6748,500,True
2026-04-18 23:52:09.978257,INFO,payment-service,User authenticated,376,200,False
2026-04-18 23:52:12.978257,INFO,auth-service,User authenticated,67,201,False
2026-04-18 23:54:25.978257,INFO,api-gateway,Database query executed in 332ms,332,201,False
2026-04-18 23:58:40.978257,INFO,auth-service,Cache hit for key,427,201,False
2026-04-19 00:02:26.978257,WARNING,auth-service,Health check passed,231,201,False
2026-04-19 00:03:08.978257,INFO,api-gateway,Order status updated,95,200,False
2026-04-19 00:04:27.978257,INFO,auth-service,Session created for user,111,201,False
2026-04-19 00:06:26.978257,INFO,api-gateway,Order status updated,241,200,False
2026-04-19 00:09:38.978257,ERROR,payment-service,Unhandled exception in request pipeline,3888,502,True
2026-04-19 00:16:02.978257,WARNING,payment-service,Health check passed,97,201,False
2026-04-19 00:21:34.978257,WARNING,payment-service,Order status updated,278,201,False
2026-04-19 00:25:06.978257,INFO,inventory-service,User authenticated,325,201,False
2026-04-19 00:26:26.978257,INFO,payment-service,Database query executed in 117ms,117,200,False
2026-04-19 00:35:00.978257,INFO,notification-service,Health check passed,249,201,False
2026-04-19 00:42:34.978257,WARNING,inventory-service,Request processed successfully,174,200,False
2026-04-19 00:56:12.978257,WARNING,payment-service,Session created for user,345,200,False
2026-04-19 00:58:04.978257,INFO,notification-service,Order status updated,210,200,False
2026-04-19 01:07:25.978257,WARNING,auth-service,Request processed successfully,258,200,False
2026-04-19 01:08:30.978257,WARNING,auth-service,User authenticated,327,200,False
2026-04-19 01:37:38.978257,WARNING,notification-service,Database query executed in 401ms,401,201,False
2026-04-19 01:48:24.978257,WARNING,api-gateway,Session created for user,333,200,False
2026-04-19 01:50:08.978257,INFO,inventory-service,Database query executed in 310ms,310,200,False
2026-04-19 01:54:03.978257,WARNING,inventory-service,Database query executed in 109ms,109,200,False
2026-04-19 01:57:51.978257,INFO,payment-service,User authenticated,84,201,False
2026-04-19 02:00:39.978257,INFO,auth-service,Health check passed,446,200,False
2026-04-19 02:06:54.978257,INFO,api-gateway,Cache hit for key,296,200,False
2026-04-19 02:09:31.978257,WARNING,api-gateway,Health check passed,197,200,False
2026-04-19 02:10:46.978257,INFO,inventory-service,Database query executed in 61ms,61,200,False
2026-04-19 02:12:22.978257,INFO,payment-service,Order status updated,261,200,False
2026-04-19 02:16:53.978257,WARNING,payment-service,Database query executed in 217ms,217,200,False
2026-04-19 02:17:12.978257,INFO,auth-service,Database query executed in 320ms,320,201,False
2026-04-19 02:23:44.978257,INFO,auth-service,Cache hit for key,99,200,False
2026-04-19 02:24:00.978257,ERROR,notification-service,Connection timeout after 7228ms,7228,502,True
2026-04-19 02:25:54.978257,INFO,inventory-service,Database query executed in 63ms,63,201,False
2026-04-19 02:28:24.978257,INFO,payment-service,Health check passed,168,201,False
2026-04-19 02:32:03.978257,INFO,api-gateway,Order status updated,191,200,False
2026-04-19 02:37:23.978257,WARNING,api-gateway,User authenticated,93,200,False
2026-04-19 02:55:32.978257,WARNING,payment-service,Order status updated,391,201,False
2026-04-19 02:56:46.978257,WARNING,auth-service,Order status updated,54,200,False
2026-04-19 03:22:42.978257,WARNING,api-gateway,Health check passed,71,201,False
2026-04-19 03:24:18.978257,WARNING,api-gateway,User authenticated,473,200,False
2026-04-19 03:24:56.978257,INFO,auth-service,Database query executed in 387ms,387,201,False
2026-04-19 03:29:00.978257,WARNING,inventory-service,Database query executed in 192ms,192,201,False
2026-04-19 03:32:12.978257,INFO,auth-service,User authenticated,280,201,False
2026-04-19 03:34:30.978257,INFO,notification-service,User authenticated,79,200,False
2026-04-19 03:34:49.978257,CRITICAL,api-gateway,Database connection pool exhausted,7425,503,True
2026-04-19 03:40:57.978257,INFO,auth-service,Order status updated,66,201,False
2026-04-19 03:41:09.978257,WARNING,notification-service,Request processed successfully,139,200,False
2026-04-19 03:57:52.978257,INFO,notification-service,Cache hit for key,110,200,False
2026-04-19 03:58:28.978257,WARNING,inventory-service,Cache hit for key,226,201,False
2026-04-19 03:59:31.978257,ERROR,auth-service,Service unreachable after 3 retries,3799,500,True
2026-04-19 04:00:12.978257,INFO,notification-service,Health check passed,64,200,False
2026-04-19 04:00:15.978257,WARNING,api-gateway,Request processed successfully,429,201,False
2026-04-19 04:06:30.978257,WARNING,payment-service,User authenticated,67,201,False
2026-04-19 04:06:55.978257,INFO,auth-service,User authenticated,230,201,False
2026-04-19 04:08:43.978257,WARNING,api-gateway,Database query executed in 352ms,352,201,False
2026-04-19 04:11:47.978257,INFO,payment-service,Database query executed in 265ms,265,200,False
2026-04-19 04:23:32.978257,WARNING,api-gateway,Request processed successfully,244,201,False
2026-04-19 04:30:31.978257,WARNING,inventory-service,Order status updated,254,200,False
2026-04-19 04:32:11.978257,WARNING,inventory-service,User authenticated,280,200,False
2026-04-19 04:35:01.978257,WARNING,api-gateway,User authenticated,468,201,False
2026-04-19 04:35:18.978257,INFO,api-gateway,Database query executed in 169ms,169,201,False
2026-04-19 04:43:32.978257,WARNING,payment-service,Request processed successfully,121,200,False
2026-04-19 04:47:26.978257,INFO,notification-service,Cache hit for key,301,200,False
2026-04-19 04:53:42.978257,INFO,auth-service,Order status updated,115,200,False
2026-04-19 05:01:04.978257,WARNING,notification-service,User authenticated,147,201,False
2026-04-19 05:01:38.978257,INFO,api-gateway,Request processed successfully,84,201,False
2026-04-19 05:02:01.978257,WARNING,payment-service,Session created for user,378,201,False
2026-04-19 05:08:46.978257,INFO,auth-service,Session created for user,256,201,False
2026-04-19 05:08:59.978257,INFO,auth-service,Session created for user,214,200,False
2026-04-19 05:17:51.978257,WARNING,auth-service,Order status updated,374,201,False
2026-04-19 05:21:35.978257,INFO,notification-service,Cache hit for key,146,201,False
2026-04-19 05:26:27.978257,CRITICAL,auth-service,Database connection pool exhausted,8006,502,True
2026-04-19 05:35:29.978257,INFO,auth-service,Health check passed,447,201,False
2026-04-19 05:37:47.978257,INFO,inventory-service,Database query executed in 70ms,70,200,False
2026-04-19 05:42:55.978257,INFO,auth-service,User authenticated,200,200,False
2026-04-19 05:52:14.978257,INFO,notification-service,User authenticated,434,200,False
2026-04-19 06:07:17.978257,WARNING,payment-service,Order status updated,253,200,False
2026-04-19 06:17:13.978257,WARNING,api-gateway,Order status updated,222,201,False
2026-04-19 06:21:45.978257,INFO,auth-service,Order status updated,77,201,False
2026-04-19 06:26:00.978257,INFO,auth-service,User authenticated,360,201,False
2026-04-19 06:27:15.978257,INFO,inventory-service,Order status updated,439,201,False
2026-04-19 06:32:50.978257,WARNING,inventory-service,Database query executed in 409ms,409,201,False
2026-04-19 06:38:38.978257,WARNING,notification-service,Cache hit for key,217,201,False
2026-04-19 06:40:14.978257,WARNING,payment-service,Request processed successfully,192,201,False
2026-04-19 06:41:45.978257,INFO,notification-service,Order status updated,249,200,False
2026-04-19 06:41:59.978257,INFO,auth-service,Order status updated,63,200,False
2026-04-19 06:52:14.978257,WARNING,auth-service,Order status updated,143,201,False
2026-04-19 06:54:26.978257,WARNING,inventory-service,User authenticated,84,200,False
2026-04-19 06:56:42.978257,CRITICAL,inventory-service,Service unreachable after 3 retries,8533,503,True
2026-04-19 07:02:33.978257,INFO,api-gateway,Request processed successfully,223,201,False
2026-04-19 07:03:50.978257,INFO,payment-service,Health check passed,247,201,False
2026-04-19 07:04:37.978257,ERROR,notification-service,Unhandled exception in request pipeline,7582,502,True
2026-04-19 07:04:59.978257,CRITICAL,notification-service,Connection timeout after 4044ms,4044,500,True
2026-04-19 07:06:53.978257,INFO,inventory-service,Cache hit for key,442,200,False
2026-04-19 07:10:02.978257,WARNING,api-gateway,Health check passed,487,200,False
2026-04-19 07:15:52.978257,INFO,inventory-service,User authenticated,63,201,False
2026-04-19 07:18:20.978257,INFO,notification-service,Cache hit for key,387,200,False
2026-04-19 07:20:51.978257,WARNING,notification-service,Health check passed,142,200,False
2026-04-19 07:22:12.978257,WARNING,auth-service,User authenticated,319,201,False
2026-04-19 07:28:36.978257,WARNING,payment-service,Order status updated,349,200,False
2026-04-19 07:28:51.978257,INFO,notification-service,Order status updated,147,201,False
2026-04-19 07:31:13.978257,INFO,payment-service,Database query executed in 485ms,485,200,False
2026-04-19 07:36:40.978257,INFO,inventory-service,Session created for user,387,201,False
2026-04-19 07:38:15.978257,INFO,notification-service,User authenticated,468,201,False
2026-04-19 07:46:06.978257,WARNING,auth-service,Health check passed,303,201,False
2026-04-19 07:47:50.978257,INFO,notification-service,Cache hit for key,91,200,False
2026-04-19 07:48:46.978257,CRITICAL,payment-service,Unhandled exception in request pipeline,4990,502,True
2026-04-19 08:00:12.978257,INFO,inventory-service,Cache hit for key,378,200,False
2026-04-19 08:05:03.978257,INFO,payment-service,Request processed successfully,320,200,False
2026-04-19 08:06:08.978257,INFO,notification-service,Order status updated,460,201,False
2026-04-19 08:07:20.978257,INFO,inventory-service,Order status updated,279,201,False
2026-04-19 08:07:37.978257,INFO,auth-service,Database query executed in 66ms,66,201,False
2026-04-19 08:08:08.978257,INFO,api-gateway,Order status updated,146,201,False
2026-04-19 08:11:58.978257,INFO,inventory-service,Health check passed,489,200,False
2026-04-19 08:12:54.978257,ERROR,inventory-service,Memory usage exceeded threshold,2216,502,True
2026-04-19 08:21:05.978257,INFO,inventory-service,Cache hit for key,416,201,False
2026-04-19 08:23:42.978257,WARNING,payment-service,Database query executed in 121ms,121,201,False
2026-04-19 08:25:00.978257,WARNING,notification-service,Database query executed in 491ms,491,200,False
2026-04-19 08:30:32.978257,WARNING,inventory-service,Session created for user,497,201,False
2026-04-19 08:32:11.978257,WARNING,notification-service,Session created for user,82,200,False
2026-04-19 08:34:48.978257,INFO,auth-service,Health check passed,321,200,False
2026-04-19 08:42:31.978257,WARNING,api-gateway,Request processed successfully,139,201,False
2026-04-19 08:44:02.978257,INFO,notification-service,Database query executed in 188ms,188,200,False
2026-04-19 08:51:32.978257,INFO,api-gateway,Cache hit for key,69,200,False
2026-04-19 08:57:36.978257,INFO,api-gateway,User authenticated,183,200,False
2026-04-19 08:59:34.978257,INFO,inventory-service,Database query executed in 426ms,426,201,False
2026-04-19 09:00:17.978257,WARNING,auth-service,Session created for user,199,201,False
2026-04-19 09:00:22.978257,WARNING,api-gateway,User authenticated,295,201,False
2026-04-19 09:01:37.978257,INFO,api-gateway,Session created for user,331,200,False
2026-04-19 09:16:54.978257,WARNING,api-gateway,Cache hit for key,308,201,False
2026-04-19 09:19:08.978257,INFO,inventory-service,Health check passed,282,200,False
2026-04-19 09:19:46.978257,INFO,notification-service,Request processed successfully,283,201,False
2026-04-19 09:36:47.978257,INFO,inventory-service,Session created for user,68,201,False
2026-04-19 09:40:58.978257,WARNING,notification-service,Session created for user,446,201,False
2026-04-19 09:41:41.978257,INFO,inventory-service,Order status updated,385,200,False
2026-04-19 09:41:58.978257,INFO,api-gateway,Cache hit for key,204,201,False
2026-04-19 09:50:06.978257,INFO,notification-service,Session created for user,275,200,False
2026-04-19 09:56:42.978257,INFO,inventory-service,Cache hit for key,330,201,False
2026-04-19 10:01:00.978257,WARNING,notification-service,Order status updated,416,200,False
2026-04-19 10:09:33.978257,INFO,notification-service,User authenticated,364,201,False
2026-04-19 10:22:21.978257,INFO,auth-service,User authenticated,234,200,False
2026-04-19 10:28:31.978257,CRITICAL,payment-service,Service unreachable after 3 retries,3549,500,True
2026-04-19 10:31:28.978257,INFO,payment-service,Order status updated,80,200,False
2026-04-19 10:32:49.978257,INFO,api-gateway,Health check passed,255,201,False
2026-04-19 10:34:13.978257,WARNING,notification-service,Order status updated,233,200,False
2026-04-19 10:34:36.978257,CRITICAL,payment-service,Service unreachable after 3 retries,7856,500,True
2026-04-19 10:46:19.978257,WARNING,inventory-service,Health check passed,464,200,False
2026-04-19 10:52:16.978257,WARNING,notification-service,User authenticated,302,201,False
2026-04-19 10:53:02.978257,WARNING,notification-service,Request processed successfully,115,201,False
2026-04-19 10:53:14.978257,INFO,payment-service,Request processed successfully,450,200,False
2026-04-19 10:54:57.978257,INFO,auth-service,User authenticated,340,201,False
2026-04-19 10:59:51.978257,WARNING,api-gateway,Health check passed,184,200,False
2026-04-19 11:01:20.978257,WARNING,inventory-service,Order status updated,303,200,False
2026-04-19 11:06:51.978257,INFO,api-gateway,Cache hit for key,204,201,False
2026-04-19 11:19:24.978257,INFO,api-gateway,Database query executed in 391ms,391,200,False
2026-04-19 11:20:47.978257,WARNING,api-gateway,Order status updated,411,201,False
2026-04-19 11:22:39.978257,INFO,api-gateway,Cache hit for key,58,200,False
2026-04-19 11:25:35.978257,WARNING,auth-service,Database query executed in 153ms,153,200,False
2026-04-19 11:28:46.978257,CRITICAL,payment-service,Unhandled exception in request pipeline,3992,500,True
2026-04-19 11:35:27.978257,WARNING,notification-service,Database query executed in 298ms,298,201,False
2026-04-19 11:43:53.978257,ERROR,inventory-service,Unhandled exception in request pipeline,4252,500,True
2026-04-19 11:44:43.978257,ERROR,api-gateway,Service unreachable after 3 retries,6702,500,True
2026-04-19 11:49:52.978257,INFO,notification-service,Cache hit for key,400,201,False
2026-04-19 12:06:02.978257,CRITICAL,auth-service,Memory usage exceeded threshold,5841,502,True
2026-04-19 12:06:56.978257,WARNING,auth-service,Health check passed,470,201,False
2026-04-19 12:10:05.978257,WARNING,payment-service,Health check passed,308,200,False
2026-04-19 12:16:05.978257,WARNING,payment-service,Database query executed in 287ms,287,200,False
2026-04-19 12:17:36.978257,INFO,api-gateway,Request processed successfully,237,201,False
2026-04-19 12:22:16.978257,WARNING,payment-service,Health check passed,69,200,False
2026-04-19 12:34:46.978257,WARNING,payment-service,Session created for user,164,200,False
2026-04-19 12:49:00.978257,INFO,auth-service,Request processed successfully,94,201,False
2026-04-19 12:50:14.978257,INFO,payment-service,Cache hit for key,485,201,False
2026-04-19 12:52:21.978257,CRITICAL,auth-service,Connection timeout after 4700ms,4700,503,True
2026-04-19 13:01:21.978257,WARNING,inventory-service,Order status updated,443,201,False
2026-04-19 13:03:42.978257,INFO,api-gateway,Order status updated,89,201,False
2026-04-19 13:07:02.978257,INFO,api-gateway,User authenticated,452,200,False
2026-04-19 13:14:26.978257,WARNING,inventory-service,Order status updated,340,200,False
2026-04-19 13:14:59.978257,INFO,api-gateway,Session created for user,362,200,False
2026-04-19 13:15:45.978257,CRITICAL,api-gateway,Unhandled exception in request pipeline,3424,500,True
2026-04-19 13:16:00.978257,INFO,api-gateway,Order status updated,430,200,False
2026-04-19 13:18:56.978257,WARNING,inventory-service,Health check passed,182,200,False
2026-04-19 13:24:21.978257,WARNING,api-gateway,Health check passed,380,201,False
2026-04-19 13:24:41.978257,INFO,inventory-service,Cache hit for key,148,201,False
2026-04-19 13:35:59.978257,ERROR,auth-service,Connection timeout after 7776ms,7776,503,True
2026-04-19 13:37:33.978257,WARNING,auth-service,User authenticated,308,200,False
2026-04-19 13:39:36.978257,INFO,payment-service,Session created for user,280,200,False
2026-04-19 13:45:26.978257,WARNING,inventory-service,Session created for user,270,200,False
2026-04-19 13:47:13.978257,CRITICAL,api-gateway,Unhandled exception in request pipeline,7773,500,True
2026-04-19 13:48:16.978257,INFO,auth-service,Order status updated,150,201,False
2026-04-19 13:49:28.978257,INFO,auth-service,Session created for user,373,200,False
2026-04-19 13:51:50.978257,INFO,notification-service,Health check passed,219,200,False
2026-04-19 13:55:50.978257,INFO,inventory-service,Order status updated,88,201,False
2026-04-19 13:59:20.978257,INFO,notification-service,User authenticated,466,201,False
2026-04-19 14:02:48.978257,INFO,auth-service,Health check passed,250,201,False
2026-04-19 14:09:10.978257,INFO,auth-service,User authenticated,240,200,False
2026-04-19 14:10:26.978257,WARNING,auth-service,Session created for user,100,201,False
2026-04-19 14:10:58.978257,WARNING,notification-service,Session created for user,429,200,False
2026-04-19 14:13:37.978257,WARNING,auth-service,Request processed successfully,189,200,False
2026-04-19 14:19:57.978257,INFO,payment-service,Database query executed in 93ms,93,200,False
2026-04-19 14:24:18.978257,INFO,inventory-service,Request processed successfully,500,200,False
2026-04-19 14:35:21.978257,INFO,notification-service,Database query executed in 115ms,115,200,False
2026-04-19 14:50:45.978257,ERROR,notification-service,Memory usage exceeded threshold,3924,503,True
2026-04-19 14:51:36.978257,WARNING,payment-service,Session created for user,133,201,False
2026-04-19 15:04:57.978257,WARNING,payment-service,User authenticated,112,200,False
2026-04-19 15:07:03.978257,WARNING,payment-service,Health check passed,134,201,False
2026-04-19 15:07:40.978257,WARNING,api-gateway,User authenticated,61,200,False
2026-04-19 15:07:43.978257,INFO,auth-service,Health check passed,379,201,False
2026-04-19 15:11:46.978257,INFO,payment-service,Cache hit for key,168,201,False
2026-04-19 15:16:22.978257,INFO,api-gateway,Cache hit for key,232,200,False
2026-04-19 15:25:32.978257,INFO,api-gateway,Health check passed,465,200,False
2026-04-19 15:29:54.978257,WARNING,payment-service,Database query executed in 421ms,421,201,False
2026-04-19 15:29:57.978257,INFO,payment-service,User authenticated,223,201,False
2026-04-19 15:31:12.978257,INFO,api-gateway,Session created for user,202,201,False
2026-04-19 15:34:46.978257,INFO,inventory-service,Health check passed,433,201,False
2026-04-19 15:47:05.978257,WARNING,payment-service,Health check passed,220,201,False
2026-04-19 15:49:49.978257,WARNING,notification-service,Order status updated,142,200,False
2026-04-19 15:55:01.978257,INFO,api-gateway,Health check passed,91,201,False
2026-04-19 15:56:23.978257,INFO,notification-service,Health check passed,169,201,False
2026-04-19 16:02:28.978257,WARNING,auth-service,Cache hit for key,370,200,False
2026-04-19 16:04:24.978257,WARNING,inventory-service,Health check passed,313,201,False
2026-04-19 16:10:27.978257,INFO,notification-service,Order status updated,368,201,False
2026-04-19 16:10:48.978257,ERROR,api-gateway,Unhandled exception in request pipeline,7183,500,True
2026-04-19 16:13:34.978257,ERROR,notification-service,Memory usage exceeded threshold,8652,500,True
2026-04-19 16:25:37.978257,WARNING,auth-service,Health check passed,426,200,False
2026-04-19 16:27:31.978257,INFO,auth-service,User authenticated,235,201,False
2026-04-19 16:31:17.978257,WARNING,inventory-service,Database query executed in 311ms,311,201,False
2026-04-19 16:31:28.978257,INFO,notification-service,Cache hit for key,427,200,False
2026-04-19 16:32:54.978257,INFO,notification-service,Session created for user,378,201,False
2026-04-19 16:34:29.978257,WARNING,auth-service,Session created for user,93,201,False
2026-04-19 16:35:34.978257,WARNING,auth-service,Request processed successfully,483,201,False
2026-04-19 16:43:20.978257,INFO,auth-service,Health check passed,209,200,False
2026-04-19 16:44:05.978257,INFO,inventory-service,Cache hit for key,403,200,False
2026-04-19 16:45:50.978257,WARNING,auth-service,User authenticated,109,201,False
2026-04-19 16:51:54.978257,INFO,notification-service,Health check passed,239,200,False
2026-04-19 17:04:56.978257,INFO,inventory-service,Cache hit for key,213,200,False
2026-04-19 17:07:23.978257,ERROR,notification-service,Unhandled exception in request pipeline,8352,500,True
2026-04-19 17:12:33.978257,INFO,auth-service,Order status updated,105,201,False
2026-04-19 17:12:50.978257,WARNING,api-gateway,Order status updated,494,201,False
2026-04-19 17:15:00.978257,INFO,payment-service,Health check passed,310,200,False
2026-04-19 17:17:13.978257,INFO,api-gateway,Cache hit for key,53,200,False
2026-04-19 17:17:55.978257,ERROR,api-gateway,Database connection pool exhausted,7201,500,True
2026-04-19 17:18:14.978257,WARNING,inventory-service,Database query executed in 98ms,98,201,False
2026-04-19 17:21:38.978257,WARNING,notification-service,Session created for user,396,200,False
2026-04-19 17:26:32.978257,WARNING,payment-service,Session created for user,123,200,False
2026-04-19 17:29:34.978257,INFO,api-gateway,Order status updated,461,201,False
2026-04-19 17:32:33.978257,INFO,payment-service,Session created for user,302,201,False
2026-04-19 17:34:59.978257,WARNING,auth-service,Request processed successfully,149,201,False
2026-04-19 17:37:04.978257,WARNING,api-gateway,Order status updated,219,200,False
2026-04-19 17:45:01.978257,WARNING,auth-service,Database query executed in 439ms,439,201,False
2026-04-19 17:48:19.978257,WARNING,auth-service,Order status updated,472,200,False
2026-04-19 18:00:16.978257,WARNING,notification-service,Health check passed,247,201,False
2026-04-19 18:02:32.978257,WARNING,payment-service,Database query executed in 361ms,361,201,False
2026-04-19 18:02:53.978257,WARNING,notification-service,Order status updated,322,200,False
2026-04-19 18:08:04.978257,WARNING,inventory-service,Request processed successfully,254,201,False
2026-04-19 18:11:28.978257,WARNING,notification-service,Health check passed,427,201,False
2026-04-19 18:13:23.978257,INFO,auth-service,Health check passed,106,200,False
2026-04-19 18:17:22.978257,WARNING,payment-service,Order status updated,452,201,False
2026-04-19 18:17:53.978257,WARNING,api-gateway,Database query executed in 171ms,171,200,False
2026-04-19 18:29:26.978257,INFO,api-gateway,Database query executed in 426ms,426,200,False
2026-04-19 18:35:42.978257,WARNING,payment-service,User authenticated,497,200,False
2026-04-19 18:37:50.978257,INFO,api-gateway,Order status updated,91,200,False
2026-04-19 18:39:48.978257,WARNING,auth-service,Health check passed,342,200,False
2026-04-19 18:46:18.978257,WARNING,inventory-service,Request processed successfully,275,200,False
2026-04-19 18:49:06.978257,INFO,inventory-service,Cache hit for key,212,201,False
2026-04-19 18:49:29.978257,INFO,inventory-service,Request processed successfully,317,201,False
2026-04-19 18:56:46.978257,ERROR,notification-service,Service unreachable after 3 retries,8351,500,True
2026-04-19 18:56:51.978257,INFO,auth-service,Order status updated,297,200,False
2026-04-19 19:01:28.978257,WARNING,payment-service,Order status updated,138,200,False
2026-04-19 19:01:39.978257,INFO,payment-service,Order status updated,308,200,False
2026-04-19 19:01:59.978257,WARNING,payment-service,Cache hit for key,193,201,False
2026-04-19 19:12:45.978257,WARNING,payment-service,Order status updated,99,201,False
2026-04-19 19:14:30.978257,WARNING,inventory-service,Health check passed,85,200,False
2026-04-19 19:15:16.978257,INFO,inventory-service,Request processed successfully,166,200,False
2026-04-19 19:15:25.978257,INFO,payment-service,Request processed successfully,393,200,False
2026-04-19 19:18:10.978257,WARNING,inventory-service,Session created for user,379,201,False
2026-04-19 19:22:41.978257,INFO,auth-service,Order status updated,297,200,False
2026-04-19 19:25:25.978257,INFO,inventory-service,User authenticated,373,200,False
2026-04-19 19:32:37.978257,CRITICAL,auth-service,Connection timeout after 8348ms,8348,500,True
2026-04-19 19:33:39.978257,ERROR,auth-service,Memory usage exceeded threshold,4751,503,True
2026-04-19 19:36:58.978257,CRITICAL,notification-service,Service unreachable after 3 retries,4415,502,True
2026-04-19 19:43:31.978257,CRITICAL,auth-service,Service unreachable after 3 retries,8721,502,True
2026-04-19 19:44:14.978257,WARNING,notification-service,Request processed successfully,159,201,False
2026-04-19 19:48:00.978257,WARNING,inventory-service,Cache hit for key,327,200,False
2026-04-19 19:54:06.978257,WARNING,payment-service,Cache hit for key,215,201,False
2026-04-19 20:01:34.978257,INFO,auth-service,Cache hit for key,284,201,False
2026-04-19 20:03:14.978257,WARNING,auth-service,Database query executed in 128ms,128,201,False
2026-04-19 20:05:48.978257,INFO,api-gateway,Order status updated,213,201,False
2026-04-19 20:07:37.978257,INFO,auth-service,Request processed successfully,109,201,False
2026-04-19 20:09:06.978257,WARNING,inventory-service,Request processed successfully,441,200,False
2026-04-19 20:13:17.978257,INFO,payment-service,User authenticated,261,201,False
2026-04-19 20:14:27.978257,INFO,payment-service,Health check passed,125,200,False
2026-04-19 20:29:18.978257,WARNING,api-gateway,User authenticated,182,201,False
2026-04-19 20:30:57.978257,WARNING,payment-service,User authenticated,170,200,False
2026-04-19 20:31:32.978257,INFO,inventory-service,Request processed successfully,469,201,False
2026-04-19 20:32:53.978257,INFO,api-gateway,Session created for user,202,200,False
2026-04-19 20:49:19.978257,WARNING,payment-service,Cache hit for key,195,201,False
2026-04-19 20:53:37.978257,WARNING,payment-service,Session created for user,368,201,False
2026-04-19 21:00:41.978257,INFO,payment-service,Database query executed in 441ms,441,201,False
2026-04-19 21:02:03.978257,WARNING,auth-service,Order status updated,94,201,False
2026-04-19 21:03:30.978257,ERROR,auth-service,Connection timeout after 2365ms,2365,500,True
2026-04-19 21:05:47.978257,INFO,payment-service,Request processed successfully,360,200,False
2026-04-19 21:08:05.978257,WARNING,inventory-service,Order status updated,203,201,False
2026-04-19 21:12:47.978257,INFO,inventory-service,Health check passed,470,201,False
2026-04-19 21:13:09.978257,CRITICAL,notification-service,Service unreachable after 3 retries,8694,503,True
2026-04-19 21:14:27.978257,WARNING,notification-service,Request processed successfully,88,200,False
2026-04-19 21:16:29.978257,WARNING,auth-service,Session created for user,310,200,False
2026-04-19 21:17:42.978257,ERROR,payment-service,Database connection pool exhausted,4157,503,True
2026-04-19 21:29:32.978257,INFO,auth-service,Request processed successfully,339,201,False
2026-04-19 21:32:27.978257,INFO,auth-service,Request processed successfully,421,201,False
2026-04-19 21:37:43.978257,WARNING,payment-service,Health check passed,389,201,False
2026-04-19 21:43:30.978257,INFO,api-gateway,Database query executed in 135ms,135,200,False
2026-04-19 21:45:52.978257,WARNING,notification-service,Request processed successfully,350,200,False
2026-04-19 21:47:14.978257,INFO,notification-service,Order status updated,86,200,False
2026-04-19 21:53:05.978257,CRITICAL,notification-service,Memory usage exceeded threshold,8650,503,True
2026-04-19 21:58:22.978257,WARNING,notification-service,Request processed successfully,336,201,False
2026-04-19 21:59:06.978257,ERROR,inventory-service,Connection timeout after 8843ms,8843,503,True
2026-04-19 22:00:17.978257,INFO,inventory-service,Health check passed,451,201,False
2026-04-19 22:05:27.978257,INFO,inventory-service,Request processed successfully,57,201,False
2026-04-19 22:08:42.978257,WARNING,notification-service,User authenticated,134,200,False
2026-04-19 22:09:34.978257,ERROR,inventory-service,Connection timeout after 6683ms,6683,502,True
2026-04-19 22:13:08.978257,WARNING,payment-service,Order status updated,167,201,False
2026-04-19 22:23:04.978257,WARNING,payment-service,User authenticated,342,200,False
2026-04-19 22:31:00.978257,INFO,api-gateway,Order status updated,252,201,False
2026-04-19 22:31:55.978257,WARNING,auth-service,User authenticated,107,201,False
2026-04-19 22:36:28.978257,WARNING,api-gateway,Order status updated,223,200,False
2026-04-19 22:38:46.978257,WARNING,api-gateway,Session created for user,67,201,False
2026-04-19 22:44:08.978257,WARNING,inventory-service,Cache hit for key,122,200,False
2026-04-19 22:47:31.978257,INFO,inventory-service,Health check passed,281,201,False
2026-04-19 22:50:04.978257,INFO,auth-service,User authenticated,118,200,False
2026-04-19 22:52:31.978257,INFO,payment-service,Health check passed,414,201,False
2026-04-19 22:56:09.978257,INFO,payment-service,Database query executed in 200ms,200,200,False
2026-04-19 23:05:16.978257,WARNING,auth-service,Database query executed in 387ms,387,201,False
2026-04-19 23:10:34.978257,WARNING,api-gateway,Cache hit for key,383,201,False
2026-04-19 23:17:25.978257,INFO,inventory-service,Request processed successfully,470,201,False
2026-04-19 23:20:21.978257,CRITICAL,payment-service,Connection timeout after 4522ms,4522,503,True
2026-04-19 23:22:00.978257,INFO,api-gateway,Cache hit for key,275,200,False
2026-04-19 23:23:07.978257,INFO,api-gateway,User authenticated,148,201,False
2026-04-19 23:24:13.978257,INFO,notification-service,Health check passed,395,200,False
2026-04-19 23:33:06.978257,INFO,inventory-service,User authenticated,119,201,False
2026-04-19 23:37:59.978257,INFO,notification-service,User authenticated,425,201,False
2026-04-19 23:39:35.978257,WARNING,payment-service,Cache hit for key,187,200,False
2026-04-19 23:40:01.978257,WARNING,inventory-service,Session created for user,480,201,False
2026-04-19 23:40:40.978257,INFO,api-gateway,Request processed successfully,120,200,False
2026-04-19 23:41:29.978257,INFO,notification-service,Cache hit for key,77,201,False
2026-04-19 23:43:47.978257,WARNING,auth-service,Request processed successfully,471,201,False
2026-04-19 23:47:12.978257,CRITICAL,notification-service,Connection timeout after 7179ms,7179,502,True
2026-04-19 23:47:14.978257,WARNING,payment-service,Health check passed,259,200,False
2026-04-19 23:47:17.978257,WARNING,notification-service,Request processed successfully,424,200,False
2026-04-19 23:53:39.978257,INFO,notification-service,Order status updated,319,201,False
2026-04-19 23:54:32.978257,WARNING,api-gateway,Cache hit for key,111,201,False
2026-04-19 23:58:43.978257,INFO,api-gateway,Database query executed in 408ms,408,200,False
2026-04-20 00:00:01.978257,INFO,api-gateway,Session created for user,110,201,False
2026-04-20 00:14:40.978257,WARNING,payment-service,Order status updated,170,201,False
2026-04-20 00:20:59.978257,WARNING,auth-service,Cache hit for key,200,201,False
2026-04-20 00:23:12.978257,WARNING,auth-service,Order status updated,84,201,False
2026-04-20 00:30:25.978257,WARNING,payment-service,Request processed successfully,148,200,False
2026-04-20 00:34:38.978257,INFO,auth-service,Health check passed,290,201,False
2026-04-20 00:39:34.978257,INFO,notification-service,Database query executed in 304ms,304,200,False
2026-04-20 00:40:43.978257,INFO,inventory-service,Cache hit for key,423,201,False
2026-04-20 00:46:36.978257,WARNING,auth-service,Request processed successfully,176,201,False
2026-04-20 00:49:52.978257,CRITICAL,notification-service,Connection timeout after 7019ms,7019,500,True
2026-04-20 00:50:03.978257,WARNING,api-gateway,Database query executed in 338ms,338,200,False
2026-04-20 00:52:10.978257,WARNING,inventory-service,Cache hit for key,331,200,False
2026-04-20 00:59:41.978257,INFO,payment-service,Session created for user,286,201,False
2026-04-20 01:01:08.978257,WARNING,auth-service,User authenticated,283,200,False
2026-04-20 01:04:38.978257,WARNING,payment-service,Session created for user,143,201,False
2026-04-20 01:06:48.978257,INFO,notification-service,Request processed successfully,431,201,False
2026-04-20 01:11:53.978257,INFO,api-gateway,Request processed successfully,92,201,False
2026-04-20 01:13:34.978257,WARNING,notification-service,Health check passed,156,201,False
2026-04-20 01:14:48.978257,WARNING,auth-service,Order status updated,57,201,False
2026-04-20 01:15:58.978257,INFO,auth-service,Health check passed,354,201,False
2026-04-20 01:17:39.978257,WARNING,auth-service,Cache hit for key,162,201,False
2026-04-20 01:18:52.978257,INFO,api-gateway,Request processed successfully,294,201,False
2026-04-20 01:24:14.978257,INFO,auth-service,Health check passed,278,200,False
2026-04-20 01:38:50.978257,INFO,payment-service,Session created for user,280,200,False
2026-04-20 01:56:09.978257,WARNING,notification-service,Health check passed,444,200,False
2026-04-20 01:56:54.978257,INFO,inventory-service,User authenticated,103,201,False
2026-04-20 02:06:24.978257,ERROR,notification-service,Service unreachable after 3 retries,2565,502,True
2026-04-20 02:10:09.978257,INFO,inventory-service,Database query executed in 387ms,387,201,False
2026-04-20 02:14:57.978257,INFO,inventory-service,Session created for user,278,201,False
2026-04-20 02:24:19.978257,INFO,inventory-service,User authenticated,456,200,False
2026-04-20 02:24:59.978257,WARNING,payment-service,Request processed successfully,202,200,False
2026-04-20 02:25:08.978257,INFO,api-gateway,Order status updated,85,200,False
2026-04-20 02:31:27.978257,INFO,auth-service,Cache hit for key,488,201,False
2026-04-20 02:35:00.978257,INFO,payment-service,Health check passed,51,201,False
2026-04-20 02:40:10.978257,WARNING,auth-service,Health check passed,383,200,False
2026-04-20 02:52:12.978257,INFO,auth-service,Request processed successfully,427,201,False
2026-04-20 03:02:05.978257,WARNING,auth-service,Health check passed,274,200,False
2026-04-20 03:02:56.978257,ERROR,auth-service,Memory usage exceeded threshold,3694,500,True
2026-04-20 03:04:46.978257,INFO,auth-service,Health check passed,185,201,False
2026-04-20 03:08:57.978257,INFO,notification-service,Database query executed in 151ms,151,201,False
2026-04-20 03:09:45.978257,INFO,notification-service,Session created for user,404,201,False
2026-04-20 03:11:57.978257,WARNING,inventory-service,User authenticated,433,200,False
2026-04-20 03:14:15.978257,INFO,inventory-service,Order status updated,270,200,False
2026-04-20 03:15:16.978257,ERROR,payment-service,Service unreachable after 3 retries,2687,500,True
2026-04-20 03:16:19.978257,WARNING,payment-service,Health check passed,330,201,False
2026-04-20 03:17:52.978257,ERROR,notification-service,Database connection pool exhausted,7939,500,True
2026-04-20 03:18:18.978257,WARNING,payment-service,Database query executed in 201ms,201,200,False
2026-04-20 03:25:37.978257,INFO,api-gateway,Database query executed in 192ms,192,201,False
2026-04-20 03:26:16.978257,WARNING,notification-service,User authenticated,179,200,False
2026-04-20 03:31:55.978257,WARNING,payment-service,Request processed successfully,434,201,False
2026-04-20 03:32:54.978257,INFO,payment-service,Health check passed,372,200,False
2026-04-20 03:41:27.978257,WARNING,notification-service,Session created for user,488,201,False
2026-04-20 03:50:30.978257,WARNING,payment-service,Request processed successfully,452,200,False
2026-04-20 03:56:15.978257,INFO,notification-service,Database query executed in 90ms,90,200,False
2026-04-20 04:03:05.978257,CRITICAL,inventory-service,Service unreachable after 3 retries,5772,502,True
2026-04-20 04:03:21.978257,INFO,auth-service,Request processed successfully,410,200,False
2026-04-20 04:11:55.978257,INFO,auth-service,Session created for user,388,200,False
2026-04-20 04:13:59.978257,WARNING,payment-service,Request processed successfully,339,201,False
2026-04-20 04:17:43.978257,INFO,notification-service,User authenticated,155,201,False
2026-04-20 04:20:59.978257,INFO,auth-service,Cache hit for key,357,201,False
2026-04-20 04:23:04.978257,ERROR,notification-service,Connection timeout after 3145ms,3145,502,True
2026-04-20 04:29:49.978257,WARNING,payment-service,Health check passed,86,200,False
2026-04-20 04:32:14.978257,WARNING,api-gateway,User authenticated,146,201,False
2026-04-20 04:34:40.978257,INFO,inventory-service,Database query executed in 336ms,336,201,False
2026-04-20 04:36:28.978257,INFO,payment-service,Session created for user,418,201,False
2026-04-20 04:47:42.978257,INFO,notification-service,Session created for user,159,201,False
2026-04-20 04:51:21.978257,INFO,auth-service,Health check passed,136,201,False
2026-04-20 04:51:25.978257,WARNING,auth-service,Session created for user,477,201,False
2026-04-20 04:57:36.978257,WARNING,inventory-service,Cache hit for key,487,200,False
2026-04-20 04:59:14.978257,INFO,notification-service,Request processed successfully,208,200,False
2026-04-20 05:02:33.978257,WARNING,payment-service,Request processed successfully,55,200,False
2026-04-20 05:03:35.978257,ERROR,inventory-service,Unhandled exception in request pipeline,6679,503,True
2026-04-20 05:06:15.978257,INFO,api-gateway,Request processed successfully,118,200,False
2026-04-20 05:09:47.978257,CRITICAL,api-gateway,Connection timeout after 7714ms,7714,503,True
2026-04-20 05:10:00.978257,ERROR,inventory-service,Memory usage exceeded threshold,5787,502,True
2026-04-20 05:18:05.978257,INFO,auth-service,User authenticated,444,200,False
2026-04-20 05:19:20.978257,WARNING,api-gateway,Request processed successfully,378,201,False
2026-04-20 05:23:09.978257,WARNING,api-gateway,Health check passed,271,201,False
2026-04-20 05:24:25.978257,INFO,payment-service,Session created for user,282,200,False
2026-04-20 05:27:31.978257,INFO,payment-service,Cache hit for key,241,200,False
2026-04-20 05:29:30.978257,WARNING,payment-service,Request processed successfully,360,200,False
2026-04-20 05:40:42.978257,INFO,auth-service,Database query executed in 98ms,98,201,False
2026-04-20 05:43:42.978257,INFO,api-gateway,Database query executed in 84ms,84,201,False
2026-04-20 05:51:35.978257,WARNING,notification-service,Request processed successfully,339,201,False
2026-04-20 06:01:28.978257,WARNING,notification-service,Cache hit for key,136,201,False
2026-04-20 06:04:22.978257,CRITICAL,notification-service,Memory usage exceeded threshold,2669,503,True
2026-04-20 06:05:34.978257,WARNING,notification-service,Session created for user,148,200,False
2026-04-20 06:07:24.978257,INFO,api-gateway,Health check passed,389,200,False
2026-04-20 06:07:41.978257,WARNING,api-gateway,Cache hit for key,366,201,False
2026-04-20 06:09:14.978257,INFO,payment-service,Session created for user,428,201,False
2026-04-20 06:21:37.978257,INFO,api-gateway,Health check passed,59,201,False
2026-04-20 06:24:53.978257,WARNING,api-gateway,Request processed successfully,424,200,False
2026-04-20 06:29:14.978257,INFO,notification-service,User authenticated,65,200,False
2026-04-20 06:31:13.978257,ERROR,notification-service,Unhandled exception in request pipeline,7602,502,True
2026-04-20 06:32:52.978257,INFO,api-gateway,Cache hit for key,403,200,False
2026-04-20 06:33:54.978257,INFO,api-gateway,Order status updated,130,200,False
2026-04-20 06:40:05.978257,INFO,inventory-service,User authenticated,464,201,False
2026-04-20 06:55:39.978257,INFO,api-gateway,Cache hit for key,417,201,False
2026-04-20 06:55:42.978257,WARNING,auth-service,Request processed successfully,478,200,False
2026-04-20 06:55:43.978257,WARNING,auth-service,Order status updated,398,200,False
2026-04-20 07:01:24.978257,INFO,notification-service,Health check passed,394,200,False
2026-04-20 07:07:22.978257,INFO,payment-service,Session created for user,151,201,False
2026-04-20 07:12:04.978257,ERROR,api-gateway,Service unreachable after 3 retries,5346,500,True
2026-04-20 07:19:25.978257,WARNING,payment-service,User authenticated,169,201,False
2026-04-20 07:19:31.978257,INFO,payment-service,Order status updated,402,200,False
2026-04-20 07:26:02.978257,INFO,notification-service,Database query executed in 71ms,71,201,False
2026-04-20 07:28:25.978257,INFO,payment-service,Cache hit for key,68,201,False
2026-04-20 07:38:19.978257,INFO,notification-service,Health check passed,440,200,False
2026-04-20 07:42:06.978257,INFO,auth-service,User authenticated,406,200,False
2026-04-20 07:53:21.978257,INFO,payment-service,Cache hit for key,253,200,False
2026-04-20 08:06:15.978257,WARNING,notification-service,Order status updated,191,201,False
2026-04-20 08:08:53.978257,WARNING,api-gateway,Session created for user,93,200,False
2026-04-20 08:11:41.978257,CRITICAL,notification-service,Connection timeout after 4003ms,4003,503,True
2026-04-20 08:19:59.978257,WARNING,auth-service,Health check passed,377,200,False
2026-04-20 08:32:23.978257,ERROR,payment-service,Connection timeout after 8129ms,8129,502,True
2026-04-20 08:34:47.978257,WARNING,auth-service,User authenticated,242,201,False
2026-04-20 08:45:34.978257,WARNING,payment-service,Order status updated,261,200,False
2026-04-20 09:06:07.978257,INFO,inventory-service,Database query executed in 399ms,399,200,False
2026-04-20 09:08:34.978257,WARNING,notification-service,User authenticated,106,201,False
2026-04-20 09:08:37.978257,WARNING,notification-service,Cache hit for key,261,200,False
2026-04-20 09:10:29.978257,WARNING,payment-service,Order status updated,317,200,False
2026-04-20 09:11:38.978257,WARNING,auth-service,Health check passed,487,200,False
2026-04-20 09:13:43.978257,WARNING,api-gateway,Health check passed,498,200,False
2026-04-20 09:21:56.978257,INFO,auth-service,Order status updated,289,201,False
2026-04-20 09:23:12.978257,WARNING,inventory-service,Health check passed,250,200,False
2026-04-20 09:28:04.978257,WARNING,api-gateway,Session created for user,467,201,False
2026-04-20 09:30:50.978257,INFO,auth-service,Request processed successfully,182,201,False
2026-04-20 09:37:53.978257,INFO,inventory-service,Cache hit for key,201,200,False
2026-04-20 09:39:19.978257,WARNING,inventory-service,Session created for user,387,201,False
2026-04-20 09:47:19.978257,INFO,inventory-service,Order status updated,127,201,False
2026-04-20 09:50:36.978257,INFO,inventory-service,Order status updated,425,201,False
2026-04-20 09:54:36.978257,INFO,inventory-service,User authenticated,297,200,False
2026-04-20 09:56:07.978257,INFO,api-gateway,Order status updated,227,201,False
2026-04-20 10:06:48.978257,WARNING,notification-service,User authenticated,226,201,False
2026-04-20 10:10:53.978257,INFO,payment-service,Request processed successfully,191,200,False
2026-04-20 10:15:47.978257,CRITICAL,notification-service,Unhandled exception in request pipeline,3662,500,True
2026-04-20 10:29:56.978257,WARNING,inventory-service,Order status updated,372,200,False
2026-04-20 10:32:36.978257,INFO,notification-service,Session created for user,59,200,False
2026-04-20 10:38:56.978257,ERROR,auth-service,Unhandled exception in request pipeline,4660,500,True
2026-04-20 10:45:05.978257,INFO,payment-service,User authenticated,193,201,False
2026-04-20 10:45:20.978257,INFO,notification-service,Order status updated,213,201,False
2026-04-20 10:47:13.978257,INFO,auth-service,Health check passed,432,201,False
2026-04-20 10:48:06.978257,WARNING,api-gateway,Request processed successfully,367,201,False
2026-04-20 11:01:59.978257,INFO,inventory-service,User authenticated,370,201,False
2026-04-20 11:06:04.978257,INFO,auth-service,Order status updated,105,200,False
2026-04-20 11:07:05.978257,INFO,api-gateway,Request processed successfully,412,200,False
2026-04-20 11:07:43.978257,WARNING,api-gateway,Cache hit for key,486,201,False
2026-04-20 11:08:24.978257,INFO,api-gateway,Health check passed,454,201,False
2026-04-20 11:12:39.978257,WARNING,inventory-service,Session created for user,165,201,False
2026-04-20 11:19:07.978257,CRITICAL,notification-service,Memory usage exceeded threshold,8324,500,True
2026-04-20 11:24:32.978257,WARNING,payment-service,Order status updated,360,201,False
2026-04-20 11:38:32.978257,WARNING,payment-service,Cache hit for key,299,200,False
2026-04-20 11:39:47.978257,WARNING,payment-service,User authenticated,109,201,False
2026-04-20 11:41:02.978257,INFO,notification-service,Session created for user,297,200,False
2026-04-20 11:43:58.978257,WARNING,api-gateway,User authenticated,424,200,False
2026-04-20 11:51:26.978257,INFO,api-gateway,Cache hit for key,491,201,False
2026-04-20 11:55:38.978257,INFO,notification-service,Session created for user,206,200,False
2026-04-20 12:09:00.978257,WARNING,notification-service,Order status updated,331,201,False
2026-04-20 12:14:39.978257,INFO,api-gateway,Cache hit for key,364,200,False
2026-04-20 12:15:15.978257,WARNING,api-gateway,Cache hit for key,236,201,False
2026-04-20 12:19:35.978257,WARNING,api-gateway,Request processed successfully,198,201,False
2026-04-20 12:20:35.978257,WARNING,payment-service,Cache hit for key,160,201,False
2026-04-20 12:21:22.978257,INFO,inventory-service,Health check passed,457,200,False
2026-04-20 12:24:24.978257,INFO,api-gateway,Order status updated,268,201,False
2026-04-20 12:27:59.978257,INFO,api-gateway,User authenticated,161,201,False
2026-04-20 12:29:39.978257,WARNING,payment-service,Database query executed in 420ms,420,200,False
2026-04-20 12:32:00.978257,WARNING,inventory-service,Session created for user,415,201,False
2026-04-20 12:40:27.978257,WARNING,auth-service,Database query executed in 497ms,497,200,False
2026-04-20 12:42:22.978257,WARNING,payment-service,Order status updated,160,200,False
2026-04-20 12:51:04.978257,WARNING,auth-service,Cache hit for key,114,201,False
2026-04-20 12:52:13.978257,WARNING,notification-service,Request processed successfully,119,201,False
2026-04-20 12:56:25.978257,INFO,api-gateway,User authenticated,134,201,False
2026-04-20 13:02:02.978257,INFO,api-gateway,User authenticated,200,200,False
2026-04-20 13:03:26.978257,WARNING,inventory-service,Health check passed,369,200,False
2026-04-20 13:06:17.978257,INFO,inventory-service,Health check passed,60,201,False
2026-04-20 13:14:24.978257,ERROR,api-gateway,Connection timeout after 8921ms,8921,500,True
2026-04-20 13:15:58.978257,INFO,notification-service,Order status updated,180,200,False
2026-04-20 13:23:06.978257,WARNING,api-gateway,Health check passed,263,201,False
2026-04-20 13:25:55.978257,INFO,auth-service,Session created for user,224,200,False
2026-04-20 13:28:16.978257,WARNING,payment-service,Request processed successfully,107,200,False
2026-04-20 13:29:14.978257,INFO,inventory-service,Cache hit for key,324,201,False
2026-04-20 13:32:44.978257,INFO,inventory-service,User authenticated,83,200,False
2026-04-20 13:35:27.978257,INFO,inventory-service,Health check passed,413,201,False
2026-04-20 13:38:10.978257,WARNING,notification-service,User authenticated,322,201,False
2026-04-20 13:40:58.978257,CRITICAL,payment-service,Memory usage exceeded threshold,8674,503,True
2026-04-20 13:43:15.978257,CRITICAL,payment-service,Service unreachable after 3 retries,5629,500,True
2026-04-20 13:46:48.978257,INFO,notification-service,Database query executed in 276ms,276,200,False
2026-04-20 13:47:02.978257,INFO,inventory-service,Request processed successfully,71,200,False
2026-04-20 13:54:32.978257,INFO,notification-service,Session created for user,388,201,False
2026-04-20 13:54:54.978257,WARNING,inventory-service,Session created for user,395,200,False
2026-04-20 13:55:11.978257,INFO,auth-service,Database query executed in 325ms,325,200,False
2026-04-20 13:59:43.978257,WARNING,auth-service,Database query executed in 325ms,325,201,False
2026-04-20 14:05:50.978257,INFO,auth-service,Order status updated,381,200,False
2026-04-20 14:06:40.978257,INFO,notification-service,Cache hit for key,258,200,False
2026-04-20 14:07:12.978257,WARNING,payment-service,Request processed successfully,413,201,False
2026-04-20 14:13:13.978257,INFO,payment-service,Health check passed,457,201,False
2026-04-20 14:16:34.978257,WARNING,auth-service,Session created for user,307,201,False
2026-04-20 14:17:40.978257,WARNING,inventory-service,Request processed successfully,89,201,False
2026-04-20 14:18:14.978257,WARNING,notification-service,Database query executed in 387ms,387,200,False
2026-04-20 14:18:54.978257,WARNING,inventory-service,Health check passed,331,201,False
2026-04-20 14:21:11.978257,INFO,payment-service,User authenticated,454,201,False
2026-04-20 14:22:50.978257,CRITICAL,auth-service,Database connection pool exhausted,2579,502,True
2026-04-20 14:27:15.978257,WARNING,api-gateway,Request processed successfully,374,201,False
2026-04-20 14:29:57.978257,ERROR,inventory-service,Connection timeout after 8749ms,8749,500,True
2026-04-20 14:33:28.978257,INFO,api-gateway,Session created for user,197,200,False
2026-04-20 14:35:23.978257,WARNING,api-gateway,Database query executed in 413ms,413,201,False
2026-04-20 14:41:06.978257,INFO,auth-service,Health check passed,371,200,False
2026-04-20 14:54:07.978257,WARNING,inventory-service,Cache hit for key,398,200,False
2026-04-20 14:55:31.978257,WARNING,inventory-service,User authenticated,216,201,False
2026-04-20 14:55:40.978257,WARNING,auth-service,Health check passed,248,200,False
2026-04-20 14:57:19.978257,WARNING,api-gateway,User authenticated,356,200,False
2026-04-20 15:03:53.978257,WARNING,inventory-service,Session created for user,451,201,False
2026-04-20 15:13:51.978257,INFO,auth-service,Session created for user,90,201,False
2026-04-20 15:20:55.978257,CRITICAL,auth-service,Connection timeout after 3833ms,3833,500,True
2026-04-20 15:29:48.978257,WARNING,inventory-service,Database query executed in 107ms,107,201,False
2026-04-20 15:30:56.978257,WARNING,payment-service,Order status updated,471,201,False
2026-04-20 15:32:11.978257,INFO,api-gateway,Session created for user,256,201,False
2026-04-20 15:37:37.978257,INFO,auth-service,Order status updated,222,200,False
2026-04-20 15:42:24.978257,WARNING,inventory-service,Cache hit for key,295,201,False
2026-04-20 15:49:00.978257,INFO,api-gateway,Database query executed in 217ms,217,200,False
2026-04-20 15:55:02.978257,ERROR,notification-service,Unhandled exception in request pipeline,4157,503,True
2026-04-20 15:57:59.978257,INFO,notification-service,User authenticated,377,201,False
2026-04-20 16:05:36.978257,WARNING,inventory-service,Order status updated,417,200,False
2026-04-20 16:11:25.978257,WARNING,api-gateway,Database query executed in 375ms,375,200,False
2026-04-20 16:13:17.978257,WARNING,api-gateway,Order status updated,328,200,False
2026-04-20 16:15:25.978257,CRITICAL,payment-service,Memory usage exceeded threshold,3954,500,True
2026-04-20 16:41:27.978257,ERROR,notification-service,Service unreachable after 3 retries,6910,503,True
2026-04-20 16:49:43.978257,WARNING,inventory-service,Session created for user,104,201,False
2026-04-20 16:53:44.978257,INFO,notification-service,Cache hit for key,486,200,False
2026-04-20 16:59:01.978257,WARNING,api-gateway,User authenticated,451,200,False
2026-04-20 17:01:52.978257,CRITICAL,notification-service,Memory usage exceeded threshold,7180,502,True
2026-04-20 17:05:30.978257,INFO,inventory-service,Order status updated,393,200,False
2026-04-20 17:10:47.978257,INFO,auth-service,User authenticated,489,200,False
2026-04-20 17:11:15.978257,INFO,notification-service,Session created for user,205,201,False
2026-04-20 17:19:03.978257,INFO,api-gateway,Order status updated,162,200,False
2026-04-20 17:20:48.978257,INFO,notification-service,Order status updated,62,200,False
2026-04-20 17:25:47.978257,WARNING,api-gateway,Request processed successfully,289,201,False
2026-04-20 17:35:30.978257,INFO,inventory-service,User authenticated,447,201,False
2026-04-20 17:38:26.978257,INFO,auth-service,Request processed successfully,346,201,False
2026-04-20 17:45:48.978257,ERROR,payment-service,Database connection pool exhausted,7363,503,True
2026-04-20 17:47:13.978257,INFO,api-gateway,Health check passed,409,201,False
2026-04-20 17:47:37.978257,ERROR,payment-service,Service unreachable after 3 retries,3533,503,True
2026-04-20 18:00:21.978257,INFO,auth-service,Health check passed,476,200,False
2026-04-20 18:09:03.978257,WARNING,auth-service,Database query executed in 134ms,134,201,False
2026-04-20 18:20:42.978257,INFO,notification-service,Order status updated,175,200,False
2026-04-20 18:28:29.978257,WARNING,payment-service,Database query executed in 416ms,416,200,False
2026-04-20 18:33:23.978257,INFO,inventory-service,Session created for user,265,200,False
2026-04-20 18:39:18.978257,INFO,auth-service,Request processed successfully,125,200,False
2026-04-20 18:45:56.978257,INFO,payment-service,Health check passed,477,201,False
2026-04-20 18:46:21.978257,INFO,auth-service,Request processed successfully,494,201,False
2026-04-20 18:48:58.978257,INFO,inventory-service,Session created for user,108,200,False
2026-04-20 18:49:08.978257,INFO,api-gateway,Session created for user,253,200,False
2026-04-20 18:49:09.978257,ERROR,api-gateway,Service unreachable after 3 retries,6448,500,True
2026-04-20 18:53:41.978257,CRITICAL,inventory-service,Database connection pool exhausted,5011,503,True
2026-04-20 19:05:03.978257,WARNING,inventory-service,Order status updated,498,200,False
2026-04-20 19:09:53.978257,INFO,payment-service,Session created for user,165,201,False
2026-04-20 19:16:00.978257,INFO,inventory-service,Session created for user,455,201,False
2026-04-20 19:24:48.978257,WARNING,notification-service,Order status updated,417,201,False
2026-04-20 19:29:29.978257,INFO,api-gateway,Health check passed,143,200,False
2026-04-20 19:48:07.978257,WARNING,notification-service,Cache hit for key,151,201,False
2026-04-20 20:03:19.978257,WARNING,payment-service,Cache hit for key,329,201,False
2026-04-20 20:06:13.978257,WARNING,auth-service,Health check passed,110,201,False
2026-04-20 20:06:23.978257,WARNING,api-gateway,User authenticated,368,200,False
2026-04-20 20:08:08.978257,WARNING,auth-service,Database query executed in 355ms,355,201,False
2026-04-20 20:12:53.978257,WARNING,api-gateway,Cache hit for key,396,200,False
2026-04-20 20:20:05.978257,WARNING,notification-service,Cache hit for key,236,200,False
2026-04-20 20:25:07.978257,INFO,payment-service,Cache hit for key,201,200,False
2026-04-20 20:32:04.978257,INFO,auth-service,Order status updated,145,200,False
2026-04-20 20:41:22.978257,WARNING,api-gateway,Database query executed in 358ms,358,201,False
2026-04-20 20:44:33.978257,INFO,notification-service,Health check passed,224,201,False
2026-04-20 20:47:26.978257,WARNING,notification-service,User authenticated,189,201,False
2026-04-20 20:50:20.978257,INFO,inventory-service,Request processed successfully,257,200,False
2026-04-20 20:50:30.978257,WARNING,api-gateway,Session created for user,493,200,False
2026-04-20 20:54:32.978257,WARNING,inventory-service,Request processed successfully,467,200,False
2026-04-20 21:07:47.978257,WARNING,api-gateway,Order status updated,92,201,False
2026-04-20 21:08:28.978257,WARNING,api-gateway,Order status updated,73,200,False
2026-04-20 21:19:12.978257,INFO,inventory-service,Request processed successfully,182,201,False
2026-04-20 21:21:31.978257,WARNING,payment-service,Request processed successfully,395,201,False
2026-04-20 21:31:00.978257,WARNING,api-gateway,Request processed successfully,68,201,False
2026-04-20 21:31:54.978257,WARNING,inventory-service,Session created for user,490,200,False
2026-04-20 21:35:37.978257,INFO,api-gateway,Health check passed,99,200,False
2026-04-20 21:36:20.978257,INFO,inventory-service,Session created for user,247,201,False
2026-04-20 21:42:19.978257,WARNING,auth-service,Health check passed,266,200,False
2026-04-20 21:54:38.978257,INFO,payment-service,Cache hit for key,265,201,False
2026-04-20 21:58:52.978257,INFO,auth-service,Order status updated,254,201,False
2026-04-20 21:59:32.978257,WARNING,api-gateway,Database query executed in 352ms,352,201,False
2026-04-20 22:04:04.978257,INFO,api-gateway,Database query executed in 395ms,395,201,False
2026-04-20 22:05:43.978257,WARNING,payment-service,Database query executed in 149ms,149,201,False
2026-04-20 22:09:56.978257,INFO,api-gateway,Database query executed in 444ms,444,201,False
2026-04-20 22:12:04.978257,WARNING,auth-service,Session created for user,375,201,False
2026-04-20 22:13:16.978257,WARNING,auth-service,Cache hit for key,412,200,False
2026-04-20 22:13:36.978257,INFO,inventory-service,User authenticated,368,201,False
2026-04-20 22:15:35.978257,WARNING,inventory-service,Request processed successfully,90,201,False
2026-04-20 22:16:44.978257,WARNING,notification-service,Health check passed,274,201,False
2026-04-20 22:29:39.978257,CRITICAL,auth-service,Memory usage exceeded threshold,5178,503,True
2026-04-20 22:38:24.978257,WARNING,notification-service,Health check passed,117,200,False
2026-04-20 22:41:35.978257,WARNING,payment-service,User authenticated,188,200,False
2026-04-20 22:46:17.978257,WARNING,payment-service,Order status updated,239,200,False
2026-04-20 22:46:41.978257,INFO,api-gateway,Session created for user,337,200,False
2026-04-20 22:48:49.978257,INFO,api-gateway,Cache hit for key,224,200,False
2026-04-20 22:49:37.978257,INFO,payment-service,Database query executed in 365ms,365,200,False
2026-04-20 23:01:29.978257,WARNING,api-gateway,Session created for user,264,201,False
2026-04-20 23:04:00.978257,WARNING,api-gateway,Order status updated,60,200,False
2026-04-20 23:18:56.978257,WARNING,inventory-service,Order status updated,298,200,False
2026-04-20 23:21:42.978257,INFO,auth-service,User authenticated,79,201,False
2026-04-20 23:23:34.978257,INFO,payment-service,User authenticated,234,201,False
2026-04-20 23:28:31.978257,INFO,api-gateway,Request processed successfully,85,201,False
2026-04-20 23:28:39.978257,WARNING,notification-service,User authenticated,106,201,False
2026-04-20 23:31:00.978257,INFO,inventory-service,Session created for user,292,201,False
2026-04-20 23:36:42.978257,CRITICAL,auth-service,Service unreachable after 3 retries,6148,500,True
2026-04-20 23:45:16.978257,WARNING,api-gateway,Order status updated,161,201,False
2026-04-20 23:50:39.978257,INFO,inventory-service,Cache hit for key,174,201,False
2026-04-20 23:52:23.978257,INFO,api-gateway,Database query executed in 203ms,203,201,False
2026-04-20 23:54:46.978257,WARNING,auth-service,Order status updated,84,200,False
2026-04-21 00:01:44.978257,INFO,api-gateway,Request processed successfully,224,201,False
2026-04-21 00:03:47.978257,ERROR,auth-service,Connection timeout after 5360ms,5360,500,True
2026-04-21 00:12:33.978257,INFO,payment-service,Session created for user,58,201,False
2026-04-21 00:17:33.978257,INFO,notification-service,Database query executed in 98ms,98,201,False
2026-04-21 00:19:59.978257,WARNING,inventory-service,User authenticated,118,201,False
2026-04-21 00:22:22.978257,INFO,inventory-service,Request processed successfully,110,201,False
2026-04-21 00:31:18.978257,INFO,notification-service,Order status updated,429,201,False
2026-04-21 00:37:49.978257,WARNING,auth-service,Database query executed in 84ms,84,200,False
2026-04-21 00:41:12.978257,INFO,auth-service,Health check passed,307,200,False
2026-04-21 00:51:49.978257,ERROR,notification-service,Unhandled exception in request pipeline,8851,502,True
2026-04-21 00:52:22.978257,WARNING,payment-service,Cache hit for key,263,200,False
2026-04-21 00:53:39.978257,WARNING,notification-service,Cache hit for key,420,201,False
2026-04-21 00:56:29.978257,INFO,notification-service,Health check passed,105,200,False
2026-04-21 00:56:55.978257,INFO,notification-service,Session created for user,99,201,False
2026-04-21 00:57:49.978257,INFO,api-gateway,Request processed successfully,279,200,False
2026-04-21 01:02:11.978257,WARNING,notification-service,Request processed successfully,78,201,False
2026-04-21 01:10:15.978257,WARNING,notification-service,Health check passed,436,200,False
2026-04-21 01:10:20.978257,WARNING,notification-service,Order status updated,491,200,False
2026-04-21 01:15:30.978257,INFO,api-gateway,Request processed successfully,66,200,False
2026-04-21 01:17:50.978257,WARNING,auth-service,Database query executed in 401ms,401,201,False
2026-04-21 01:26:23.978257,INFO,api-gateway,Request processed successfully,388,201,False
2026-04-21 01:26:44.978257,INFO,payment-service,Cache hit for key,409,201,False
2026-04-21 01:30:46.978257,WARNING,auth-service,Database query executed in 388ms,388,200,False
2026-04-21 01:31:55.978257,WARNING,payment-service,Cache hit for key,134,200,False
2026-04-21 01:45:55.978257,INFO,inventory-service,Cache hit for key,314,200,False
2026-04-21 01:46:28.978257,INFO,notification-service,Cache hit for key,171,200,False
2026-04-21 01:47:41.978257,INFO,payment-service,Cache hit for key,109,200,False
2026-04-21 01:56:34.978257,INFO,inventory-service,Order status updated,308,200,False
2026-04-21 01:57:27.978257,WARNING,payment-service,Order status updated,112,200,False
2026-04-21 02:02:03.978257,INFO,api-gateway,Database query executed in 166ms,166,200,False
2026-04-21 02:05:56.978257,WARNING,inventory-service,Database query executed in 233ms,233,201,False
2026-04-21 02:07:43.978257,INFO,payment-service,Cache hit for key,492,201,False
2026-04-21 02:28:31.978257,WARNING,payment-service,User authenticated,191,200,False
2026-04-21 02:43:52.978257,WARNING,api-gateway,Health check passed,185,201,False
2026-04-21 02:48:04.978257,INFO,payment-service,User authenticated,97,200,False
2026-04-21 02:57:27.978257,WARNING,auth-service,Order status updated,147,200,False
2026-04-21 02:59:41.978257,INFO,payment-service,Database query executed in 120ms,120,201,False
2026-04-21 03:00:15.978257,ERROR,notification-service,Database connection pool exhausted,6113,502,True
2026-04-21 03:07:07.978257,WARNING,notification-service,User authenticated,74,200,False
2026-04-21 03:15:07.978257,CRITICAL,notification-service,Connection timeout after 6694ms,6694,503,True
2026-04-21 03:15:18.978257,INFO,auth-service,Cache hit for key,421,201,False
2026-04-21 03:22:23.978257,WARNING,auth-service,Database query executed in 448ms,448,201,False
2026-04-21 03:22:24.978257,WARNING,inventory-service,Health check passed,323,201,False
2026-04-21 03:26:31.978257,INFO,api-gateway,Session created for user,127,201,False
2026-04-21 03:37:18.978257,ERROR,auth-service,Database connection pool exhausted,6968,500,True
2026-04-21 03:41:53.978257,INFO,auth-service,Order status updated,213,201,False
2026-04-21 03:45:31.978257,WARNING,inventory-service,Database query executed in 458ms,458,200,False
2026-04-21 03:51:52.978257,INFO,inventory-service,User authenticated,303,200,False
2026-04-21 03:54:21.978257,WARNING,payment-service,Session created for user,112,201,False
2026-04-21 03:54:57.978257,INFO,api-gateway,Health check passed,499,200,False
2026-04-21 03:55:41.978257,WARNING,inventory-service,Cache hit for key,174,200,False
2026-04-21 04:01:01.978257,INFO,inventory-service,Request processed successfully,114,200,False
2026-04-21 04:09:19.978257,WARNING,auth-service,User authenticated,147,201,False
2026-04-21 04:13:27.978257,INFO,auth-service,Session created for user,66,200,False
2026-04-21 04:16:12.978257,WARNING,auth-service,User authenticated,240,200,False
2026-04-21 04:17:29.978257,WARNING,payment-service,Session created for user,58,201,False
2026-04-21 04:21:48.978257,INFO,auth-service,Cache hit for key,367,200,False
2026-04-21 04:22:14.978257,WARNING,payment-service,Order status updated,476,201,False
2026-04-21 04:24:52.978257,WARNING,notification-service,Cache hit for key,402,200,False
2026-04-21 04:34:15.978257,CRITICAL,payment-service,Service unreachable after 3 retries,4556,500,True
2026-04-21 04:35:13.978257,INFO,payment-service,Request processed successfully,482,201,False
2026-04-21 04:35:21.978257,ERROR,api-gateway,Unhandled exception in request pipeline,8055,502,True
2026-04-21 04:35:21.978257,WARNING,payment-service,Health check passed,459,200,False
2026-04-21 04:36:28.978257,INFO,payment-service,Cache hit for key,134,200,False
2026-04-21 04:37:16.978257,WARNING,payment-service,Request processed successfully,252,200,False
2026-04-21 04:38:20.978257,WARNING,api-gateway,User authenticated,371,201,False
2026-04-21 04:55:31.978257,WARNING,api-gateway,Order status updated,399,200,False
2026-04-21 05:10:03.978257,WARNING,inventory-service,Health check passed,243,200,False
2026-04-21 05:10:06.978257,INFO,auth-service,Database query executed in 165ms,165,201,False
2026-04-21 05:14:09.978257,INFO,auth-service,Request processed successfully,102,200,False
2026-04-21 05:20:13.978257,INFO,notification-service,Session created for user,489,200,False
2026-04-21 05:25:01.978257,WARNING,notification-service,User authenticated,455,201,False
2026-04-21 05:33:46.978257,INFO,inventory-service,Health check passed,311,200,False
2026-04-21 05:34:35.978257,WARNING,inventory-service,Order status updated,127,200,False
2026-04-21 05:34:57.978257,ERROR,notification-service,Database connection pool exhausted,2292,500,True
2026-04-21 05:35:33.978257,WARNING,api-gateway,Database query executed in 473ms,473,201,False
2026-04-21 05:37:24.978257,WARNING,auth-service,Session created for user,134,200,False
2026-04-21 05:37:50.978257,WARNING,inventory-service,Request processed successfully,366,200,False
2026-04-21 05:39:58.978257,WARNING,auth-service,Request processed successfully,414,201,False
2026-04-21 05:40:30.978257,ERROR,inventory-service,Service unreachable after 3 retries,6819,503,True
2026-04-21 05:44:57.978257,WARNING,api-gateway,Cache hit for key,455,200,False
2026-04-21 05:48:13.978257,CRITICAL,auth-service,Unhandled exception in request pipeline,4423,500,True
2026-04-21 05:51:45.978257,WARNING,auth-service,Request processed successfully,161,200,False
2026-04-21 05:53:00.978257,WARNING,auth-service,Health check passed,296,200,False
2026-04-21 05:54:14.978257,WARNING,notification-service,User authenticated,175,201,False
2026-04-21 05:55:05.978257,WARNING,api-gateway,User authenticated,350,200,False
2026-04-21 06:00:44.978257,INFO,auth-service,Database query executed in 477ms,477,200,False
2026-04-21 06:03:49.978257,WARNING,payment-service,Session created for user,162,201,False
2026-04-21 06:09:35.978257,INFO,notification-service,Order status updated,289,200,False
2026-04-21 06:23:24.978257,INFO,api-gateway,Health check passed,166,201,False
2026-04-21 06:26:18.978257,INFO,api-gateway,Database query executed in 467ms,467,201,False
2026-04-21 06:30:52.978257,WARNING,auth-service,Database query executed in 74ms,74,201,False
2026-04-21 06:33:13.978257,WARNING,inventory-service,Request processed successfully,315,201,False
2026-04-21 06:41:11.978257,INFO,inventory-service,Cache hit for key,277,200,False
2026-04-21 06:42:51.978257,INFO,auth-service,Request processed successfully,103,201,False
2026-04-21 06:44:06.978257,INFO,inventory-service,Database query executed in 110ms,110,200,False
2026-04-21 06:46:32.978257,INFO,auth-service,Cache hit for key,221,201,False
2026-04-21 06:48:57.978257,ERROR,auth-service,Connection timeout after 4644ms,4644,503,True
2026-04-21 06:50:18.978257,ERROR,inventory-service,Service unreachable after 3 retries,8945,500,True
2026-04-21 06:52:21.978257,WARNING,api-gateway,Health check passed,461,201,False
2026-04-21 06:58:36.978257,WARNING,notification-service,Order status updated,459,201,False
2026-04-21 07:03:00.978257,INFO,payment-service,Cache hit for key,282,201,False
2026-04-21 07:05:55.978257,WARNING,api-gateway,Session created for user,181,201,False
2026-04-21 07:09:43.978257,WARNING,inventory-service,Session created for user,478,200,False
2026-04-21 07:11:30.978257,WARNING,auth-service,Order status updated,202,200,False
2026-04-21 07:12:46.978257,ERROR,payment-service,Connection timeout after 3708ms,3708,503,True
2026-04-21 07:23:36.978257,INFO,notification-service,User authenticated,314,201,False
2026-04-21 07:23:54.978257,WARNING,api-gateway,User authenticated,188,201,False
2026-04-21 07:24:21.978257,INFO,notification-service,Session created for user,485,200,False
2026-04-21 07:24:56.978257,INFO,notification-service,Session created for user,65,201,False
2026-04-21 07:26:08.978257,WARNING,inventory-service,Database query executed in 263ms,263,201,False
2026-04-21 07:26:56.978257,INFO,auth-service,Request processed successfully,78,200,False
2026-04-21 07:36:13.978257,INFO,notification-service,Order status updated,249,200,False
2026-04-21 07:38:36.978257,INFO,inventory-service,Database query executed in 256ms,256,201,False
2026-04-21 07:42:12.978257,WARNING,inventory-service,Session created for user,455,200,False
2026-04-21 07:43:57.978257,INFO,auth-service,Health check passed,84,201,False
2026-04-21 07:47:55.978257,INFO,notification-service,Request processed successfully,272,201,False
2026-04-21 07:51:46.978257,WARNING,inventory-service,Session created for user,96,201,False
2026-04-21 07:52:24.978257,INFO,payment-service,Order status updated,334,200,False
2026-04-21 08:07:40.978257,INFO,payment-service,Cache hit for key,208,200,False
2026-04-21 08:12:28.978257,CRITICAL,api-gateway,Connection timeout after 4426ms,4426,500,True
2026-04-21 08:18:11.978257,INFO,inventory-service,Database query executed in 332ms,332,200,False
2026-04-21 08:24:33.978257,INFO,api-gateway,User authenticated,352,200,False
2026-04-21 08:25:07.978257,INFO,auth-service,Cache hit for key,404,201,False
2026-04-21 08:26:21.978257,WARNING,api-gateway,Request processed successfully,359,201,False
2026-04-21 08:27:03.978257,WARNING,auth-service,User authenticated,437,201,False
2026-04-21 08:37:56.978257,WARNING,inventory-service,Health check passed,99,200,False
2026-04-21 08:45:10.978257,WARNING,auth-service,Order status updated,329,200,False
2026-04-21 08:46:06.978257,WARNING,inventory-service,Order status updated,304,201,False
2026-04-21 08:48:18.978257,WARNING,auth-service,Request processed successfully,297,201,False
2026-04-21 08:50:07.978257,WARNING,payment-service,Request processed successfully,111,201,False
2026-04-21 08:58:25.978257,INFO,auth-service,Cache hit for key,149,200,False
2026-04-21 09:08:10.978257,WARNING,notification-service,Request processed successfully,198,201,False
2026-04-21 09:10:36.978257,WARNING,notification-service,Request processed successfully,261,201,False
2026-04-21 09:17:06.978257,INFO,notification-service,Request processed successfully,409,201,False
2026-04-21 09:21:22.978257,WARNING,notification-service,Request processed successfully,140,201,False
2026-04-21 09:30:20.978257,INFO,notification-service,Health check passed,96,200,False
2026-04-21 09:34:48.978257,INFO,auth-service,Order status updated,126,201,False
2026-04-21 09:36:25.978257,INFO,auth-service,Database query executed in 401ms,401,201,False
2026-04-21 09:38:34.978257,WARNING,auth-service,Session created for user,485,201,False
2026-04-21 09:48:51.978257,INFO,payment-service,Session created for user,140,201,False
2026-04-21 09:53:36.978257,WARNING,api-gateway,Request processed successfully,172,201,False
2026-04-21 09:53:51.978257,INFO,auth-service,Request processed successfully,229,201,False
2026-04-21 09:57:54.978257,INFO,auth-service,Database query executed in 380ms,380,201,False
2026-04-21 09:58:16.978257,WARNING,inventory-service,Cache hit for key,81,200,False
2026-04-21 10:04:49.978257,INFO,payment-service,Session created for user,415,201,False
2026-04-21 10:06:49.978257,WARNING,auth-service,Health check passed,72,201,False
2026-04-21 10:09:05.978257,ERROR,api-gateway,Service unreachable after 3 retries,2183,502,True
2026-04-21 10:11:00.978257,INFO,inventory-service,Health check passed,208,200,False
2026-04-21 10:13:23.978257,WARNING,inventory-service,Database query executed in 142ms,142,201,False
2026-04-21 10:15:33.978257,WARNING,inventory-service,Health check passed,460,201,False
2026-04-21 10:16:43.978257,WARNING,notification-service,Database query executed in 105ms,105,200,False
2026-04-21 10:22:17.978257,INFO,notification-service,Health check passed,190,201,False
2026-04-21 10:27:26.978257,WARNING,notification-service,Request processed successfully,336,200,False
2026-04-21 10:31:11.978257,INFO,notification-service,Cache hit for key,276,200,False
2026-04-21 10:32:07.978257,INFO,notification-service,Session created for user,415,201,False
2026-04-21 10:33:51.978257,INFO,inventory-service,Request processed successfully,499,201,False
2026-04-21 10:35:15.978257,WARNING,api-gateway,Session created for user,261,200,False
2026-04-21 10:35:38.978257,INFO,payment-service,Health check passed,250,200,False
2026-04-21 10:41:50.978257,INFO,payment-service,Order status updated,467,201,False
2026-04-21 10:45:14.978257,CRITICAL,payment-service,Service unreachable after 3 retries,3383,500,True
2026-04-21 10:46:07.978257,WARNING,inventory-service,Request processed successfully,186,201,False
2026-04-21 10:50:18.978257,WARNING,notification-service,Cache hit for key,212,201,False
2026-04-21 10:54:17.978257,WARNING,inventory-service,Order status updated,149,200,False
2026-04-21 10:54:53.978257,INFO,auth-service,Session created for user,184,201,False
2026-04-21 10:58:28.978257,INFO,inventory-service,User authenticated,66,201,False
2026-04-21 11:02:21.978257,INFO,auth-service,Request processed successfully,433,200,False
2026-04-21 11:05:10.978257,WARNING,api-gateway,Health check passed,357,201,False
2026-04-21 11:05:24.978257,INFO,payment-service,Request processed successfully,434,200,False
2026-04-21 11:08:04.978257,INFO,auth-service,Request processed successfully,85,200,False
2026-04-21 11:08:39.978257,WARNING,api-gateway,Health check passed,194,200,False
2026-04-21 11:25:09.978257,INFO,api-gateway,Cache hit for key,347,201,False
2026-04-21 11:30:46.978257,INFO,payment-service,Health check passed,303,200,False
2026-04-21 11:31:24.978257,INFO,auth-service,Health check passed,88,200,False
2026-04-21 11:33:06.978257,WARNING,payment-service,Request processed successfully,343,200,False
2026-04-21 11:33:15.978257,INFO,notification-service,Order status updated,142,200,False
2026-04-21 11:50:23.978257,INFO,api-gateway,User authenticated,319,200,False
2026-04-21 11:50:37.978257,WARNING,api-gateway,Database query executed in 272ms,272,201,False
2026-04-21 11:54:15.978257,WARNING,notification-service,Request processed successfully,200,201,False
2026-04-21 11:59:18.978257,WARNING,inventory-service,Order status updated,469,200,False
2026-04-21 12:01:32.978257,WARNING,auth-service,Health check passed,481,200,False
2026-04-21 12:06:15.978257,WARNING,auth-service,Request processed successfully,421,200,False
2026-04-21 12:07:12.978257,WARNING,inventory-service,Cache hit for key,255,201,False
2026-04-21 12:14:51.978257,ERROR,inventory-service,Connection timeout after 5743ms,5743,502,True
2026-04-21 12:15:28.978257,CRITICAL,auth-service,Database connection pool exhausted,6040,500,True
2026-04-21 12:29:31.978257,INFO,api-gateway,Session created for user,265,200,False
2026-04-21 12:34:11.978257,WARNING,api-gateway,Health check passed,173,200,False
2026-04-21 12:35:29.978257,WARNING,payment-service,Session created for user,309,201,False
2026-04-21 12:49:10.978257,WARNING,notification-service,Health check passed,88,201,False
2026-04-21 12:52:08.978257,INFO,payment-service,Session created for user,495,201,False
2026-04-21 12:54:20.978257,INFO,api-gateway,Cache hit for key,365,200,False
2026-04-21 13:04:43.978257,INFO,payment-service,Session created for user,372,200,False
2026-04-21 13:11:45.978257,WARNING,auth-service,Request processed successfully,390,200,False
2026-04-21 13:23:53.978257,INFO,inventory-service,Order status updated,334,201,False
2026-04-21 13:25:14.978257,INFO,api-gateway,Health check passed,80,201,False
2026-04-21 13:27:11.978257,WARNING,notification-service,Order status updated,90,200,False
2026-04-21 13:38:11.978257,WARNING,api-gateway,Request processed successfully,116,201,False
2026-04-21 13:40:42.978257,INFO,inventory-service,Order status updated,89,200,False
2026-04-21 13:41:07.978257,WARNING,api-gateway,Cache hit for key,145,200,False
2026-04-21 13:43:40.978257,WARNING,notification-service,Order status updated,408,200,False
2026-04-21 13:56:08.978257,CRITICAL,inventory-service,Database connection pool exhausted,8605,502,True
2026-04-21 13:59:12.978257,WARNING,payment-service,Database query executed in 187ms,187,200,False
2026-04-21 14:05:32.978257,WARNING,auth-service,Cache hit for key,426,201,False
2026-04-21 14:06:41.978257,WARNING,payment-service,Request processed successfully,159,200,False
2026-04-21 14:08:55.978257,WARNING,inventory-service,Database query executed in 332ms,332,201,False
2026-04-21 14:20:52.978257,CRITICAL,inventory-service,Unhandled exception in request pipeline,6060,500,True
2026-04-21 14:24:55.978257,INFO,payment-service,Session created for user,155,200,False
2026-04-21 14:26:48.978257,WARNING,auth-service,Request processed successfully,392,201,False
2026-04-21 14:43:03.978257,INFO,inventory-service,Order status updated,65,201,False
2026-04-21 14:44:52.978257,INFO,inventory-service,Session created for user,361,200,False
2026-04-21 14:48:14.978257,WARNING,api-gateway,Request processed successfully,422,201,False
2026-04-21 15:03:55.978257,INFO,payment-service,Request processed successfully,412,200,False
2026-04-21 15:04:06.978257,INFO,auth-service,Health check passed,433,201,False
2026-04-21 15:10:24.978257,WARNING,auth-service,Health check passed,269,201,False
2026-04-21 15:20:27.978257,INFO,notification-service,Database query executed in 90ms,90,200,False
2026-04-21 15:23:48.978257,WARNING,notification-service,Order status updated,415,201,False
2026-04-21 15:25:23.978257,WARNING,inventory-service,Order status updated,338,201,False
2026-04-21 15:26:50.978257,INFO,notification-service,Cache hit for key,411,200,False
2026-04-21 15:33:48.978257,WARNING,inventory-service,Order status updated,99,201,False
2026-04-21 15:33:52.978257,INFO,notification-service,Request processed successfully,325,201,False
2026-04-21 15:35:24.978257,INFO,notification-service,Cache hit for key,482,201,False
2026-04-21 15:38:48.978257,INFO,notification-service,Database query executed in 397ms,397,200,False
2026-04-21 15:41:11.978257,INFO,notification-service,Order status updated,451,200,False
2026-04-21 15:43:19.978257,WARNING,api-gateway,User authenticated,176,201,False
2026-04-21 15:48:37.978257,INFO,api-gateway,Cache hit for key,474,200,False
2026-04-21 15:49:17.978257,INFO,notification-service,Request processed successfully,199,200,False
2026-04-21 15:51:43.978257,WARNING,auth-service,Request processed successfully,307,200,False
2026-04-21 15:56:51.978257,WARNING,notification-service,Cache hit for key,243,201,False
2026-04-21 16:04:30.978257,INFO,payment-service,Health check passed,149,200,False
2026-04-21 16:06:43.978257,WARNING,inventory-service,Order status updated,124,200,False
2026-04-21 16:14:13.978257,INFO,inventory-service,Database query executed in 296ms,296,201,False
2026-04-21 16:15:55.978257,WARNING,inventory-service,Database query executed in 183ms,183,200,False
2026-04-21 16:23:59.978257,WARNING,api-gateway,Request processed successfully,248,200,False
2026-04-21 16:26:36.978257,WARNING,auth-service,Request processed successfully,441,201,False
2026-04-21 16:29:08.978257,ERROR,inventory-service,Database connection pool exhausted,8245,500,True
2026-04-21 16:31:32.978257,WARNING,notification-service,Order status updated,317,200,False
2026-04-21 16:38:44.978257,INFO,inventory-service,Cache hit for key,63,201,False
2026-04-21 16:43:43.978257,WARNING,notification-service,Request processed successfully,82,200,False
2026-04-21 16:48:32.978257,INFO,payment-service,Health check passed,375,201,False
2026-04-21 16:48:41.978257,WARNING,auth-service,Health check passed,256,201,False
2026-04-21 16:50:27.978257,WARNING,inventory-service,Order status updated,73,200,False
2026-04-21 16:53:50.978257,INFO,api-gateway,Database query executed in 346ms,346,200,False
2026-04-21 17:00:38.978257,WARNING,api-gateway,Order status updated,461,201,False
2026-04-21 17:09:06.978257,WARNING,auth-service,Session created for user,235,201,False
2026-04-21 17:10:12.978257,INFO,auth-service,Session created for user,311,201,False
2026-04-21 17:14:08.978257,WARNING,auth-service,Session created for user,90,200,False
2026-04-21 17:14:19.978257,CRITICAL,auth-service,Service unreachable after 3 retries,4600,503,True
2026-04-21 17:15:07.978257,INFO,inventory-service,Cache hit for key,480,200,False
2026-04-21 17:20:09.978257,INFO,notification-service,Order status updated,271,201,False
2026-04-21 17:24:48.978257,CRITICAL,notification-service,Unhandled exception in request pipeline,4574,500,True
2026-04-21 17:26:55.978257,INFO,auth-service,Health check passed,360,200,False
2026-04-21 17:27:25.978257,INFO,inventory-service,Order status updated,201,200,False
2026-04-21 17:28:36.978257,WARNING,inventory-service,User authenticated,432,201,False
2026-04-21 17:31:07.978257,WARNING,auth-service,Request processed successfully,392,201,False
2026-04-21 17:34:26.978257,WARNING,notification-service,Request processed successfully,100,200,False
2026-04-21 17:34:47.978257,INFO,inventory-service,Database query executed in 307ms,307,200,False
2026-04-21 17:38:59.978257,WARNING,inventory-service,User authenticated,82,200,False
2026-04-21 17:40:33.978257,INFO,payment-service,Session created for user,229,201,False
2026-04-21 17:43:39.978257,WARNING,inventory-service,Order status updated,193,201,False
2026-04-21 17:46:32.978257,WARNING,payment-service,Health check passed,384,201,False
2026-04-21 17:47:00.978257,INFO,notification-service,User authenticated,384,201,False
2026-04-21 17:51:31.978257,INFO,auth-service,Session created for user,304,200,False
2026-04-21 17:54:13.978257,WARNING,notification-service,User authenticated,417,201,False
2026-04-21 18:04:04.978257,INFO,auth-service,User authenticated,299,201,False
2026-04-21 18:05:36.978257,INFO,notification-service,Order status updated,261,201,False
2026-04-21 18:07:02.978257,INFO,payment-service,Health check passed,272,201,False
2026-04-21 18:14:25.978257,WARNING,notification-service,Cache hit for key,280,200,False
2026-04-21 18:18:45.978257,INFO,inventory-service,Cache hit for key,381,200,False
2026-04-21 18:20:09.978257,WARNING,api-gateway,Session created for user,184,201,False
2026-04-21 18:21:17.978257,INFO,auth-service,Health check passed,496,200,False
2026-04-21 18:27:34.978257,WARNING,auth-service,Health check passed,410,201,False
2026-04-21 18:30:04.978257,WARNING,payment-service,Database query executed in 112ms,112,200,False
2026-04-21 18:38:14.978257,WARNING,inventory-service,Database query executed in 465ms,465,201,False
2026-04-21 18:45:00.978257,WARNING,payment-service,Database query executed in 351ms,351,200,False
2026-04-21 19:00:04.978257,INFO,notification-service,Cache hit for key,133,201,False
2026-04-21 19:00:50.978257,ERROR,payment-service,Memory usage exceeded threshold,6750,502,True
2026-04-21 19:01:05.978257,WARNING,api-gateway,Database query executed in 428ms,428,201,False
2026-04-21 19:04:24.978257,CRITICAL,payment-service,Connection timeout after 4465ms,4465,503,True
2026-04-21 19:07:54.978257,WARNING,api-gateway,Database query executed in 55ms,55,201,False
2026-04-21 19:20:47.978257,INFO,api-gateway,Order status updated,118,200,False
2026-04-21 19:26:03.978257,INFO,notification-service,Health check passed,428,200,False
2026-04-21 19:27:55.978257,INFO,inventory-service,Order status updated,63,201,False
2026-04-21 19:33:40.978257,INFO,auth-service,Cache hit for key,328,201,False
2026-04-21 19:34:40.978257,WARNING,payment-service,Order status updated,389,201,False
2026-04-21 19:36:04.978257,INFO,api-gateway,User authenticated,320,200,False
2026-04-21 19:41:34.978257,WARNING,inventory-service,Session created for user,462,201,False
2026-04-21 19:50:36.978257,INFO,payment-service,User authenticated,295,201,False
2026-04-21 19:53:25.978257,INFO,inventory-service,Order status updated,255,201,False
2026-04-21 19:56:03.978257,INFO,api-gateway,Cache hit for key,70,200,False
2026-04-21 20:01:24.978257,INFO,payment-service,User authenticated,115,201,False
2026-04-21 20:08:27.978257,WARNING,inventory-service,Session created for user,444,201,False
2026-04-21 20:10:32.978257,INFO,inventory-service,Request processed successfully,307,201,False
2026-04-21 20:19:23.978257,WARNING,notification-service,Health check passed,68,201,False
2026-04-21 20:30:44.978257,WARNING,inventory-service,Cache hit for key,204,201,False
2026-04-21 20:33:49.978257,CRITICAL,notification-service,Memory usage exceeded threshold,5116,502,True
2026-04-21 20:34:21.978257,CRITICAL,auth-service,Unhandled exception in request pipeline,8813,500,True
2026-04-21 20:39:31.978257,INFO,payment-service,Database query executed in 190ms,190,201,False
2026-04-21 20:52:43.978257,WARNING,inventory-service,Request processed successfully,298,201,False
2026-04-21 20:54:40.978257,WARNING,notification-service,Request processed successfully,219,201,False
2026-04-21 20:58:22.978257,WARNING,notification-service,Request processed successfully,215,201,False
2026-04-21 20:59:27.978257,WARNING,inventory-service,Cache hit for key,130,200,False
2026-04-21 20:59:53.978257,INFO,inventory-service,User authenticated,140,200,False
2026-04-21 21:09:22.978257,WARNING,notification-service,User authenticated,378,201,False
2026-04-21 21:14:22.978257,INFO,inventory-service,Request processed successfully,238,200,False
2026-04-21 21:22:16.978257,INFO,auth-service,Health check passed,98,200,False
2026-04-21 21:31:20.978257,WARNING,inventory-service,Order status updated,225,200,False
2026-04-21 21:32:16.978257,INFO,api-gateway,Session created for user,78,200,False
2026-04-21 21:47:53.978257,WARNING,api-gateway,Health check passed,107,201,False
2026-04-21 21:47:56.978257,WARNING,auth-service,Order status updated,115,200,False
2026-04-21 21:49:05.978257,WARNING,inventory-service,Cache hit for key,110,201,False
2026-04-21 21:59:00.978257,WARNING,auth-service,Cache hit for key,491,201,False
2026-04-21 22:05:10.978257,INFO,auth-service,Session created for user,244,200,False
2026-04-21 22:07:41.978257,WARNING,inventory-service,Order status updated,243,200,False
2026-04-21 22:12:29.978257,WARNING,payment-service,Request processed successfully,225,200,False
2026-04-21 22:16:07.978257,CRITICAL,auth-service,Database connection pool exhausted,7613,500,True
2026-04-21 22:17:20.978257,CRITICAL,notification-service,Service unreachable after 3 retries,7913,503,True
2026-04-21 22:30:50.978257,WARNING,auth-service,Request processed successfully,385,201,False
2026-04-21 22:33:21.978257,INFO,auth-service,Session created for user,58,200,False
2026-04-21 22:37:56.978257,WARNING,auth-service,User authenticated,375,200,False
2026-04-21 22:38:17.978257,CRITICAL,auth-service,Connection timeout after 8158ms,8158,502,True
2026-04-21 22:48:51.978257,ERROR,notification-service,Database connection pool exhausted,7833,500,True
2026-04-21 23:07:42.978257,CRITICAL,payment-service,Unhandled exception in request pipeline,5475,503,True
2026-04-21 23:08:55.978257,WARNING,payment-service,Database query executed in 151ms,151,200,False
2026-04-21 23:15:59.978257,CRITICAL,notification-service,Memory usage exceeded threshold,8765,503,True
2026-04-21 23:16:53.978257,INFO,notification-service,Cache hit for key,469,201,False
2026-04-21 23:20:13.978257,INFO,payment-service,Cache hit for key,153,201,False
2026-04-21 23:33:00.978257,INFO,auth-service,Cache hit for key,218,200,False
2026-04-21 23:36:31.978257,WARNING,api-gateway,Request processed successfully,307,201,False
2026-04-21 23:47:47.978257,INFO,inventory-service,Request processed successfully,484,201,False
2026-04-21 23:52:36.978257,INFO,api-gateway,Order status updated,266,200,False
2026-04-21 23:53:55.978257,WARNING,inventory-service,Health check passed,202,200,False
2026-04-21 23:55:07.978257,INFO,api-gateway,Session created for user,486,200,False
2026-04-21 23:55:15.978257,INFO,notification-service,Session created for user,270,201,False
2026-04-21 23:57:43.978257,INFO,auth-service,Database query executed in 244ms,244,201,False
2026-04-21 23:58:29.978257,INFO,payment-service,Health check passed,161,201,False
2026-04-22 00:01:04.978257,ERROR,auth-service,Connection timeout after 3816ms,3816,503,True
2026-04-22 00:01:47.978257,INFO,notification-service,Cache hit for key,347,201,False
2026-04-22 00:03:38.978257,INFO,inventory-service,Request processed successfully,315,200,False
2026-04-22 00:05:52.978257,INFO,payment-service,Cache hit for key,175,200,False
2026-04-22 00:10:50.978257,INFO,auth-service,Health check passed,233,200,False
2026-04-22 00:12:32.978257,WARNING,payment-service,Cache hit for key,249,200,False
2026-04-22 00:12:33.978257,WARNING,notification-service,Cache hit for key,294,200,False
2026-04-22 00:14:15.978257,INFO,api-gateway,User authenticated,202,201,False
2026-04-22 00:26:45.978257,WARNING,notification-service,Health check passed,325,201,False
2026-04-22 00:33:06.978257,INFO,payment-service,Health check passed,244,200,False
2026-04-22 00:38:56.978257,INFO,inventory-service,Database query executed in 112ms,112,201,False
2026-04-22 00:49:03.978257,WARNING,auth-service,Order status updated,485,201,False
2026-04-22 00:58:36.978257,INFO,inventory-service,Order status updated,200,201,False
2026-04-22 00:59:46.978257,ERROR,auth-service,Database connection pool exhausted,7179,502,True
2026-04-22 01:20:14.978257,INFO,notification-service,Cache hit for key,423,201,False
2026-04-22 01:24:04.978257,WARNING,inventory-service,Health check passed,222,200,False
2026-04-22 01:34:29.978257,WARNING,api-gateway,User authenticated,415,201,False
2026-04-22 01:34:48.978257,INFO,api-gateway,User authenticated,296,200,False
2026-04-22 01:45:22.978257,INFO,api-gateway,Request processed successfully,108,200,False
2026-04-22 01:46:08.978257,WARNING,inventory-service,Cache hit for key,156,200,False
2026-04-22 01:50:21.978257,WARNING,notification-service,Order status updated,109,200,False
2026-04-22 01:56:13.978257,WARNING,api-gateway,Session created for user,254,200,False
2026-04-22 02:00:40.978257,INFO,notification-service,Session created for user,261,201,False
2026-04-22 02:00:59.978257,WARNING,inventory-service,Session created for user,128,201,False
2026-04-22 02:02:27.978257,WARNING,inventory-service,Cache hit for key,192,200,False
2026-04-22 02:09:09.978257,INFO,auth-service,Database query executed in 338ms,338,201,False
2026-04-22 02:09:11.978257,INFO,notification-service,User authenticated,246,201,False
2026-04-22 02:11:17.978257,WARNING,auth-service,Database query executed in 367ms,367,201,False
2026-04-22 02:25:56.978257,WARNING,notification-service,User authenticated,246,200,False
2026-04-22 02:28:54.978257,INFO,payment-service,Session created for user,441,200,False
2026-04-22 02:29:45.978257,INFO,payment-service,Order status updated,50,200,False
2026-04-22 02:30:22.978257,INFO,inventory-service,Session created for user,213,200,False
2026-04-22 02:34:38.978257,WARNING,payment-service,User authenticated,74,201,False
2026-04-22 02:37:37.978257,WARNING,inventory-service,Order status updated,453,200,False
2026-04-22 02:38:21.978257,INFO,api-gateway,User authenticated,434,201,False
2026-04-22 02:39:19.978257,WARNING,payment-service,User authenticated,493,201,False
2026-04-22 02:43:41.978257,INFO,payment-service,Health check passed,140,200,False
2026-04-22 02:46:02.978257,WARNING,inventory-service,Request processed successfully,61,201,False
2026-04-22 02:48:31.978257,INFO,api-gateway,Health check passed,494,201,False
2026-04-22 02:52:15.978257,INFO,api-gateway,Database query executed in 164ms,164,200,False
2026-04-22 02:54:35.978257,WARNING,auth-service,Cache hit for key,173,200,False
2026-04-22 02:55:11.978257,INFO,api-gateway,Database query executed in 445ms,445,201,False
2026-04-22 02:56:28.978257,WARNING,api-gateway,Cache hit for key,358,201,False
2026-04-22 03:09:35.978257,INFO,payment-service,Request processed successfully,221,201,False
2026-04-22 03:12:01.978257,INFO,payment-service,Cache hit for key,464,201,False
2026-04-22 03:12:43.978257,INFO,notification-service,Order status updated,184,200,False
2026-04-22 03:21:34.978257,WARNING,auth-service,User authenticated,248,201,False
2026-04-22 03:29:47.978257,INFO,inventory-service,Health check passed,434,201,False
2026-04-22 03:30:24.978257,INFO,payment-service,Request processed successfully,500,200,False
2026-04-22 03:33:17.978257,WARNING,auth-service,Session created for user,259,200,False
2026-04-22 03:35:50.978257,WARNING,api-gateway,Request processed successfully,377,200,False
2026-04-22 03:38:12.978257,CRITICAL,payment-service,Unhandled exception in request pipeline,8405,502,True
2026-04-22 03:42:17.978257,WARNING,payment-service,Health check passed,387,200,False
2026-04-22 03:43:21.978257,WARNING,inventory-service,Health check passed,423,201,False
2026-04-22 03:46:59.978257,INFO,inventory-service,Cache hit for key,500,201,False
2026-04-22 03:47:39.978257,INFO,payment-service,User authenticated,167,200,False
2026-04-22 03:59:52.978257,INFO,inventory-service,Order status updated,80,200,False
2026-04-22 04:00:54.978257,WARNING,inventory-service,Request processed successfully,233,201,False
2026-04-22 04:09:46.978257,WARNING,notification-service,Request processed successfully,186,200,False
2026-04-22 04:10:33.978257,ERROR,payment-service,Database connection pool exhausted,6183,502,True
2026-04-22 04:11:12.978257,INFO,auth-service,Cache hit for key,199,200,False
2026-04-22 04:15:20.978257,WARNING,payment-service,Health check passed,364,200,False
2026-04-22 04:16:45.978257,INFO,inventory-service,Health check passed,370,200,False
2026-04-22 04:19:28.978257,ERROR,payment-service,Database connection pool exhausted,2596,503,True
2026-04-22 04:22:54.978257,ERROR,notification-service,Connection timeout after 2262ms,2262,500,True
2026-04-22 04:24:17.978257,INFO,inventory-service,Request processed successfully,497,200,False
2026-04-22 04:26:42.978257,INFO,auth-service,Health check passed,420,200,False
2026-04-22 04:27:20.978257,WARNING,auth-service,Session created for user,200,201,False
2026-04-22 04:30:53.978257,INFO,api-gateway,Database query executed in 73ms,73,200,False
2026-04-22 04:39:00.978257,WARNING,auth-service,Order status updated,404,200,False
2026-04-22 04:41:04.978257,WARNING,api-gateway,Request processed successfully,321,201,False
2026-04-22 04:41:44.978257,INFO,notification-service,Health check passed,165,201,False
2026-04-22 04:43:06.978257,ERROR,auth-service,Connection timeout after 7408ms,7408,500,True
2026-04-22 04:48:51.978257,INFO,notification-service,Order status updated,488,201,False
2026-04-22 04:51:28.978257,INFO,notification-service,Session created for user,403,201,False
2026-04-22 05:00:02.978257,WARNING,api-gateway,Session created for user,250,200,False
2026-04-22 05:05:15.978257,ERROR,inventory-service,Unhandled exception in request pipeline,8837,503,True
2026-04-22 05:15:49.978257,WARNING,auth-service,Session created for user,117,201,False
2026-04-22 05:16:13.978257,WARNING,payment-service,Database query executed in 375ms,375,200,False
2026-04-22 05:20:41.978257,ERROR,inventory-service,Unhandled exception in request pipeline,8647,500,True
2026-04-22 05:36:54.978257,WARNING,api-gateway,Order status updated,476,200,False
2026-04-22 05:50:26.978257,INFO,notification-service,Request processed successfully,417,201,False
2026-04-22 05:57:16.978257,WARNING,notification-service,User authenticated,240,200,False
2026-04-22 06:00:37.978257,WARNING,auth-service,Health check passed,63,200,False
2026-04-22 06:04:16.978257,WARNING,notification-service,Database query executed in 442ms,442,200,False
2026-04-22 06:12:08.978257,INFO,payment-service,Cache hit for key,326,201,False
2026-04-22 06:17:03.978257,INFO,auth-service,Request processed successfully,145,200,False
2026-04-22 06:29:36.978257,WARNING,inventory-service,Session created for user,281,201,False
2026-04-22 06:32:17.978257,CRITICAL,payment-service,Service unreachable after 3 retries,2419,503,True
2026-04-22 06:33:28.978257,INFO,auth-service,User authenticated,113,200,False
2026-04-22 06:42:19.978257,INFO,auth-service,User authenticated,156,201,False
2026-04-22 06:43:14.978257,INFO,api-gateway,User authenticated,384,201,False
2026-04-22 06:44:23.978257,WARNING,api-gateway,Cache hit for key,353,201,False
2026-04-22 06:47:25.978257,INFO,api-gateway,Request processed successfully,414,201,False
2026-04-22 06:47:50.978257,INFO,payment-service,Health check passed,296,201,False
2026-04-22 06:50:22.978257,WARNING,inventory-service,Session created for user,313,201,False
2026-04-22 06:52:36.978257,INFO,api-gateway,Cache hit for key,222,201,False
2026-04-22 06:53:57.978257,ERROR,inventory-service,Memory usage exceeded threshold,3290,503,True
2026-04-22 06:54:06.978257,INFO,payment-service,Order status updated,89,200,False
2026-04-22 06:54:57.978257,WARNING,auth-service,Health check passed,350,201,False
2026-04-22 06:55:34.978257,INFO,payment-service,Database query executed in 292ms,292,200,False
2026-04-22 07:02:26.978257,CRITICAL,api-gateway,Database connection pool exhausted,8943,503,True
2026-04-22 07:04:01.978257,ERROR,auth-service,Memory usage exceeded threshold,2033,500,True
2026-04-22 07:20:26.978257,INFO,notification-service,Order status updated,212,201,False
2026-04-22 07:27:01.978257,WARNING,notification-service,Request processed successfully,131,201,False
2026-04-22 07:32:03.978257,INFO,api-gateway,Request processed successfully,436,201,False
2026-04-22 07:34:41.978257,WARNING,payment-service,Database query executed in 332ms,332,200,False
2026-04-22 07:38:02.978257,WARNING,inventory-service,Session created for user,54,200,False
2026-04-22 07:45:15.978257,WARNING,notification-service,Session created for user,279,200,False
2026-04-22 07:48:14.978257,WARNING,inventory-service,Cache hit for key,148,200,False
2026-04-22 07:52:09.978257,WARNING,inventory-service,User authenticated,126,201,False
2026-04-22 07:52:28.978257,WARNING,notification-service,Database query executed in 332ms,332,200,False
2026-04-22 07:56:19.978257,INFO,inventory-service,Request processed successfully,413,201,False
2026-04-22 07:58:05.978257,WARNING,payment-service,Cache hit for key,491,201,False
2026-04-22 08:07:25.978257,INFO,notification-service,Cache hit for key,70,201,False
2026-04-22 08:09:12.978257,INFO,payment-service,Health check passed,491,200,False
2026-04-22 08:10:12.978257,WARNING,api-gateway,User authenticated,348,201,False
2026-04-22 08:15:07.978257,WARNING,api-gateway,Order status updated,366,201,False
2026-04-22 08:16:12.978257,INFO,inventory-service,Database query executed in 301ms,301,200,False
2026-04-22 08:16:32.978257,CRITICAL,api-gateway,Memory usage exceeded threshold,3149,503,True
2026-04-22 08:16:41.978257,WARNING,payment-service,Database query executed in 228ms,228,200,False
2026-04-22 08:18:18.978257,WARNING,payment-service,User authenticated,444,200,False
2026-04-22 08:18:37.978257,INFO,payment-service,Session created for user,194,200,False
2026-04-22 08:21:30.978257,INFO,api-gateway,Session created for user,207,201,False
2026-04-22 08:26:31.978257,WARNING,payment-service,User authenticated,490,201,False
2026-04-22 08:26:48.978257,CRITICAL,inventory-service,Unhandled exception in request pipeline,3796,503,True
2026-04-22 08:31:08.978257,INFO,inventory-service,Session created for user,62,201,False
2026-04-22 08:35:34.978257,WARNING,notification-service,Request processed successfully,226,201,False
2026-04-22 08:43:20.978257,WARNING,api-gateway,Database query executed in 267ms,267,201,False
2026-04-22 08:47:55.978257,INFO,api-gateway,Request processed successfully,235,200,False
2026-04-22 08:50:49.978257,INFO,inventory-service,Database query executed in 222ms,222,201,False
2026-04-22 08:56:56.978257,WARNING,payment-service,Database query executed in 470ms,470,201,False
2026-04-22 08:59:15.978257,WARNING,inventory-service,User authenticated,434,201,False
2026-04-22 09:27:46.978257,WARNING,inventory-service,User authenticated,285,201,False
2026-04-22 09:29:42.978257,INFO,api-gateway,Request processed successfully,210,200,False
2026-04-22 09:31:44.978257,INFO,api-gateway,Cache hit for key,280,201,False
2026-04-22 09:34:16.978257,INFO,inventory-service,Request processed successfully,387,201,False
2026-04-22 09:54:26.978257,WARNING,api-gateway,Health check passed,69,201,False
2026-04-22 09:58:28.978257,INFO,auth-service,Database query executed in 402ms,402,200,False
2026-04-22 10:00:28.978257,INFO,auth-service,Database query executed in 348ms,348,200,False
2026-04-22 10:08:51.978257,WARNING,payment-service,Cache hit for key,302,201,False
2026-04-22 10:09:19.978257,CRITICAL,inventory-service,Unhandled exception in request pipeline,6616,500,True
2026-04-22 10:09:46.978257,INFO,payment-service,Request processed successfully,486,201,False
2026-04-22 10:12:09.978257,WARNING,payment-service,Cache hit for key,331,200,False
2026-04-22 10:16:42.978257,CRITICAL,notification-service,Memory usage exceeded threshold,7660,500,True
2026-04-22 10:16:48.978257,WARNING,payment-service,User authenticated,322,201,False
2026-04-22 10:22:47.978257,WARNING,inventory-service,Cache hit for key,499,200,False
2026-04-22 10:41:47.978257,INFO,notification-service,Session created for user,381,201,False
2026-04-22 10:44:36.978257,WARNING,auth-service,Request processed successfully,330,201,False
2026-04-22 10:45:28.978257,WARNING,auth-service,Cache hit for key,186,200,False
2026-04-22 10:46:26.978257,INFO,auth-service,Database query executed in 407ms,407,200,False
2026-04-22 10:49:12.978257,INFO,notification-service,Request processed successfully,474,200,False
2026-04-22 10:51:48.978257,WARNING,notification-service,Request processed successfully,233,201,False
2026-04-22 10:53:53.978257,WARNING,inventory-service,Cache hit for key,231,200,False
2026-04-22 10:56:58.978257,ERROR,inventory-service,Unhandled exception in request pipeline,2123,500,True
2026-04-22 10:57:58.978257,INFO,inventory-service,Session created for user,371,200,False
2026-04-22 11:01:24.978257,INFO,payment-service,Health check passed,296,200,False
2026-04-22 11:03:42.978257,INFO,inventory-service,Cache hit for key,340,200,False
2026-04-22 11:10:06.978257,INFO,api-gateway,Database query executed in 173ms,173,201,False
2026-04-22 11:13:28.978257,INFO,auth-service,Health check passed,117,201,False
2026-04-22 11:14:23.978257,WARNING,api-gateway,Database query executed in 265ms,265,200,False
2026-04-22 11:20:29.978257,INFO,inventory-service,Database query executed in 461ms,461,200,False
2026-04-22 11:26:01.978257,INFO,payment-service,Cache hit for key,223,200,False
2026-04-22 11:35:27.978257,WARNING,payment-service,Order status updated,290,200,False
2026-04-22 11:37:16.978257,INFO,payment-service,Order status updated,104,201,False
2026-04-22 11:43:24.978257,WARNING,payment-service,Cache hit for key,396,200,False
2026-04-22 11:49:19.978257,WARNING,inventory-service,Health check passed,273,200,False
2026-04-22 11:53:13.978257,INFO,api-gateway,Health check passed,400,200,False
2026-04-22 11:54:25.978257,ERROR,api-gateway,Database connection pool exhausted,8455,502,True
2026-04-22 11:54:46.978257,INFO,payment-service,Cache hit for key,480,200,False
2026-04-22 11:55:13.978257,INFO,api-gateway,Database query executed in 451ms,451,201,False
2026-04-22 11:58:13.978257,WARNING,api-gateway,Health check passed,98,200,False
2026-04-22 12:06:47.978257,INFO,auth-service,Order status updated,59,200,False
2026-04-22 12:08:01.978257,INFO,inventory-service,User authenticated,336,200,False
2026-04-22 12:08:34.978257,WARNING,notification-service,User authenticated,218,200,False
2026-04-22 12:10:24.978257,INFO,auth-service,Session created for user,453,200,False
2026-04-22 12:16:28.978257,WARNING,payment-service,User authenticated,334,200,False
2026-04-22 12:18:53.978257,INFO,payment-service,Request processed successfully,137,200,False
2026-04-22 12:25:56.978257,WARNING,api-gateway,Order status updated,204,201,False
2026-04-22 12:30:59.978257,INFO,notification-service,Health check passed,491,200,False
2026-04-22 12:33:57.978257,ERROR,notification-service,Memory usage exceeded threshold,2204,503,True
2026-04-22 12:38:28.978257,WARNING,api-gateway,Health check passed,99,201,False
2026-04-22 12:40:15.978257,CRITICAL,notification-service,Connection timeout after 6717ms,6717,502,True
2026-04-22 12:43:30.978257,WARNING,payment-service,Order status updated,73,201,False
2026-04-22 12:45:42.978257,WARNING,auth-service,Request processed successfully,267,201,False
2026-04-22 12:52:59.978257,WARNING,payment-service,Session created for user,246,201,False
2026-04-22 12:56:18.978257,INFO,notification-service,Database query executed in 65ms,65,201,False
2026-04-22 13:05:25.978257,ERROR,notification-service,Service unreachable after 3 retries,6637,502,True
2026-04-22 13:06:51.978257,INFO,auth-service,Session created for user,104,200,False
2026-04-22 13:13:58.978257,INFO,inventory-service,User authenticated,90,200,False
2026-04-22 13:27:30.978257,WARNING,api-gateway,Request processed successfully,218,200,False
2026-04-22 13:29:15.978257,INFO,payment-service,Database query executed in 401ms,401,200,False
2026-04-22 13:31:07.978257,WARNING,auth-service,Cache hit for key,473,201,False
2026-04-22 13:34:33.978257,WARNING,notification-service,Session created for user,96,200,False
2026-04-22 13:41:16.978257,WARNING,api-gateway,User authenticated,240,201,False
2026-04-22 13:44:16.978257,WARNING,inventory-service,Order status updated,240,201,False
2026-04-22 13:45:28.978257,WARNING,inventory-service,Request processed successfully,90,201,False
2026-04-22 13:47:24.978257,INFO,payment-service,Health check passed,318,200,False
2026-04-22 13:47:48.978257,INFO,notification-service,User authenticated,256,200,False
2026-04-22 13:49:03.978257,INFO,notification-service,Order status updated,306,201,False
2026-04-22 13:49:26.978257,INFO,notification-service,Order status updated,149,200,False
2026-04-22 14:09:27.978257,WARNING,auth-service,Database query executed in 114ms,114,201,False
2026-04-22 14:12:30.978257,INFO,inventory-service,Database query executed in 130ms,130,201,False
2026-04-22 14:18:04.978257,ERROR,api-gateway,Memory usage exceeded threshold,7983,503,True
2026-04-22 14:19:48.978257,ERROR,auth-service,Unhandled exception in request pipeline,7396,503,True
2026-04-22 14:32:26.978257,WARNING,payment-service,User authenticated,80,200,False
2026-04-22 14:53:15.978257,INFO,notification-service,Session created for user,196,200,False
2026-04-22 14:57:08.978257,INFO,inventory-service,Cache hit for key,395,201,False
2026-04-22 15:06:42.978257,WARNING,auth-service,Health check passed,266,201,False
2026-04-22 15:07:30.978257,INFO,inventory-service,Order status updated,293,201,False
2026-04-22 15:07:59.978257,WARNING,auth-service,Session created for user,186,200,False
2026-04-22 15:14:51.978257,INFO,payment-service,User authenticated,499,201,False
2026-04-22 15:18:07.978257,INFO,auth-service,Health check passed,478,200,False
2026-04-22 15:24:40.978257,WARNING,payment-service,Health check passed,113,201,False
2026-04-22 15:25:54.978257,INFO,api-gateway,Health check passed,168,200,False
2026-04-22 15:33:56.978257,INFO,inventory-service,Session created for user,99,201,False
2026-04-22 15:35:23.978257,WARNING,notification-service,Database query executed in 136ms,136,200,False
2026-04-22 15:40:00.978257,WARNING,payment-service,Order status updated,56,200,False
2026-04-22 15:40:36.978257,WARNING,auth-service,Order status updated,180,200,False
2026-04-22 15:41:11.978257,WARNING,api-gateway,User authenticated,289,201,False
2026-04-22 15:48:19.978257,WARNING,payment-service,User authenticated,128,200,False
2026-04-22 15:58:21.978257,INFO,notification-service,User authenticated,278,200,False
2026-04-22 16:01:38.978257,INFO,notification-service,Request processed successfully,103,201,False
2026-04-22 16:09:09.978257,INFO,api-gateway,Session created for user,241,201,False
2026-04-22 16:25:55.978257,WARNING,auth-service,Health check passed,377,201,False
2026-04-22 16:27:21.978257,INFO,inventory-service,User authenticated,349,200,False
2026-04-22 16:27:22.978257,WARNING,notification-service,Cache hit for key,63,201,False
2026-04-22 16:29:10.978257,WARNING,auth-service,Session created for user,392,201,False
2026-04-22 16:29:14.978257,WARNING,inventory-service,Cache hit for key,366,200,False
2026-04-22 16:30:29.978257,WARNING,payment-service,Request processed successfully,124,201,False
2026-04-22 16:32:17.978257,INFO,notification-service,Request processed successfully,450,200,False
2026-04-22 16:32:46.978257,INFO,inventory-service,Cache hit for key,115,201,False
2026-04-22 16:40:02.978257,WARNING,payment-service,Order status updated,325,201,False
2026-04-22 16:47:48.978257,WARNING,payment-service,Session created for user,184,200,False
2026-04-22 16:50:56.978257,ERROR,inventory-service,Memory usage exceeded threshold,8054,503,True
2026-04-22 16:57:54.978257,WARNING,auth-service,Health check passed,451,201,False
2026-04-22 17:00:25.978257,INFO,payment-service,Session created for user,438,200,False
2026-04-22 17:01:24.978257,INFO,payment-service,Order status updated,84,200,False
2026-04-22 17:07:03.978257,WARNING,auth-service,User authenticated,153,200,False
2026-04-22 17:10:29.978257,WARNING,payment-service,Session created for user,241,201,False
2026-04-22 17:18:18.978257,WARNING,notification-service,Session created for user,480,200,False
2026-04-22 17:19:33.978257,INFO,inventory-service,Cache hit for key,383,200,False
2026-04-22 17:19:56.978257,INFO,auth-service,Order status updated,122,200,False
2026-04-22 17:21:42.978257,WARNING,notification-service,Request processed successfully,93,201,False
2026-04-22 17:41:07.978257,INFO,notification-service,User authenticated,142,201,False
2026-04-22 17:50:55.978257,INFO,notification-service,Database query executed in 428ms,428,201,False
2026-04-22 17:52:21.978257,INFO,notification-service,Cache hit for key,389,200,False
2026-04-22 17:57:13.978257,INFO,inventory-service,Request processed successfully,92,200,False
2026-04-22 17:59:12.978257,INFO,auth-service,Database query executed in 279ms,279,200,False
2026-04-22 18:00:09.978257,INFO,notification-service,Cache hit for key,254,200,False
2026-04-22 18:00:21.978257,INFO,inventory-service,Cache hit for key,117,200,False
2026-04-22 18:10:30.978257,WARNING,notification-service,Database query executed in 130ms,130,200,False
2026-04-22 18:11:32.978257,INFO,inventory-service,Order status updated,106,200,False
2026-04-22 18:14:32.978257,WARNING,auth-service,Health check passed,228,201,False
2026-04-22 18:15:21.978257,WARNING,auth-service,Cache hit for key,228,200,False
2026-04-22 18:23:46.978257,INFO,api-gateway,Request processed successfully,419,200,False
2026-04-22 18:25:01.978257,WARNING,notification-service,User authenticated,270,200,False
2026-04-22 18:25:59.978257,CRITICAL,notification-service,Service unreachable after 3 retries,7691,503,True
2026-04-22 18:41:43.978257,WARNING,notification-service,Cache hit for key,413,201,False
2026-04-22 18:48:02.978257,WARNING,payment-service,Cache hit for key,213,200,False
2026-04-22 18:48:40.978257,INFO,api-gateway,Request processed successfully,112,201,False
2026-04-22 18:57:59.978257,INFO,notification-service,Cache hit for key,394,201,False
2026-04-22 19:10:19.978257,INFO,notification-service,User authenticated,328,201,False
2026-04-22 19:10:48.978257,WARNING,inventory-service,User authenticated,214,201,False
2026-04-22 19:15:30.978257,INFO,payment-service,Cache hit for key,70,201,False
2026-04-22 19:16:21.978257,INFO,inventory-service,User authenticated,126,201,False
2026-04-22 19:16:51.978257,WARNING,auth-service,User authenticated,485,200,False
2026-04-22 19:20:32.978257,WARNING,api-gateway,Session created for user,351,200,False
2026-04-22 19:22:59.978257,WARNING,notification-service,Database query executed in 314ms,314,200,False
2026-04-22 19:28:27.978257,WARNING,inventory-service,Cache hit for key,387,201,False
2026-04-22 19:33:02.978257,INFO,notification-service,Order status updated,258,200,False
2026-04-22 19:51:56.978257,WARNING,api-gateway,Order status updated,350,201,False
2026-04-22 19:52:39.978257,WARNING,api-gateway,Health check passed,217,201,False
2026-04-22 19:53:01.978257,INFO,payment-service,Session created for user,381,201,False
2026-04-22 19:54:41.978257,INFO,payment-service,Cache hit for key,210,201,False
2026-04-22 20:01:47.978257,WARNING,auth-service,Health check passed,84,200,False
2026-04-22 20:03:06.978257,INFO,auth-service,User authenticated,198,201,False
2026-04-22 20:03:24.978257,WARNING,inventory-service,Order status updated,246,200,False
2026-04-22 20:07:30.978257,WARNING,api-gateway,Health check passed,83,201,False
2026-04-22 20:20:20.978257,ERROR,payment-service,Database connection pool exhausted,7078,502,True
2026-04-22 20:22:25.978257,INFO,notification-service,Health check passed,474,200,False
2026-04-22 20:24:24.978257,WARNING,api-gateway,Request processed successfully,83,200,False
2026-04-22 20:26:50.978257,INFO,api-gateway,Cache hit for key,318,201,False
2026-04-22 20:28:20.978257,INFO,auth-service,User authenticated,486,200,False
2026-04-22 20:28:44.978257,WARNING,api-gateway,Database query executed in 465ms,465,201,False
2026-04-22 20:29:41.978257,WARNING,notification-service,Order status updated,140,200,False
2026-04-22 20:30:12.978257,INFO,auth-service,Cache hit for key,68,200,False
2026-04-22 20:37:37.978257,INFO,api-gateway,User authenticated,489,200,False
2026-04-22 20:41:50.978257,INFO,payment-service,User authenticated,72,201,False
2026-04-22 20:43:05.978257,WARNING,inventory-service,Cache hit for key,81,201,False
2026-04-22 20:43:20.978257,WARNING,notification-service,Order status updated,409,200,False
2026-04-22 20:46:31.978257,INFO,auth-service,Order status updated,434,201,False
2026-04-22 20:51:00.978257,WARNING,auth-service,User authenticated,306,200,False
2026-04-22 20:58:43.978257,WARNING,inventory-service,Cache hit for key,359,201,False
2026-04-22 21:00:30.978257,WARNING,auth-service,Database query executed in 58ms,58,201,False
2026-04-22 21:05:22.978257,INFO,payment-service,Request processed successfully,271,201,False
2026-04-22 21:09:45.978257,WARNING,auth-service,User authenticated,172,200,False
2026-04-22 21:10:13.978257,INFO,inventory-service,Health check passed,65,200,False
2026-04-22 21:11:19.978257,INFO,notification-service,Session created for user,234,200,False
2026-04-22 21:16:46.978257,INFO,payment-service,User authenticated,305,200,False
2026-04-22 21:17:40.978257,WARNING,auth-service,Cache hit for key,420,201,False
2026-04-22 21:20:13.978257,ERROR,auth-service,Service unreachable after 3 retries,3624,503,True
2026-04-22 21:21:43.978257,INFO,payment-service,Cache hit for key,467,200,False
2026-04-22 21:23:11.978257,ERROR,payment-service,Unhandled exception in request pipeline,7373,503,True
2026-04-22 21:27:31.978257,WARNING,inventory-service,User authenticated,292,200,False
2026-04-22 21:33:16.978257,WARNING,notification-service,Session created for user,443,201,False
2026-04-22 21:34:35.978257,INFO,notification-service,Order status updated,480,201,False
2026-04-22 21:35:00.978257,INFO,payment-service,Order status updated,158,201,False
2026-04-22 21:41:51.978257,WARNING,api-gateway,Request processed successfully,446,200,False
2026-04-22 21:45:31.978257,INFO,inventory-service,Request processed successfully,63,201,False
2026-04-22 21:47:22.978257,INFO,notification-service,Cache hit for key,248,201,False
2026-04-22 21:49:28.978257,WARNING,api-gateway,Request processed successfully,437,201,False
2026-04-22 21:59:06.978257,INFO,notification-service,Order status updated,467,200,False
2026-04-22 22:01:05.978257,WARNING,auth-service,Health check passed,247,201,False
2026-04-22 22:04:24.978257,INFO,notification-service,User authenticated,490,201,False
2026-04-22 22:04:44.978257,WARNING,auth-service,Session created for user,120,201,False
2026-04-22 22:04:59.978257,WARNING,auth-service,Order status updated,105,200,False
2026-04-22 22:07:35.978257,INFO,notification-service,Order status updated,186,200,False
2026-04-22 22:13:27.978257,INFO,notification-service,Health check passed,209,201,False
2026-04-22 22:14:04.978257,INFO,inventory-service,User authenticated,360,200,False
2026-04-22 22:21:54.978257,CRITICAL,auth-service,Connection timeout after 2128ms,2128,502,True
2026-04-22 22:27:09.978257,INFO,api-gateway,Request processed successfully,334,200,False
2026-04-22 22:36:05.978257,INFO,inventory-service,Health check passed,423,201,False
2026-04-22 22:36:12.978257,WARNING,notification-service,Session created for user,75,201,False
2026-04-22 22:45:04.978257,INFO,payment-service,Database query executed in 316ms,316,200,False
2026-04-22 23:02:10.978257,INFO,inventory-service,User authenticated,92,200,False
2026-04-22 23:06:31.978257,WARNING,inventory-service,Session created for user,305,200,False
2026-04-22 23:06:43.978257,INFO,inventory-service,User authenticated,142,200,False
2026-04-22 23:11:30.978257,WARNING,payment-service,Request processed successfully,479,201,False
2026-04-22 23:15:05.978257,WARNING,notification-service,User authenticated,477,200,False
2026-04-22 23:22:45.978257,INFO,notification-service,Order status updated,384,200,False
2026-04-22 23:27:43.978257,WARNING,notification-service,Order status updated,167,200,False
2026-04-22 23:33:02.978257,INFO,notification-service,Health check passed,131,201,False
2026-04-22 23:35:47.978257,INFO,api-gateway,Health check passed,131,201,False
2026-04-22 23:39:13.978257,WARNING,inventory-service,Session created for user,248,200,False
2026-04-22 23:40:15.978257,INFO,payment-service,Session created for user,415,200,False
2026-04-22 23:43:21.978257,INFO,payment-service,Health check passed,281,200,False
2026-04-22 23:45:14.978257,WARNING,payment-service,Database query executed in 451ms,451,200,False
2026-04-22 23:48:24.978257,INFO,inventory-service,Cache hit for key,139,200,False
2026-04-22 23:49:48.978257,CRITICAL,inventory-service,Database connection pool exhausted,2202,502,True
2026-04-22 23:59:02.978257,WARNING,auth-service,Session created for user,189,200,False
2026-04-23 00:02:10.978257,INFO,api-gateway,Request processed successfully,447,200,False
2026-04-23 00:17:41.978257,INFO,notification-service,User authenticated,497,200,False
2026-04-23 00:24:20.978257,INFO,inventory-service,Cache hit for key,250,200,False
2026-04-23 00:29:00.978257,INFO,notification-service,Request processed successfully,330,200,False
2026-04-23 00:33:54.978257,ERROR,notification-service,Memory usage exceeded threshold,4437,500,True
2026-04-23 00:36:09.978257,WARNING,auth-service,Database query executed in 268ms,268,201,False
2026-04-23 00:37:14.978257,INFO,auth-service,Session created for user,189,201,False
2026-04-23 00:41:32.978257,WARNING,payment-service,User authenticated,186,200,False
2026-04-23 00:42:04.978257,WARNING,auth-service,Health check passed,197,200,False
2026-04-23 00:42:33.978257,WARNING,payment-service,Request processed successfully,328,201,False
2026-04-23 00:48:15.978257,WARNING,inventory-service,Request processed successfully,176,200,False
2026-04-23 00:54:52.978257,ERROR,inventory-service,Service unreachable after 3 retries,7350,503,True
2026-04-23 00:58:38.978257,WARNING,notification-service,User authenticated,227,200,False
2026-04-23 01:05:20.978257,WARNING,inventory-service,User authenticated,198,200,False
2026-04-23 01:07:22.978257,WARNING,notification-service,User authenticated,237,201,False
2026-04-23 01:09:42.978257,WARNING,notification-service,Database query executed in 160ms,160,201,False
2026-04-23 01:12:14.978257,WARNING,inventory-service,Database query executed in 445ms,445,200,False
2026-04-23 01:20:08.978257,WARNING,payment-service,Health check passed,169,201,False
2026-04-23 01:20:38.978257,INFO,inventory-service,Request processed successfully,448,201,False
2026-04-23 01:26:53.978257,INFO,api-gateway,Request processed successfully,236,200,False
2026-04-23 01:28:48.978257,INFO,notification-service,Session created for user,481,201,False
2026-04-23 01:40:38.978257,INFO,notification-service,User authenticated,221,200,False
2026-04-23 01:42:42.978257,INFO,api-gateway,Session created for user,108,201,False
2026-04-23 01:44:55.978257,WARNING,payment-service,Session created for user,168,200,False
2026-04-23 01:46:02.978257,INFO,payment-service,Health check passed,84,201,False
2026-04-23 01:46:44.978257,INFO,auth-service,Request processed successfully,471,200,False
2026-04-23 01:50:34.978257,INFO,notification-service,Request processed successfully,79,201,False
2026-04-23 01:52:18.978257,ERROR,api-gateway,Memory usage exceeded threshold,7405,502,True
2026-04-23 01:55:05.978257,INFO,api-gateway,Session created for user,457,201,False
2026-04-23 02:01:35.978257,CRITICAL,api-gateway,Unhandled exception in request pipeline,3022,500,True
2026-04-23 02:06:18.978257,WARNING,auth-service,User authenticated,225,200,False
2026-04-23 02:07:27.978257,INFO,payment-service,Cache hit for key,204,201,False
2026-04-23 02:10:32.978257,INFO,inventory-service,Database query executed in 487ms,487,201,False
2026-04-23 02:18:24.978257,INFO,auth-service,Request processed successfully,121,200,False
2026-04-23 02:20:48.978257,ERROR,api-gateway,Unhandled exception in request pipeline,6416,502,True
2026-04-23 02:24:52.978257,WARNING,inventory-service,Health check passed,267,200,False
2026-04-23 02:31:34.978257,INFO,api-gateway,Cache hit for key,238,201,False
2026-04-23 02:33:33.978257,WARNING,inventory-service,Health check passed,67,200,False
2026-04-23 02:37:39.978257,WARNING,auth-service,Database query executed in 116ms,116,200,False
2026-04-23 02:38:04.978257,INFO,inventory-service,User authenticated,473,200,False
2026-04-23 02:41:50.978257,WARNING,inventory-service,User authenticated,241,201,False
2026-04-23 02:42:01.978257,ERROR,notification-service,Memory usage exceeded threshold,5020,500,True
2026-04-23 02:44:55.978257,WARNING,inventory-service,Cache hit for key,245,200,False
2026-04-23 02:47:40.978257,INFO,auth-service,Session created for user,114,200,False
2026-04-23 02:54:05.978257,WARNING,auth-service,Cache hit for key,411,201,False
2026-04-23 02:56:13.978257,WARNING,inventory-service,Session created for user,86,200,False
2026-04-23 03:17:25.978257,INFO,auth-service,Cache hit for key,327,201,False
2026-04-23 03:17:56.978257,WARNING,notification-service,Session created for user,194,200,False
2026-04-23 03:24:13.978257,INFO,auth-service,Request processed successfully,418,200,False
2026-04-23 03:24:55.978257,WARNING,auth-service,Request processed successfully,191,200,False
2026-04-23 03:26:35.978257,ERROR,payment-service,Database connection pool exhausted,3791,500,True
2026-04-23 03:29:58.978257,WARNING,api-gateway,User authenticated,98,200,False
2026-04-23 03:35:49.978257,WARNING,payment-service,Cache hit for key,487,201,False
2026-04-23 03:36:37.978257,WARNING,notification-service,User authenticated,141,201,False
2026-04-23 03:47:35.978257,INFO,payment-service,User authenticated,450,200,False
2026-04-23 03:48:01.978257,INFO,inventory-service,Database query executed in 52ms,52,200,False
2026-04-23 03:57:03.978257,INFO,api-gateway,Database query executed in 467ms,467,201,False
2026-04-23 04:01:47.978257,WARNING,auth-service,User authenticated,143,201,False
2026-04-23 04:09:06.978257,WARNING,notification-service,Request processed successfully,454,200,False
2026-04-23 04:19:10.978257,INFO,auth-service,Order status updated,110,200,False
2026-04-23 04:21:55.978257,INFO,inventory-service,Database query executed in 448ms,448,201,False
2026-04-23 04:28:14.978257,INFO,notification-service,Order status updated,61,201,False
2026-04-23 04:29:36.978257,WARNING,api-gateway,User authenticated,322,201,False
2026-04-23 04:56:31.978257,INFO,notification-service,Order status updated,310,201,False
2026-04-23 05:03:37.978257,CRITICAL,auth-service,Unhandled exception in request pipeline,5110,502,True
2026-04-23 05:07:41.978257,WARNING,inventory-service,Database query executed in 370ms,370,201,False
2026-04-23 05:09:53.978257,WARNING,api-gateway,Session created for user,451,201,False
2026-04-23 05:12:31.978257,WARNING,api-gateway,User authenticated,386,200,False
2026-04-23 05:12:55.978257,WARNING,auth-service,User authenticated,415,200,False
2026-04-23 05:17:51.978257,INFO,auth-service,Request processed successfully,410,201,False
2026-04-23 05:28:32.978257,INFO,notification-service,Order status updated,77,201,False
2026-04-23 05:28:56.978257,CRITICAL,api-gateway,Memory usage exceeded threshold,6580,500,True
2026-04-23 05:29:30.978257,WARNING,api-gateway,Order status updated,275,200,False
2026-04-23 05:32:21.978257,CRITICAL,payment-service,Service unreachable after 3 retries,4052,500,True
2026-04-23 05:52:49.978257,INFO,payment-service,Cache hit for key,300,201,False
2026-04-23 05:52:54.978257,WARNING,api-gateway,User authenticated,464,200,False
2026-04-23 05:54:26.978257,WARNING,notification-service,Order status updated,366,200,False
2026-04-23 05:57:23.978257,WARNING,auth-service,Database query executed in 138ms,138,201,False
2026-04-23 06:06:43.978257,CRITICAL,inventory-service,Unhandled exception in request pipeline,8754,503,True
2026-04-23 06:08:46.978257,WARNING,api-gateway,Session created for user,199,201,False
2026-04-23 06:08:48.978257,INFO,auth-service,Database query executed in 173ms,173,200,False
2026-04-23 06:13:28.978257,INFO,auth-service,Request processed successfully,113,201,False
2026-04-23 06:20:33.978257,WARNING,payment-service,Database query executed in 443ms,443,201,False
2026-04-23 06:42:23.978257,CRITICAL,inventory-service,Service unreachable after 3 retries,8430,502,True
2026-04-23 06:47:59.978257,INFO,api-gateway,Health check passed,254,201,False
2026-04-23 06:55:18.978257,INFO,api-gateway,Health check passed,405,200,False
2026-04-23 06:56:34.978257,INFO,notification-service,Session created for user,215,200,False
2026-04-23 06:56:55.978257,INFO,inventory-service,Cache hit for key,129,201,False
2026-04-23 06:59:54.978257,INFO,auth-service,User authenticated,307,201,False
2026-04-23 07:15:40.978257,WARNING,payment-service,Request processed successfully,228,201,False
2026-04-23 07:17:54.978257,WARNING,notification-service,Order status updated,97,201,False
2026-04-23 07:20:16.978257,INFO,api-gateway,Health check passed,92,200,False
2026-04-23 07:36:27.978257,WARNING,inventory-service,Database query executed in 203ms,203,200,False
2026-04-23 07:48:07.978257,WARNING,auth-service,Cache hit for key,126,201,False
2026-04-23 07:50:11.978257,INFO,payment-service,Health check passed,85,200,False
2026-04-23 07:55:20.978257,WARNING,payment-service,Session created for user,388,201,False
2026-04-23 07:56:33.978257,INFO,inventory-service,User authenticated,191,200,False
2026-04-23 08:01:08.978257,WARNING,auth-service,User authenticated,358,200,False
2026-04-23 08:03:13.978257,WARNING,api-gateway,Database query executed in 464ms,464,201,False
2026-04-23 08:10:05.978257,INFO,payment-service,Health check passed,140,201,False
2026-04-23 08:11:31.978257,INFO,auth-service,Database query executed in 89ms,89,200,False
2026-04-23 08:12:16.978257,INFO,inventory-service,Order status updated,318,200,False
2026-04-23 08:15:39.978257,INFO,inventory-service,Session created for user,184,200,False
2026-04-23 08:21:07.978257,INFO,notification-service,Database query executed in 274ms,274,201,False
2026-04-23 08:23:16.978257,WARNING,inventory-service,Health check passed,264,200,False
2026-04-23 08:23:32.978257,WARNING,inventory-service,Health check passed,460,201,False
2026-04-23 08:25:18.978257,WARNING,auth-service,Order status updated,294,201,False
2026-04-23 08:26:11.978257,INFO,notification-service,User authenticated,218,200,False
2026-04-23 08:37:59.978257,WARNING,payment-service,User authenticated,111,201,False
2026-04-23 08:38:27.978257,WARNING,payment-service,Cache hit for key,78,200,False
2026-04-23 08:38:31.978257,WARNING,payment-service,Request processed successfully,500,200,False
2026-04-23 08:43:20.978257,WARNING,inventory-service,User authenticated,257,200,False
2026-04-23 08:49:32.978257,WARNING,auth-service,User authenticated,495,200,False
2026-04-23 09:01:45.978257,ERROR,auth-service,Memory usage exceeded threshold,6501,502,True
2026-04-23 09:06:28.978257,WARNING,payment-service,Health check passed,275,200,False
2026-04-23 09:07:48.978257,WARNING,payment-service,Order status updated,320,201,False
2026-04-23 09:10:35.978257,ERROR,api-gateway,Connection timeout after 2655ms,2655,502,True
2026-04-23 09:27:20.978257,CRITICAL,payment-service,Database connection pool exhausted,7312,500,True
2026-04-23 09:29:05.978257,INFO,inventory-service,Session created for user,355,201,False
2026-04-23 09:30:40.978257,INFO,inventory-service,Health check passed,92,200,False
2026-04-23 09:33:14.978257,WARNING,inventory-service,Order status updated,343,200,False
2026-04-23 09:35:19.978257,CRITICAL,inventory-service,Service unreachable after 3 retries,3971,500,True
2026-04-23 09:39:18.978257,INFO,inventory-service,Request processed successfully,228,201,False
2026-04-23 09:39:19.978257,INFO,api-gateway,Database query executed in 216ms,216,200,False
2026-04-23 09:45:31.978257,WARNING,auth-service,User authenticated,175,201,False
2026-04-23 09:47:02.978257,WARNING,api-gateway,Cache hit for key,73,201,False
2026-04-23 09:47:53.978257,WARNING,payment-service,Health check passed,376,201,False
2026-04-23 09:48:43.978257,CRITICAL,payment-service,Database connection pool exhausted,4126,502,True
2026-04-23 09:50:45.978257,INFO,payment-service,Health check passed,330,200,False
2026-04-23 09:52:09.978257,INFO,api-gateway,Cache hit for key,338,200,False
2026-04-23 09:57:14.978257,INFO,inventory-service,Order status updated,489,200,False
2026-04-23 09:57:41.978257,WARNING,payment-service,Health check passed,279,200,False
2026-04-23 10:03:01.978257,WARNING,inventory-service,Health check passed,221,200,False
2026-04-23 10:09:36.978257,INFO,payment-service,Session created for user,415,200,False
2026-04-23 10:12:41.978257,WARNING,auth-service,Database query executed in 210ms,210,200,False
2026-04-23 10:12:59.978257,WARNING,notification-service,Order status updated,487,200,False
2026-04-23 10:18:45.978257,INFO,payment-service,Health check passed,129,200,False
2026-04-23 10:21:19.978257,WARNING,inventory-service,Database query executed in 251ms,251,201,False
2026-04-23 10:23:10.978257,INFO,inventory-service,Health check passed,383,200,False
2026-04-23 10:26:34.978257,CRITICAL,auth-service,Service unreachable after 3 retries,6767,503,True
2026-04-23 10:26:40.978257,WARNING,notification-service,Database query executed in 482ms,482,200,False
2026-04-23 10:51:17.978257,INFO,notification-service,Cache hit for key,443,201,False
2026-04-23 10:56:52.978257,ERROR,auth-service,Service unreachable after 3 retries,8438,502,True
2026-04-23 11:03:09.978257,WARNING,api-gateway,Cache hit for key,52,200,False
2026-04-23 11:03:44.978257,INFO,inventory-service,Database query executed in 401ms,401,200,False
2026-04-23 11:05:18.978257,WARNING,auth-service,Order status updated,216,200,False
2026-04-23 11:11:44.978257,INFO,api-gateway,Health check passed,128,200,False
2026-04-23 11:13:41.978257,INFO,api-gateway,Order status updated,335,200,False
2026-04-23 11:17:15.978257,INFO,inventory-service,Order status updated,319,201,False
2026-04-23 11:19:01.978257,WARNING,inventory-service,Health check passed,365,201,False
2026-04-23 11:20:00.978257,WARNING,api-gateway,Cache hit for key,219,201,False
2026-04-23 11:20:49.978257,INFO,payment-service,Database query executed in 313ms,313,200,False
2026-04-23 11:24:33.978257,WARNING,inventory-service,Request processed successfully,437,200,False
2026-04-23 11:28:31.978257,WARNING,inventory-service,Cache hit for key,160,201,False
2026-04-23 11:41:25.978257,WARNING,inventory-service,Session created for user,355,200,False
2026-04-23 11:46:16.978257,WARNING,payment-service,Health check passed,119,201,False
2026-04-23 11:55:43.978257,CRITICAL,api-gateway,Database connection pool exhausted,3852,502,True
2026-04-23 11:57:48.978257,INFO,payment-service,Health check passed,99,200,False
2026-04-23 11:58:26.978257,WARNING,notification-service,Health check passed,177,200,False
2026-04-23 12:02:45.978257,INFO,auth-service,Cache hit for key,157,201,False
2026-04-23 12:08:51.978257,INFO,payment-service,Session created for user,59,201,False
2026-04-23 12:14:23.978257,WARNING,inventory-service,Cache hit for key,352,201,False
2026-04-23 12:15:47.978257,INFO,payment-service,Order status updated,214,200,False
2026-04-23 12:18:35.978257,WARNING,auth-service,Order status updated,133,201,False
2026-04-23 12:26:34.978257,WARNING,notification-service,Session created for user,228,201,False
2026-04-23 12:36:47.978257,INFO,inventory-service,Order status updated,349,200,False
2026-04-23 12:39:47.978257,INFO,notification-service,Request processed successfully,391,200,False
2026-04-23 12:39:59.978257,WARNING,inventory-service,Request processed successfully,369,200,False
2026-04-23 12:40:44.978257,INFO,payment-service,User authenticated,97,200,False
2026-04-23 12:41:13.978257,WARNING,notification-service,Order status updated,205,200,False
2026-04-23 12:49:04.978257,WARNING,auth-service,Order status updated,62,201,False
2026-04-23 12:52:06.978257,INFO,api-gateway,Cache hit for key,216,200,False
2026-04-23 12:53:31.978257,INFO,inventory-service,Session created for user,434,201,False
2026-04-23 13:01:06.978257,INFO,payment-service,Request processed successfully,302,201,False
2026-04-23 13:01:44.978257,WARNING,notification-service,Cache hit for key,379,200,False
2026-04-23 13:06:24.978257,INFO,inventory-service,Request processed successfully,381,201,False
2026-04-23 13:10:35.978257,INFO,notification-service,Request processed successfully,326,200,False
2026-04-23 13:21:14.978257,WARNING,auth-service,Order status updated,403,201,False
2026-04-23 13:25:58.978257,WARNING,inventory-service,User authenticated,190,200,False
2026-04-23 13:35:03.978257,INFO,api-gateway,Request processed successfully,429,200,False
2026-04-23 13:36:40.978257,INFO,inventory-service,Health check passed,128,200,False
2026-04-23 13:37:49.978257,INFO,inventory-service,User authenticated,328,201,False
2026-04-23 13:38:51.978257,INFO,notification-service,Order status updated,89,200,False
2026-04-23 13:39:21.978257,INFO,inventory-service,User authenticated,294,201,False
2026-04-23 13:42:13.978257,INFO,payment-service,User authenticated,316,200,False
2026-04-23 13:47:39.978257,INFO,inventory-service,User authenticated,141,201,False
2026-04-23 13:55:15.978257,WARNING,inventory-service,User authenticated,335,201,False
2026-04-23 13:57:31.978257,INFO,payment-service,Database query executed in 229ms,229,201,False
2026-04-23 14:04:59.978257,ERROR,auth-service,Service unreachable after 3 retries,6814,502,True
2026-04-23 14:16:08.978257,WARNING,inventory-service,Database query executed in 494ms,494,201,False
2026-04-23 14:16:09.978257,WARNING,api-gateway,Cache hit for key,118,201,False
2026-04-23 14:20:55.978257,INFO,notification-service,Health check passed,380,200,False
2026-04-23 14:32:54.978257,ERROR,api-gateway,Unhandled exception in request pipeline,4063,502,True
2026-04-23 14:38:21.978257,ERROR,notification-service,Memory usage exceeded threshold,8683,503,True
2026-04-23 14:41:05.978257,WARNING,payment-service,Health check passed,434,200,False
2026-04-23 14:48:37.978257,INFO,auth-service,Cache hit for key,156,200,False
2026-04-23 14:49:16.978257,WARNING,payment-service,Order status updated,432,200,False
2026-04-23 14:54:35.978257,WARNING,payment-service,User authenticated,133,200,False
2026-04-23 14:57:11.978257,WARNING,api-gateway,Session created for user,154,201,False
2026-04-23 15:02:15.978257,INFO,notification-service,Database query executed in 307ms,307,200,False
2026-04-23 15:10:25.978257,WARNING,notification-service,Request processed successfully,176,200,False
2026-04-23 15:11:43.978257,WARNING,payment-service,Request processed successfully,119,201,False
2026-04-23 15:15:48.978257,WARNING,api-gateway,Health check passed,96,201,False
2026-04-23 15:24:44.978257,INFO,inventory-service,Request processed successfully,477,200,False
2026-04-23 15:27:41.978257,INFO,payment-service,Database query executed in 281ms,281,201,False
2026-04-23 15:31:54.978257,ERROR,inventory-service,Service unreachable after 3 retries,2916,503,True
2026-04-23 15:32:00.978257,WARNING,payment-service,Session created for user,259,201,False
2026-04-23 15:32:36.978257,INFO,inventory-service,Order status updated,233,201,False
2026-04-23 15:33:11.978257,INFO,api-gateway,User authenticated,174,201,False
2026-04-23 15:36:23.978257,INFO,inventory-service,Health check passed,379,200,False
2026-04-23 15:40:42.978257,WARNING,api-gateway,Health check passed,69,201,False
2026-04-23 15:41:22.978257,INFO,auth-service,Database query executed in 470ms,470,200,False
2026-04-23 15:46:30.978257,INFO,api-gateway,Session created for user,465,200,False
2026-04-23 15:49:47.978257,INFO,notification-service,Session created for user,375,200,False
2026-04-23 15:51:18.978257,CRITICAL,payment-service,Database connection pool exhausted,8288,502,True
2026-04-23 15:54:36.978257,WARNING,notification-service,Order status updated,154,201,False
2026-04-23 15:55:25.978257,INFO,inventory-service,Order status updated,469,200,False
2026-04-23 16:03:25.978257,WARNING,notification-service,User authenticated,405,200,False
2026-04-23 16:04:20.978257,INFO,notification-service,User authenticated,448,200,False
2026-04-23 16:04:50.978257,INFO,api-gateway,Database query executed in 293ms,293,200,False
2026-04-23 16:06:24.978257,INFO,auth-service,Cache hit for key,132,200,False
2026-04-23 16:21:40.978257,WARNING,api-gateway,User authenticated,262,200,False
2026-04-23 16:24:12.978257,INFO,notification-service,Health check passed,464,200,False
2026-04-23 16:24:55.978257,WARNING,inventory-service,User authenticated,77,201,False
2026-04-23 16:25:39.978257,WARNING,notification-service,Session created for user,387,200,False
2026-04-23 16:26:01.978257,WARNING,notification-service,Request processed successfully,469,200,False
2026-04-23 16:34:46.978257,INFO,payment-service,Request processed successfully,196,201,False
2026-04-23 16:35:11.978257,WARNING,payment-service,Database query executed in 211ms,211,200,False
2026-04-23 16:38:18.978257,WARNING,inventory-service,Session created for user,364,200,False
2026-04-23 16:40:51.978257,CRITICAL,api-gateway,Memory usage exceeded threshold,4110,502,True
2026-04-23 16:42:08.978257,INFO,payment-service,Cache hit for key,375,200,False
2026-04-23 16:46:53.978257,INFO,auth-service,Database query executed in 57ms,57,201,False
2026-04-23 16:48:16.978257,INFO,inventory-service,Health check passed,331,201,False
2026-04-23 16:51:43.978257,WARNING,payment-service,Session created for user,410,200,False
2026-04-23 16:52:18.978257,INFO,notification-service,Session created for user,72,200,False
2026-04-23 16:56:58.978257,WARNING,auth-service,Cache hit for key,195,201,False
2026-04-23 17:03:32.978257,INFO,notification-service,Order status updated,491,201,False
2026-04-23 17:06:04.978257,WARNING,api-gateway,User authenticated,207,200,False
2026-04-23 17:13:15.978257,WARNING,api-gateway,Cache hit for key,118,200,False
2026-04-23 17:14:13.978257,WARNING,inventory-service,Cache hit for key,263,201,False
2026-04-23 17:14:31.978257,INFO,api-gateway,Session created for user,240,201,False
2026-04-23 17:17:59.978257,INFO,notification-service,Order status updated,317,200,False
2026-04-23 17:20:43.978257,INFO,payment-service,Health check passed,322,201,False
2026-04-23 17:29:40.978257,WARNING,inventory-service,Order status updated,352,201,False
2026-04-23 17:30:32.978257,ERROR,api-gateway,Memory usage exceeded threshold,4176,502,True
2026-04-23 17:31:28.978257,WARNING,api-gateway,Session created for user,433,200,False
2026-04-23 17:32:31.978257,CRITICAL,payment-service,Service unreachable after 3 retries,7814,502,True
2026-04-23 17:38:18.978257,INFO,payment-service,Session created for user,250,201,False
2026-04-23 17:43:42.978257,WARNING,api-gateway,Request processed successfully,223,201,False
2026-04-23 17:46:13.978257,WARNING,inventory-service,Session created for user,268,201,False
2026-04-23 17:46:17.978257,INFO,inventory-service,Order status updated,122,201,False
2026-04-23 17:49:22.978257,WARNING,auth-service,Request processed successfully,104,201,False
2026-04-23 17:55:44.978257,INFO,payment-service,Cache hit for key,166,200,False
2026-04-23 17:58:38.978257,WARNING,api-gateway,Session created for user,61,200,False
2026-04-23 17:59:23.978257,WARNING,payment-service,Session created for user,302,201,False
2026-04-23 18:00:11.978257,WARNING,inventory-service,Cache hit for key,265,201,False
2026-04-23 18:04:59.978257,INFO,api-gateway,Cache hit for key,66,200,False
2026-04-23 18:07:57.978257,INFO,api-gateway,Health check passed,198,200,False
2026-04-23 18:08:12.978257,WARNING,api-gateway,Request processed successfully,50,200,False
2026-04-23 18:11:51.978257,INFO,payment-service,Request processed successfully,208,201,False
2026-04-23 18:12:04.978257,WARNING,auth-service,Cache hit for key,226,200,False
2026-04-23 18:17:10.978257,INFO,auth-service,User authenticated,135,200,False
2026-04-23 18:23:32.978257,INFO,notification-service,Request processed successfully,409,201,False
2026-04-23 18:30:20.978257,WARNING,payment-service,Session created for user,164,201,False
2026-04-23 18:35:20.978257,INFO,api-gateway,Health check passed,150,200,False
2026-04-23 18:38:20.978257,INFO,api-gateway,User authenticated,269,201,False
2026-04-23 18:47:27.978257,INFO,payment-service,Request processed successfully,206,201,False
2026-04-23 18:48:04.978257,INFO,api-gateway,User authenticated,254,201,False
2026-04-23 18:50:09.978257,INFO,payment-service,Database query executed in 307ms,307,201,False
2026-04-23 18:50:20.978257,WARNING,inventory-service,Health check passed,465,201,False
2026-04-23 18:52:27.978257,WARNING,inventory-service,Database query executed in 444ms,444,201,False
2026-04-23 18:55:36.978257,INFO,auth-service,Cache hit for key,407,201,False
2026-04-23 19:00:46.978257,ERROR,inventory-service,Database connection pool exhausted,7253,500,True
2026-04-23 19:03:06.978257,INFO,inventory-service,User authenticated,353,200,False
2026-04-23 19:03:18.978257,WARNING,notification-service,Session created for user,145,200,False
2026-04-23 19:04:45.978257,WARNING,payment-service,Health check passed,457,201,False
2026-04-23 19:06:03.978257,ERROR,payment-service,Unhandled exception in request pipeline,6225,502,True
2026-04-23 19:10:28.978257,INFO,payment-service,Health check passed,190,200,False
2026-04-23 19:18:34.978257,INFO,inventory-service,Session created for user,394,201,False
2026-04-23 19:21:52.978257,CRITICAL,payment-service,Database connection pool exhausted,5383,502,True
2026-04-23 19:29:03.978257,INFO,api-gateway,Health check passed,424,200,False
2026-04-23 19:29:48.978257,WARNING,inventory-service,Session created for user,130,200,False
2026-04-23 19:37:27.978257,INFO,inventory-service,Session created for user,298,200,False
2026-04-23 19:42:51.978257,INFO,notification-service,User authenticated,383,201,False
2026-04-23 19:44:06.978257,INFO,auth-service,Request processed successfully,313,200,False
2026-04-23 20:02:56.978257,ERROR,api-gateway,Service unreachable after 3 retries,5780,503,True
2026-04-23 20:04:22.978257,CRITICAL,auth-service,Memory usage exceeded threshold,4068,502,True
2026-04-23 20:06:26.978257,WARNING,notification-service,Database query executed in 168ms,168,201,False
2026-04-23 20:17:19.978257,WARNING,payment-service,Health check passed,456,201,False
2026-04-23 20:26:46.978257,WARNING,api-gateway,Health check passed,416,201,False
2026-04-23 20:26:47.978257,INFO,payment-service,Request processed successfully,484,201,False
2026-04-23 20:28:11.978257,INFO,payment-service,User authenticated,337,200,False
2026-04-23 20:28:52.978257,INFO,notification-service,Request processed successfully,455,201,False
2026-04-23 20:29:46.978257,WARNING,inventory-service,Session created for user,73,201,False
2026-04-23 20:30:02.978257,WARNING,inventory-service,Cache hit for key,67,200,False
2026-04-23 20:53:42.978257,INFO,api-gateway,Session created for user,362,200,False
2026-04-23 20:54:40.978257,INFO,auth-service,Order status updated,249,201,False
2026-04-23 20:59:25.978257,INFO,api-gateway,Database query executed in 385ms,385,200,False
2026-04-23 21:06:31.978257,WARNING,inventory-service,Request processed successfully,152,200,False
2026-04-23 21:08:09.978257,INFO,notification-service,Cache hit for key,489,201,False
2026-04-23 21:17:40.978257,INFO,payment-service,User authenticated,301,201,False
2026-04-23 21:17:50.978257,WARNING,inventory-service,Order status updated,179,200,False
2026-04-23 21:28:24.978257,INFO,auth-service,Session created for user,351,201,False
2026-04-23 21:29:55.978257,WARNING,payment-service,Request processed successfully,251,200,False
2026-04-23 21:32:07.978257,INFO,api-gateway,Database query executed in 72ms,72,200,False
2026-04-23 21:34:39.978257,INFO,auth-service,Health check passed,477,200,False
2026-04-23 21:41:26.978257,INFO,inventory-service,Database query executed in 296ms,296,201,False
2026-04-23 21:43:46.978257,WARNING,inventory-service,User authenticated,90,200,False
2026-04-23 21:55:12.978257,INFO,notification-service,Cache hit for key,131,200,False
2026-04-23 22:10:21.978257,WARNING,auth-service,Order status updated,67,200,False
2026-04-23 22:15:05.978257,WARNING,inventory-service,Health check passed,435,201,False
2026-04-23 22:18:20.978257,INFO,notification-service,Order status updated,50,200,False
2026-04-23 22:21:09.978257,INFO,auth-service,Cache hit for key,380,201,False
2026-04-23 22:21:43.978257,WARNING,payment-service,User authenticated,139,200,False
2026-04-23 22:22:45.978257,WARNING,auth-service,Order status updated,320,201,False
2026-04-23 22:25:43.978257,INFO,api-gateway,Cache hit for key,342,200,False
2026-04-23 22:26:23.978257,INFO,auth-service,Session created for user,153,200,False
2026-04-23 22:26:36.978257,INFO,api-gateway,Health check passed,361,201,False
2026-04-23 22:27:22.978257,INFO,api-gateway,User authenticated,311,200,False
2026-04-23 22:32:56.978257,INFO,inventory-service,User authenticated,303,200,False
2026-04-23 22:35:13.978257,WARNING,api-gateway,Session created for user,296,201,False
2026-04-23 22:36:58.978257,ERROR,api-gateway,Database connection pool exhausted,4332,502,True
2026-04-23 22:39:22.978257,WARNING,inventory-service,Database query executed in 273ms,273,201,False
2026-04-23 22:41:42.978257,ERROR,inventory-service,Connection timeout after 5647ms,5647,500,True
2026-04-23 22:56:31.978257,INFO,payment-service,Order status updated,428,201,False
2026-04-23 22:56:52.978257,WARNING,notification-service,Health check passed,217,201,False
2026-04-23 22:58:10.978257,ERROR,auth-service,Memory usage exceeded threshold,6686,500,True
2026-04-23 22:58:42.978257,WARNING,payment-service,Order status updated,114,201,False
2026-04-23 23:00:02.978257,INFO,payment-service,Request processed successfully,146,201,False
2026-04-23 23:04:18.978257,WARNING,api-gateway,Health check passed,374,201,False
2026-04-23 23:07:17.978257,INFO,inventory-service,Session created for user,180,201,False
2026-04-23 23:09:47.978257,WARNING,inventory-service,User authenticated,160,200,False
2026-04-23 23:14:12.978257,ERROR,notification-service,Memory usage exceeded threshold,2088,500,True
2026-04-23 23:18:39.978257,INFO,auth-service,User authenticated,344,200,False
2026-04-23 23:20:39.978257,INFO,auth-service,Order status updated,220,201,False
2026-04-23 23:20:53.978257,INFO,notification-service,Request processed successfully,403,201,False
2026-04-23 23:26:01.978257,WARNING,payment-service,User authenticated,53,201,False
2026-04-23 23:29:46.978257,INFO,inventory-service,Cache hit for key,394,200,False
2026-04-23 23:30:10.978257,WARNING,inventory-service,Order status updated,88,200,False
2026-04-23 23:33:02.978257,INFO,api-gateway,Health check passed,58,200,False
2026-04-23 23:35:31.978257,INFO,payment-service,Session created for user,333,200,False
2026-04-23 23:39:36.978257,INFO,auth-service,Session created for user,398,201,False
2026-04-23 23:47:05.978257,INFO,payment-service,Cache hit for key,310,200,False
2026-04-23 23:54:39.978257,WARNING,api-gateway,Session created for user,141,201,False
2026-04-24 00:01:57.978257,WARNING,notification-service,Health check passed,239,200,False
2026-04-24 00:02:58.978257,WARNING,notification-service,Order status updated,188,200,False
2026-04-24 00:08:36.978257,INFO,api-gateway,Session created for user,92,201,False
2026-04-24 00:15:29.978257,WARNING,api-gateway,Cache hit for key,318,201,False
2026-04-24 00:18:07.978257,WARNING,payment-service,Database query executed in 90ms,90,200,False
2026-04-24 00:24:51.978257,WARNING,inventory-service,Database query executed in 313ms,313,201,False
2026-04-24 00:25:35.978257,WARNING,payment-service,Health check passed,87,201,False
2026-04-24 00:27:39.978257,WARNING,api-gateway,User authenticated,499,201,False
2026-04-24 00:36:45.978257,INFO,inventory-service,Database query executed in 376ms,376,201,False
2026-04-24 00:44:20.978257,CRITICAL,inventory-service,Unhandled exception in request pipeline,7126,502,True
2026-04-24 01:05:41.978257,ERROR,auth-service,Database connection pool exhausted,5046,500,True
2026-04-24 01:07:53.978257,INFO,auth-service,Request processed successfully,317,200,False
2026-04-24 01:08:01.978257,INFO,inventory-service,Cache hit for key,256,200,False
2026-04-24 01:08:11.978257,WARNING,api-gateway,Session created for user,53,200,False
2026-04-24 01:16:12.978257,WARNING,notification-service,Database query executed in 91ms,91,200,False
2026-04-24 01:21:49.978257,INFO,payment-service,Session created for user,418,200,False
2026-04-24 01:22:37.978257,WARNING,payment-service,User authenticated,260,201,False
2026-04-24 01:23:23.978257,WARNING,inventory-service,Cache hit for key,266,201,False
2026-04-24 01:29:49.978257,WARNING,inventory-service,Session created for user,190,201,False
2026-04-24 01:32:37.978257,INFO,inventory-service,Request processed successfully,333,200,False
2026-04-24 01:34:33.978257,WARNING,notification-service,Health check passed,314,200,False
2026-04-24 01:42:13.978257,INFO,payment-service,Request processed successfully,160,201,False
2026-04-24 01:42:52.978257,INFO,api-gateway,Order status updated,412,201,False
2026-04-24 01:45:20.978257,WARNING,payment-service,Health check passed,330,201,False
2026-04-24 01:51:38.978257,INFO,api-gateway,Session created for user,255,201,False
2026-04-24 01:52:53.978257,CRITICAL,auth-service,Database connection pool exhausted,5485,503,True
2026-04-24 02:06:05.978257,INFO,inventory-service,Session created for user,183,200,False
2026-04-24 02:21:35.978257,INFO,notification-service,Database query executed in 357ms,357,200,False
2026-04-24 02:25:54.978257,WARNING,auth-service,Cache hit for key,72,200,False
2026-04-24 02:28:15.978257,WARNING,payment-service,Request processed successfully,240,200,False
2026-04-24 02:30:49.978257,INFO,payment-service,Session created for user,491,201,False
2026-04-24 02:35:04.978257,WARNING,notification-service,Cache hit for key,193,201,False
2026-04-24 02:36:29.978257,WARNING,payment-service,User authenticated,99,200,False
2026-04-24 02:43:03.978257,ERROR,inventory-service,Connection timeout after 7085ms,7085,503,True
2026-04-24 02:48:02.978257,INFO,notification-service,Database query executed in 159ms,159,201,False
2026-04-24 02:48:06.978257,WARNING,auth-service,Request processed successfully,475,200,False
2026-04-24 02:56:14.978257,INFO,api-gateway,Session created for user,379,200,False
2026-04-24 03:05:59.978257,CRITICAL,payment-service,Unhandled exception in request pipeline,8732,503,True
2026-04-24 03:18:08.978257,INFO,notification-service,User authenticated,473,200,False
2026-04-24 03:19:43.978257,INFO,auth-service,Order status updated,451,200,False
2026-04-24 03:19:44.978257,WARNING,auth-service,Order status updated,255,200,False
2026-04-24 03:24:11.978257,INFO,auth-service,Request processed successfully,106,201,False
2026-04-24 03:30:05.978257,WARNING,notification-service,User authenticated,253,201,False
2026-04-24 03:40:12.978257,WARNING,auth-service,Session created for user,158,200,False
2026-04-24 03:40:16.978257,WARNING,api-gateway,Database query executed in 204ms,204,200,False
2026-04-24 03:43:48.978257,INFO,notification-service,Health check passed,364,201,False
2026-04-24 03:44:43.978257,ERROR,payment-service,Unhandled exception in request pipeline,4510,500,True
2026-04-24 03:44:57.978257,INFO,api-gateway,Session created for user,132,200,False
2026-04-24 03:47:10.978257,INFO,notification-service,Health check passed,313,201,False
2026-04-24 03:55:59.978257,INFO,notification-service,Database query executed in 101ms,101,201,False
2026-04-24 03:56:34.978257,INFO,payment-service,Health check passed,282,201,False
2026-04-24 04:04:43.978257,WARNING,api-gateway,User authenticated,331,200,False
2026-04-24 04:05:04.978257,WARNING,notification-service,Order status updated,483,201,False
2026-04-24 04:05:36.978257,ERROR,inventory-service,Memory usage exceeded threshold,3541,502,True
2026-04-24 04:12:36.978257,WARNING,auth-service,Request processed successfully,371,201,False
2026-04-24 04:14:26.978257,INFO,payment-service,Cache hit for key,182,201,False
2026-04-24 04:15:04.978257,WARNING,inventory-service,Order status updated,64,201,False
2026-04-24 04:16:01.978257,INFO,payment-service,User authenticated,64,201,False
2026-04-24 04:17:03.978257,WARNING,notification-service,Request processed successfully,351,201,False
2026-04-24 04:18:43.978257,INFO,payment-service,Health check passed,466,200,False
2026-04-24 04:25:30.978257,WARNING,auth-service,Order status updated,326,201,False
2026-04-24 04:32:25.978257,WARNING,payment-service,User authenticated,163,201,False
2026-04-24 04:33:28.978257,WARNING,auth-service,Request processed successfully,495,201,False
2026-04-24 04:33:32.978257,INFO,notification-service,Database query executed in 346ms,346,200,False
2026-04-24 04:40:50.978257,INFO,payment-service,Database query executed in 101ms,101,200,False
2026-04-24 04:52:44.978257,WARNING,payment-service,User authenticated,449,201,False
2026-04-24 04:56:40.978257,INFO,notification-service,Cache hit for key,370,201,False
2026-04-24 04:58:36.978257,INFO,auth-service,Cache hit for key,382,201,False
2026-04-24 05:06:37.978257,INFO,inventory-service,Session created for user,137,200,False
2026-04-24 05:10:19.978257,INFO,inventory-service,Order status updated,191,201,False
2026-04-24 05:16:37.978257,INFO,notification-service,Health check passed,419,201,False
2026-04-24 05:17:32.978257,CRITICAL,notification-service,Unhandled exception in request pipeline,4891,503,True
2026-04-24 05:19:07.978257,INFO,payment-service,Health check passed,388,201,False
2026-04-24 05:29:24.978257,INFO,inventory-service,Request processed successfully,312,201,False
2026-04-24 05:32:36.978257,CRITICAL,inventory-service,Unhandled exception in request pipeline,7346,502,True
2026-04-24 05:33:40.978257,WARNING,auth-service,Database query executed in 237ms,237,200,False
2026-04-24 05:38:22.978257,INFO,payment-service,Cache hit for key,134,201,False
2026-04-24 05:38:37.978257,WARNING,auth-service,Database query executed in 135ms,135,200,False
2026-04-24 05:45:31.978257,INFO,inventory-service,Database query executed in 286ms,286,201,False
2026-04-24 05:46:11.978257,INFO,api-gateway,Session created for user,249,201,False
2026-04-24 05:47:35.978257,INFO,payment-service,Cache hit for key,333,200,False
2026-04-24 05:56:03.978257,WARNING,api-gateway,Request processed successfully,204,201,False
2026-04-24 06:04:59.978257,INFO,auth-service,Health check passed,94,200,False
2026-04-24 06:10:53.978257,INFO,inventory-service,Order status updated,85,200,False
2026-04-24 06:13:44.978257,INFO,auth-service,Cache hit for key,138,200,False
2026-04-24 06:16:14.978257,INFO,payment-service,User authenticated,246,200,False
2026-04-24 06:17:21.978257,INFO,payment-service,Session created for user,280,201,False
2026-04-24 06:25:02.978257,INFO,auth-service,User authenticated,429,200,False
2026-04-24 06:31:13.978257,INFO,payment-service,Order status updated,113,201,False
2026-04-24 06:33:00.978257,WARNING,auth-service,Cache hit for key,194,201,False
2026-04-24 06:33:53.978257,INFO,payment-service,User authenticated,113,201,False
2026-04-24 06:34:05.978257,INFO,notification-service,Health check passed,102,201,False
2026-04-24 06:36:04.978257,WARNING,auth-service,Session created for user,292,200,False
2026-04-24 06:36:53.978257,INFO,notification-service,User authenticated,363,201,False
2026-04-24 06:38:39.978257,INFO,payment-service,Session created for user,405,200,False
2026-04-24 06:39:54.978257,WARNING,notification-service,User authenticated,316,201,False
2026-04-24 06:47:20.978257,INFO,notification-service,Health check passed,399,201,False
2026-04-24 06:54:35.978257,INFO,api-gateway,Session created for user,77,200,False
2026-04-24 07:00:40.978257,WARNING,notification-service,Session created for user,97,201,False
2026-04-24 07:01:14.978257,INFO,inventory-service,Order status updated,73,200,False
2026-04-24 07:01:54.978257,INFO,inventory-service,User authenticated,402,200,False
2026-04-24 07:06:42.978257,INFO,auth-service,Session created for user,199,200,False
2026-04-24 07:11:38.978257,WARNING,notification-service,Order status updated,238,200,False
2026-04-24 07:13:10.978257,INFO,payment-service,Session created for user,118,200,False
2026-04-24 07:13:11.978257,WARNING,notification-service,Order status updated,428,200,False
2026-04-24 07:16:46.978257,WARNING,payment-service,Database query executed in 299ms,299,200,False
2026-04-24 07:18:06.978257,INFO,auth-service,Session created for user,233,200,False
2026-04-24 07:23:14.978257,WARNING,payment-service,Database query executed in 350ms,350,200,False
2026-04-24 07:24:31.978257,WARNING,api-gateway,Order status updated,274,200,False
2026-04-24 07:29:35.978257,WARNING,payment-service,Session created for user,260,201,False
2026-04-24 07:32:25.978257,ERROR,notification-service,Memory usage exceeded threshold,6670,503,True
2026-04-24 07:32:51.978257,WARNING,notification-service,Database query executed in 482ms,482,201,False
2026-04-24 07:33:28.978257,WARNING,auth-service,Database query executed in 480ms,480,201,False
2026-04-24 07:34:19.978257,WARNING,auth-service,Health check passed,190,200,False
2026-04-24 07:36:48.978257,CRITICAL,inventory-service,Service unreachable after 3 retries,6941,503,True
2026-04-24 07:45:35.978257,WARNING,inventory-service,Session created for user,464,200,False
2026-04-24 07:46:09.978257,CRITICAL,payment-service,Memory usage exceeded threshold,4595,500,True
2026-04-24 07:50:45.978257,WARNING,api-gateway,Cache hit for key,255,200,False
2026-04-24 07:52:04.978257,INFO,notification-service,Order status updated,145,200,False
2026-04-24 07:54:00.978257,INFO,notification-service,Health check passed,197,201,False
2026-04-24 07:56:50.978257,INFO,payment-service,Request processed successfully,313,200,False
2026-04-24 08:01:38.978257,INFO,api-gateway,User authenticated,88,201,False
2026-04-24 08:02:10.978257,INFO,notification-service,Cache hit for key,376,201,False
2026-04-24 08:02:57.978257,INFO,inventory-service,Health check passed,165,201,False
2026-04-24 08:06:13.978257,INFO,payment-service,Health check passed,270,200,False
2026-04-24 08:07:57.978257,WARNING,inventory-service,Database query executed in 219ms,219,200,False
2026-04-24 08:18:45.978257,INFO,auth-service,Health check passed,114,201,False
2026-04-24 08:27:37.978257,INFO,inventory-service,Order status updated,57,201,False
2026-04-24 08:30:02.978257,INFO,api-gateway,Health check passed,125,200,False
2026-04-24 08:37:09.978257,INFO,inventory-service,Health check passed,439,201,False
2026-04-24 08:46:12.978257,INFO,api-gateway,User authenticated,376,201,False
2026-04-24 08:56:38.978257,INFO,inventory-service,User authenticated,118,201,False
2026-04-24 09:04:19.978257,INFO,inventory-service,Database query executed in 59ms,59,200,False
2026-04-24 09:07:50.978257,INFO,api-gateway,Cache hit for key,118,201,False
2026-04-24 09:22:43.978257,WARNING,auth-service,Database query executed in 182ms,182,201,False
2026-04-24 09:24:47.978257,INFO,inventory-service,Database query executed in 389ms,389,200,False
2026-04-24 09:31:47.978257,CRITICAL,api-gateway,Memory usage exceeded threshold,3443,500,True
2026-04-24 09:32:04.978257,WARNING,notification-service,Health check passed,191,200,False
2026-04-24 09:43:19.978257,INFO,inventory-service,Order status updated,212,201,False
2026-04-24 09:49:02.978257,INFO,payment-service,Session created for user,195,200,False
2026-04-24 09:50:00.978257,WARNING,payment-service,Database query executed in 138ms,138,200,False
2026-04-24 09:57:58.978257,INFO,payment-service,Order status updated,482,201,False
2026-04-24 10:00:22.978257,INFO,inventory-service,Order status updated,386,201,False
2026-04-24 10:01:14.978257,INFO,api-gateway,Request processed successfully,427,200,False
2026-04-24 10:01:17.978257,WARNING,api-gateway,User authenticated,467,200,False
2026-04-24 10:01:55.978257,WARNING,auth-service,Health check passed,153,201,False
2026-04-24 10:04:23.978257,INFO,payment-service,Health check passed,254,200,False
2026-04-24 10:14:02.978257,WARNING,payment-service,Cache hit for key,229,201,False
2026-04-24 10:14:26.978257,WARNING,inventory-service,Cache hit for key,339,200,False
2026-04-24 10:19:01.978257,WARNING,auth-service,Request processed successfully,487,200,False
2026-04-24 10:19:09.978257,WARNING,auth-service,Order status updated,216,200,False
2026-04-24 10:26:57.978257,INFO,auth-service,User authenticated,145,201,False
2026-04-24 10:34:09.978257,WARNING,notification-service,Database query executed in 423ms,423,201,False
2026-04-24 10:34:49.978257,WARNING,api-gateway,Order status updated,75,200,False
2026-04-24 10:37:15.978257,INFO,api-gateway,Database query executed in 104ms,104,201,False
2026-04-24 10:37:41.978257,INFO,payment-service,Health check passed,294,201,False
2026-04-24 10:45:47.978257,INFO,auth-service,Health check passed,307,201,False
2026-04-24 10:46:23.978257,INFO,api-gateway,Cache hit for key,406,200,False
2026-04-24 10:51:19.978257,INFO,payment-service,Session created for user,133,200,False
2026-04-24 10:53:06.978257,WARNING,auth-service,Request processed successfully,200,201,False
2026-04-24 11:00:38.978257,WARNING,payment-service,Cache hit for key,478,200,False
2026-04-24 11:00:55.978257,WARNING,auth-service,Health check passed,200,201,False
2026-04-24 11:04:21.978257,WARNING,notification-service,Database query executed in 199ms,199,200,False
2026-04-24 11:04:57.978257,INFO,payment-service,Order status updated,348,200,False
2026-04-24 11:07:57.978257,WARNING,notification-service,Request processed successfully,424,201,False
2026-04-24 11:13:44.978257,ERROR,notification-service,Database connection pool exhausted,4586,502,True
2026-04-24 11:16:49.978257,WARNING,auth-service,Health check passed,318,201,False
2026-04-24 11:17:06.978257,WARNING,api-gateway,Request processed successfully,91,200,False
2026-04-24 11:26:37.978257,WARNING,api-gateway,Session created for user,94,200,False
2026-04-24 11:38:02.978257,WARNING,auth-service,Request processed successfully,291,201,False
2026-04-24 11:41:06.978257,INFO,api-gateway,Request processed successfully,253,200,False
2026-04-24 11:42:17.978257,INFO,notification-service,Database query executed in 402ms,402,200,False
2026-04-24 11:54:39.978257,INFO,notification-service,User authenticated,359,201,False
2026-04-24 12:03:22.978257,WARNING,payment-service,Health check passed,337,200,False
2026-04-24 12:12:31.978257,WARNING,auth-service,User authenticated,373,201,False
2026-04-24 12:29:59.978257,INFO,api-gateway,User authenticated,374,201,False
2026-04-24 12:30:38.978257,INFO,auth-service,Health check passed,214,201,False
2026-04-24 12:35:33.978257,WARNING,notification-service,Session created for user,312,201,False
2026-04-24 12:35:34.978257,INFO,notification-service,Session created for user,134,200,False
2026-04-24 12:36:16.978257,INFO,notification-service,Database query executed in 172ms,172,201,False
2026-04-24 12:36:52.978257,WARNING,notification-service,Request processed successfully,369,201,False
2026-04-24 12:41:04.978257,WARNING,notification-service,User authenticated,358,200,False
2026-04-24 12:46:01.978257,WARNING,payment-service,Order status updated,116,200,False
2026-04-24 12:46:16.978257,WARNING,auth-service,Session created for user,80,200,False
2026-04-24 12:49:36.978257,INFO,notification-service,Database query executed in 249ms,249,201,False
2026-04-24 12:50:30.978257,WARNING,payment-service,Cache hit for key,332,200,False
2026-04-24 12:53:57.978257,WARNING,payment-service,Order status updated,225,200,False
2026-04-24 12:56:32.978257,INFO,notification-service,Cache hit for key,269,200,False
2026-04-24 13:04:38.978257,INFO,payment-service,Health check passed,424,200,False
2026-04-24 13:04:50.978257,WARNING,inventory-service,Request processed successfully,73,200,False
2026-04-24 13:05:02.978257,ERROR,inventory-service,Unhandled exception in request pipeline,5034,502,True
2026-04-24 13:12:45.978257,CRITICAL,api-gateway,Service unreachable after 3 retries,2045,503,True
2026-04-24 13:17:29.978257,WARNING,api-gateway,Cache hit for key,393,201,False
2026-04-24 13:20:07.978257,ERROR,auth-service,Service unreachable after 3 retries,3503,500,True
2026-04-24 13:20:51.978257,INFO,auth-service,Database query executed in 190ms,190,200,False
2026-04-24 13:21:32.978257,INFO,payment-service,Session created for user,58,200,False
2026-04-24 13:27:04.978257,WARNING,auth-service,Health check passed,112,201,False
2026-04-24 13:30:49.978257,INFO,payment-service,Session created for user,353,201,False
2026-04-24 13:33:33.978257,WARNING,inventory-service,Request processed successfully,388,200,False
2026-04-24 13:37:32.978257,INFO,notification-service,Health check passed,275,201,False
2026-04-24 14:02:21.978257,INFO,inventory-service,Database query executed in 235ms,235,200,False
2026-04-24 14:05:07.978257,INFO,api-gateway,Order status updated,415,200,False
2026-04-24 14:16:27.978257,WARNING,auth-service,Cache hit for key,442,200,False
2026-04-24 14:22:58.978257,WARNING,payment-service,Cache hit for key,175,200,False
2026-04-24 14:35:51.978257,WARNING,inventory-service,Session created for user,199,200,False
2026-04-24 14:35:52.978257,INFO,notification-service,Order status updated,452,201,False
2026-04-24 14:41:26.978257,WARNING,payment-service,Session created for user,262,201,False
2026-04-24 14:49:01.978257,INFO,auth-service,Order status updated,400,200,False
2026-04-24 14:56:40.978257,WARNING,inventory-service,Database query executed in 181ms,181,200,False
2026-04-24 14:58:18.978257,WARNING,api-gateway,Session created for user,106,201,False
2026-04-24 15:01:56.978257,INFO,api-gateway,User authenticated,395,201,False
2026-04-24 15:07:31.978257,WARNING,api-gateway,User authenticated,312,200,False
2026-04-24 15:10:42.978257,INFO,auth-service,Database query executed in 93ms,93,200,False
2026-04-24 15:11:25.978257,WARNING,api-gateway,Database query executed in 71ms,71,200,False
2026-04-24 15:12:21.978257,INFO,notification-service,Health check passed,165,201,False
2026-04-24 15:16:31.978257,WARNING,notification-service,User authenticated,248,201,False
2026-04-24 15:17:43.978257,WARNING,inventory-service,Order status updated,54,201,False
2026-04-24 15:23:48.978257,INFO,auth-service,Cache hit for key,455,201,False
2026-04-24 15:26:15.978257,INFO,auth-service,Health check passed,61,200,False
2026-04-24 15:29:34.978257,INFO,api-gateway,Database query executed in 482ms,482,201,False
2026-04-24 15:38:02.978257,WARNING,notification-service,Session created for user,431,201,False
2026-04-24 15:41:11.978257,INFO,payment-service,Cache hit for key,115,201,False
2026-04-24 15:41:14.978257,INFO,api-gateway,Health check passed,476,201,False
2026-04-24 15:48:30.978257,INFO,inventory-service,Cache hit for key,102,201,False
2026-04-24 15:58:31.978257,INFO,auth-service,Session created for user,358,200,False
2026-04-24 16:01:32.978257,WARNING,inventory-service,Session created for user,462,201,False
2026-04-24 16:05:29.978257,WARNING,notification-service,Order status updated,185,200,False
2026-04-24 16:06:11.978257,ERROR,auth-service,Database connection pool exhausted,3888,500,True
2026-04-24 16:17:35.978257,WARNING,api-gateway,Request processed successfully,421,201,False
2026-04-24 16:20:35.978257,INFO,inventory-service,Database query executed in 304ms,304,200,False
2026-04-24 16:25:11.978257,WARNING,inventory-service,Database query executed in 196ms,196,200,False
2026-04-24 16:29:34.978257,WARNING,api-gateway,Cache hit for key,135,200,False
2026-04-24 16:38:35.978257,ERROR,auth-service,Database connection pool exhausted,4563,500,True
2026-04-24 16:42:51.978257,WARNING,api-gateway,User authenticated,423,201,False
2026-04-24 16:47:49.978257,INFO,notification-service,Session created for user,138,200,False
2026-04-24 16:48:36.978257,CRITICAL,inventory-service,Service unreachable after 3 retries,3482,502,True
2026-04-24 16:49:30.978257,INFO,inventory-service,Cache hit for key,470,201,False
2026-04-24 16:51:31.978257,INFO,inventory-service,Cache hit for key,60,200,False
2026-04-24 16:54:39.978257,WARNING,notification-service,Cache hit for key,345,200,False
2026-04-24 16:54:56.978257,INFO,auth-service,Cache hit for key,91,200,False
2026-04-24 17:01:47.978257,WARNING,api-gateway,Health check passed,157,201,False
2026-04-24 17:09:34.978257,INFO,inventory-service,Cache hit for key,214,200,False
2026-04-24 17:09:41.978257,INFO,notification-service,Database query executed in 179ms,179,201,False
2026-04-24 17:12:21.978257,WARNING,auth-service,User authenticated,83,200,False
2026-04-24 17:13:34.978257,INFO,auth-service,Session created for user,356,201,False
2026-04-24 17:20:20.978257,WARNING,auth-service,User authenticated,160,201,False
2026-04-24 17:29:24.978257,ERROR,api-gateway,Unhandled exception in request pipeline,5993,500,True
2026-04-24 17:30:23.978257,INFO,auth-service,Order status updated,81,200,False
2026-04-24 17:33:44.978257,INFO,payment-service,Order status updated,58,200,False
2026-04-24 17:39:08.978257,INFO,notification-service,Session created for user,228,201,False
2026-04-24 17:45:17.978257,INFO,payment-service,Cache hit for key,92,201,False
2026-04-24 17:49:09.978257,WARNING,api-gateway,Cache hit for key,297,200,False
2026-04-24 17:58:35.978257,CRITICAL,inventory-service,Memory usage exceeded threshold,7693,503,True
2026-04-24 17:59:43.978257,INFO,auth-service,Session created for user,96,201,False
2026-04-24 18:00:13.978257,WARNING,payment-service,Session created for user,213,200,False
2026-04-24 18:00:58.978257,INFO,inventory-service,Database query executed in 493ms,493,201,False
2026-04-24 18:02:27.978257,INFO,payment-service,Database query executed in 162ms,162,200,False
2026-04-24 18:06:34.978257,WARNING,payment-service,User authenticated,317,200,False
2026-04-24 18:07:04.978257,INFO,notification-service,Database query executed in 57ms,57,201,False
2026-04-24 18:09:18.978257,WARNING,payment-service,Cache hit for key,184,200,False
2026-04-24 18:15:51.978257,INFO,notification-service,Health check passed,498,201,False
2026-04-24 18:28:41.978257,CRITICAL,payment-service,Service unreachable after 3 retries,3688,500,True
2026-04-24 18:40:12.978257,WARNING,inventory-service,Database query executed in 117ms,117,200,False
2026-04-24 18:46:50.978257,INFO,payment-service,Order status updated,361,201,False
2026-04-24 18:50:59.978257,WARNING,notification-service,User authenticated,389,201,False
2026-04-24 18:52:06.978257,WARNING,api-gateway,Database query executed in 332ms,332,201,False
2026-04-24 18:57:21.978257,INFO,notification-service,Order status updated,139,201,False
2026-04-24 18:58:00.978257,INFO,api-gateway,Database query executed in 57ms,57,200,False
2026-04-24 18:59:48.978257,INFO,auth-service,Session created for user,122,201,False
2026-04-24 19:04:58.978257,INFO,inventory-service,Database query executed in 426ms,426,201,False
2026-04-24 19:14:54.978257,INFO,inventory-service,User authenticated,228,200,False
2026-04-24 19:15:18.978257,INFO,payment-service,Session created for user,432,201,False
2026-04-24 19:22:25.978257,INFO,payment-service,Database query executed in 227ms,227,201,False
2026-04-24 19:26:03.978257,WARNING,api-gateway,User authenticated,88,201,False
2026-04-24 19:30:22.978257,WARNING,payment-service,Health check passed,424,200,False
2026-04-24 19:31:37.978257,WARNING,notification-service,Session created for user,276,200,False
2026-04-24 19:31:46.978257,WARNING,notification-service,Health check passed,103,201,False
2026-04-24 19:38:36.978257,WARNING,auth-service,Session created for user,300,200,False
2026-04-24 19:40:18.978257,WARNING,api-gateway,Request processed successfully,264,200,False
2026-04-24 19:43:04.978257,INFO,notification-service,Health check passed,328,201,False
2026-04-24 19:44:24.978257,WARNING,inventory-service,User authenticated,303,200,False
2026-04-24 19:45:02.978257,WARNING,payment-service,Database query executed in 187ms,187,200,False
2026-04-24 19:58:42.978257,WARNING,payment-service,Order status updated,274,201,False
2026-04-24 19:58:44.978257,WARNING,notification-service,Session created for user,125,200,False
2026-04-24 20:00:22.978257,INFO,api-gateway,Health check passed,309,200,False
2026-04-24 20:06:52.978257,INFO,auth-service,User authenticated,88,201,False
2026-04-24 20:07:49.978257,ERROR,inventory-service,Memory usage exceeded threshold,4266,502,True
2026-04-24 20:11:54.978257,WARNING,api-gateway,User authenticated,193,200,False
2026-04-24 20:18:07.978257,INFO,inventory-service,Request processed successfully,436,200,False
2026-04-24 20:20:33.978257,WARNING,auth-service,User authenticated,72,200,False
2026-04-24 20:28:08.978257,INFO,api-gateway,Cache hit for key,347,201,False
2026-04-24 20:29:41.978257,WARNING,api-gateway,Cache hit for key,422,200,False
2026-04-24 20:33:04.978257,CRITICAL,payment-service,Unhandled exception in request pipeline,8727,500,True
2026-04-24 20:38:12.978257,INFO,inventory-service,Database query executed in 59ms,59,201,False
2026-04-24 20:44:35.978257,INFO,payment-service,Order status updated,248,201,False
2026-04-24 20:47:02.978257,INFO,auth-service,Order status updated,113,201,False
2026-04-24 20:48:58.978257,WARNING,auth-service,Session created for user,333,201,False
2026-04-24 20:50:56.978257,WARNING,auth-service,Order status updated,259,200,False
2026-04-24 20:56:12.978257,WARNING,notification-service,Cache hit for key,355,200,False
2026-04-24 21:00:42.978257,WARNING,payment-service,Cache hit for key,356,201,False
2026-04-24 21:03:05.978257,INFO,api-gateway,Database query executed in 327ms,327,201,False
2026-04-24 21:05:49.978257,WARNING,inventory-service,User authenticated,157,201,False
2026-04-24 21:11:15.978257,INFO,api-gateway,Request processed successfully,231,201,False
2026-04-24 21:12:30.978257,INFO,api-gateway,User authenticated,101,200,False
2026-04-24 21:14:59.978257,INFO,notification-service,Session created for user,418,200,False
2026-04-24 21:17:13.978257,INFO,auth-service,Request processed successfully,341,201,False
2026-04-24 21:21:50.978257,WARNING,auth-service,Cache hit for key,116,200,False
2026-04-24 21:26:10.978257,WARNING,inventory-service,Order status updated,324,201,False
2026-04-24 21:37:15.978257,INFO,payment-service,Order status updated,200,200,False
2026-04-24 21:40:33.978257,CRITICAL,auth-service,Memory usage exceeded threshold,5203,503,True
2026-04-24 21:58:07.978257,INFO,api-gateway,Order status updated,398,200,False
2026-04-24 22:06:22.978257,WARNING,auth-service,Health check passed,482,201,False
2026-04-24 22:12:51.978257,WARNING,notification-service,Health check passed,417,201,False
2026-04-24 22:13:10.978257,CRITICAL,payment-service,Connection timeout after 2364ms,2364,503,True
2026-04-24 22:14:14.978257,ERROR,inventory-service,Database connection pool exhausted,6850,500,True
2026-04-24 22:19:43.978257,INFO,notification-service,User authenticated,227,200,False
2026-04-24 22:21:47.978257,INFO,payment-service,Health check passed,211,200,False
2026-04-24 22:22:32.978257,WARNING,notification-service,Health check passed,91,201,False
2026-04-24 22:45:09.978257,WARNING,api-gateway,Cache hit for key,485,201,False
2026-04-24 22:45:36.978257,INFO,auth-service,Request processed successfully,418,200,False
2026-04-24 22:48:12.978257,CRITICAL,api-gateway,Service unreachable after 3 retries,3671,500,True
2026-04-24 22:50:53.978257,WARNING,inventory-service,Health check passed,82,201,False
2026-04-24 22:52:32.978257,WARNING,auth-service,Order status updated,341,201,False
2026-04-24 22:52:37.978257,WARNING,payment-service,Database query executed in 493ms,493,201,False
2026-04-24 22:56:10.978257,INFO,api-gateway,Cache hit for key,75,200,False
2026-04-24 22:59:37.978257,ERROR,auth-service,Connection timeout after 8332ms,8332,500,True
2026-04-24 23:13:12.978257,INFO,api-gateway,Order status updated,196,200,False
2026-04-24 23:25:43.978257,WARNING,auth-service,Session created for user,265,200,False
2026-04-24 23:27:52.978257,WARNING,api-gateway,Order status updated,82,201,False
2026-04-24 23:28:07.978257,INFO,payment-service,Request processed successfully,64,200,False
2026-04-24 23:37:27.978257,INFO,payment-service,Order status updated,50,200,False
2026-04-24 23:37:32.978257,INFO,notification-service,Health check passed,189,201,False
2026-04-24 23:40:53.978257,INFO,notification-service,Health check passed,486,201,False
2026-04-24 23:44:32.978257,ERROR,auth-service,Connection timeout after 6797ms,6797,503,True
2026-04-24 23:44:57.978257,WARNING,payment-service,Cache hit for key,298,201,False
2026-04-24 23:51:13.978257,INFO,inventory-service,Order status updated,107,201,False
2026-04-24 23:52:40.978257,INFO,payment-service,Request processed successfully,281,200,False
2026-04-24 23:57:05.978257,ERROR,api-gateway,Connection timeout after 6454ms,6454,503,True
2026-04-24 23:57:19.978257,INFO,inventory-service,Request processed successfully,307,201,False
2026-04-25 00:12:27.978257,WARNING,payment-service,Order status updated,334,200,False
2026-04-25 00:13:46.978257,CRITICAL,auth-service,Unhandled exception in request pipeline,8510,500,True
2026-04-25 00:21:59.978257,INFO,inventory-service,Session created for user,449,201,False
2026-04-25 00:26:22.978257,WARNING,notification-service,Health check passed,269,200,False
2026-04-25 00:36:11.978257,INFO,inventory-service,Database query executed in 377ms,377,201,False
2026-04-25 00:36:12.978257,WARNING,auth-service,User authenticated,219,200,False
2026-04-25 00:39:20.978257,CRITICAL,notification-service,Service unreachable after 3 retries,8534,500,True
2026-04-25 00:46:54.978257,WARNING,api-gateway,Health check passed,220,201,False
2026-04-25 00:47:15.978257,CRITICAL,api-gateway,Connection timeout after 2239ms,2239,502,True
2026-04-25 00:54:20.978257,WARNING,notification-service,User authenticated,134,200,False
2026-04-25 00:56:20.978257,CRITICAL,notification-service,Database connection pool exhausted,4488,503,True
2026-04-25 01:00:28.978257,CRITICAL,api-gateway,Connection timeout after 5052ms,5052,502,True
2026-04-25 01:02:48.978257,INFO,notification-service,Health check passed,355,200,False
2026-04-25 01:03:45.978257,WARNING,notification-service,Request processed successfully,407,201,False
2026-04-25 01:04:03.978257,WARNING,inventory-service,Health check passed,140,200,False
2026-04-25 01:08:07.978257,WARNING,payment-service,User authenticated,217,200,False
2026-04-25 01:11:07.978257,CRITICAL,api-gateway,Database connection pool exhausted,5154,500,True
2026-04-25 01:22:42.978257,WARNING,payment-service,Session created for user,298,201,False
2026-04-25 01:23:04.978257,INFO,inventory-service,Health check passed,150,201,False
2026-04-25 01:25:35.978257,INFO,payment-service,Health check passed,200,201,False
2026-04-25 01:26:15.978257,INFO,api-gateway,Health check passed,52,200,False
2026-04-25 01:27:35.978257,WARNING,notification-service,Database query executed in 232ms,232,200,False
2026-04-25 01:28:54.978257,WARNING,notification-service,Health check passed,425,200,False
2026-04-25 01:32:40.978257,INFO,auth-service,User authenticated,193,200,False
2026-04-25 01:35:25.978257,INFO,inventory-service,Request processed successfully,203,200,False
2026-04-25 01:39:36.978257,INFO,notification-service,Request processed successfully,101,201,False
2026-04-25 01:40:34.978257,INFO,notification-service,Order status updated,136,201,False
2026-04-25 01:42:49.978257,INFO,auth-service,Cache hit for key,97,201,False
2026-04-25 01:43:29.978257,INFO,auth-service,Database query executed in 94ms,94,201,False
2026-04-25 01:44:07.978257,WARNING,auth-service,Database query executed in 316ms,316,200,False
2026-04-25 01:54:25.978257,WARNING,api-gateway,User authenticated,343,200,False
2026-04-25 01:55:35.978257,INFO,payment-service,Request processed successfully,106,201,False
2026-04-25 02:06:57.978257,CRITICAL,notification-service,Memory usage exceeded threshold,2502,500,True
2026-04-25 02:11:39.978257,INFO,api-gateway,Order status updated,63,201,False
2026-04-25 02:11:43.978257,WARNING,api-gateway,User authenticated,323,201,False
2026-04-25 02:17:03.978257,WARNING,api-gateway,Cache hit for key,277,200,False
2026-04-25 02:26:09.978257,INFO,auth-service,Order status updated,186,201,False
2026-04-25 02:29:27.978257,INFO,payment-service,Request processed successfully,242,200,False
2026-04-25 02:29:47.978257,WARNING,payment-service,User authenticated,56,200,False
2026-04-25 02:30:28.978257,INFO,auth-service,Health check passed,478,201,False
2026-04-25 02:31:15.978257,INFO,api-gateway,Request processed successfully,399,200,False
2026-04-25 02:33:56.978257,INFO,api-gateway,Session created for user,438,201,False
2026-04-25 02:37:00.978257,INFO,notification-service,Database query executed in 82ms,82,200,False
2026-04-25 02:44:42.978257,WARNING,payment-service,Cache hit for key,317,200,False
2026-04-25 02:46:22.978257,WARNING,notification-service,Health check passed,352,200,False
2026-04-25 02:48:04.978257,WARNING,notification-service,Health check passed,172,200,False
2026-04-25 02:48:54.978257,WARNING,auth-service,Session created for user,241,201,False
2026-04-25 02:49:11.978257,WARNING,payment-service,Request processed successfully,312,200,False
2026-04-25 02:49:46.978257,INFO,payment-service,Request processed successfully,430,201,False
2026-04-25 02:56:38.978257,WARNING,payment-service,Order status updated,56,201,False
2026-04-25 03:00:12.978257,WARNING,api-gateway,Session created for user,192,200,False
2026-04-25 03:07:29.978257,INFO,inventory-service,Cache hit for key,399,201,False
2026-04-25 03:12:39.978257,INFO,inventory-service,Order status updated,251,201,False
2026-04-25 03:14:33.978257,WARNING,api-gateway,Request processed successfully,366,200,False
2026-04-25 03:28:32.978257,WARNING,payment-service,Health check passed,264,201,False
2026-04-25 03:30:14.978257,INFO,payment-service,Session created for user,145,201,False
2026-04-25 03:30:18.978257,WARNING,api-gateway,Health check passed,412,200,False
2026-04-25 03:31:36.978257,INFO,payment-service,Session created for user,217,201,False
2026-04-25 03:35:54.978257,WARNING,auth-service,Session created for user,430,201,False
2026-04-25 03:52:46.978257,INFO,notification-service,Cache hit for key,105,200,False
2026-04-25 03:54:17.978257,INFO,notification-service,Session created for user,493,201,False
2026-04-25 03:55:58.978257,INFO,payment-service,Session created for user,98,201,False
2026-04-25 04:00:11.978257,WARNING,api-gateway,Database query executed in 475ms,475,200,False
2026-04-25 04:00:51.978257,WARNING,auth-service,Request processed successfully,433,200,False
2026-04-25 04:01:48.978257,ERROR,auth-service,Unhandled exception in request pipeline,8626,502,True
2026-04-25 04:02:37.978257,INFO,notification-service,Request processed successfully,102,200,False
2026-04-25 04:05:41.978257,INFO,notification-service,Cache hit for key,473,201,False
2026-04-25 04:07:06.978257,WARNING,inventory-service,User authenticated,96,201,False
2026-04-25 04:12:34.978257,INFO,notification-service,Database query executed in 499ms,499,201,False
2026-04-25 04:12:38.978257,INFO,payment-service,User authenticated,123,201,False
2026-04-25 04:21:03.978257,WARNING,notification-service,Health check passed,206,200,False
2026-04-25 04:25:22.978257,WARNING,auth-service,User authenticated,298,200,False
2026-04-25 04:30:33.978257,INFO,payment-service,Health check passed,166,201,False
2026-04-25 04:33:21.978257,WARNING,api-gateway,Request processed successfully,138,201,False
2026-04-25 04:36:08.978257,ERROR,notification-service,Connection timeout after 3700ms,3700,502,True
2026-04-25 04:37:51.978257,CRITICAL,inventory-service,Service unreachable after 3 retries,8111,502,True
2026-04-25 04:44:31.978257,INFO,auth-service,Health check passed,83,200,False
2026-04-25 04:47:57.978257,INFO,api-gateway,Health check passed,345,200,False
2026-04-25 04:51:40.978257,WARNING,auth-service,Database query executed in 257ms,257,201,False
2026-04-25 04:55:44.978257,INFO,auth-service,Order status updated,123,200,False
2026-04-25 05:11:55.978257,INFO,api-gateway,Database query executed in 148ms,148,200,False
2026-04-25 05:12:13.978257,INFO,auth-service,User authenticated,159,201,False
2026-04-25 05:13:49.978257,WARNING,api-gateway,Request processed successfully,375,200,False
2026-04-25 05:14:29.978257,CRITICAL,auth-service,Service unreachable after 3 retries,3506,500,True
2026-04-25 05:15:24.978257,INFO,auth-service,Cache hit for key,159,200,False
2026-04-25 05:17:19.978257,WARNING,api-gateway,Database query executed in 98ms,98,200,False
2026-04-25 05:19:00.978257,INFO,api-gateway,Database query executed in 216ms,216,200,False
2026-04-25 05:21:42.978257,WARNING,auth-service,Order status updated,431,201,False
2026-04-25 05:23:34.978257,CRITICAL,inventory-service,Unhandled exception in request pipeline,3970,503,True
2026-04-25 05:26:30.978257,INFO,payment-service,Request processed successfully,55,200,False
2026-04-25 05:33:53.978257,ERROR,auth-service,Database connection pool exhausted,6371,502,True
2026-04-25 05:39:39.978257,CRITICAL,api-gateway,Unhandled exception in request pipeline,5769,503,True
2026-04-25 05:43:18.978257,INFO,notification-service,Database query executed in 98ms,98,200,False
2026-04-25 05:46:01.978257,ERROR,api-gateway,Service unreachable after 3 retries,5649,502,True
2026-04-25 05:54:54.978257,INFO,notification-service,User authenticated,323,201,False
2026-04-25 06:05:27.978257,INFO,payment-service,Database query executed in 459ms,459,200,False
2026-04-25 06:07:33.978257,WARNING,payment-service,Session created for user,497,200,False
2026-04-25 06:12:44.978257,CRITICAL,api-gateway,Database connection pool exhausted,4184,503,True
2026-04-25 06:13:31.978257,WARNING,auth-service,Health check passed,381,201,False
2026-04-25 06:16:17.978257,INFO,auth-service,Session created for user,187,200,False
2026-04-25 06:22:10.978257,ERROR,auth-service,Service unreachable after 3 retries,3179,503,True
2026-04-25 06:24:00.978257,INFO,inventory-service,Request processed successfully,117,201,False
2026-04-25 06:36:05.978257,INFO,auth-service,Cache hit for key,128,200,False
2026-04-25 06:44:39.978257,WARNING,auth-service,Session created for user,311,200,False
2026-04-25 06:47:57.978257,INFO,inventory-service,Order status updated,96,200,False
2026-04-25 06:50:58.978257,WARNING,auth-service,Request processed successfully,83,200,False
2026-04-25 06:56:36.978257,WARNING,api-gateway,Health check passed,414,200,False
2026-04-25 07:07:03.978257,INFO,inventory-service,Health check passed,458,201,False
2026-04-25 07:10:22.978257,INFO,payment-service,Session created for user,123,201,False
2026-04-25 07:11:35.978257,WARNING,api-gateway,User authenticated,204,200,False
2026-04-25 07:13:15.978257,INFO,notification-service,Request processed successfully,119,201,False
2026-04-25 07:18:52.978257,ERROR,api-gateway,Connection timeout after 7913ms,7913,503,True
2026-04-25 07:24:19.978257,CRITICAL,notification-service,Memory usage exceeded threshold,7546,502,True
2026-04-25 07:29:13.978257,INFO,inventory-service,Database query executed in 277ms,277,200,False
2026-04-25 07:32:10.978257,WARNING,inventory-service,User authenticated,301,201,False
2026-04-25 07:39:27.978257,WARNING,api-gateway,Health check passed,282,200,False
2026-04-25 07:42:56.978257,INFO,auth-service,Request processed successfully,330,201,False
2026-04-25 07:47:31.978257,WARNING,auth-service,Health check passed,466,200,False
2026-04-25 07:47:58.978257,CRITICAL,auth-service,Connection timeout after 8725ms,8725,500,True
2026-04-25 07:55:02.978257,WARNING,api-gateway,Session created for user,392,201,False
2026-04-25 07:56:37.978257,WARNING,notification-service,Request processed successfully,181,200,False
2026-04-25 07:59:28.978257,WARNING,payment-service,Session created for user,355,200,False
2026-04-25 07:59:56.978257,INFO,inventory-service,User authenticated,188,201,False
2026-04-25 08:08:22.978257,INFO,auth-service,Cache hit for key,274,200,False
2026-04-25 08:14:12.978257,ERROR,inventory-service,Unhandled exception in request pipeline,5286,503,True
2026-04-25 08:21:59.978257,INFO,auth-service,Cache hit for key,406,200,False
2026-04-25 08:22:34.978257,INFO,auth-service,Order status updated,79,201,False
2026-04-25 08:27:06.978257,WARNING,api-gateway,Database query executed in 476ms,476,200,False
2026-04-25 08:30:36.978257,WARNING,inventory-service,User authenticated,431,201,False
2026-04-25 08:34:11.978257,WARNING,auth-service,Request processed successfully,406,201,False
2026-04-25 08:40:24.978257,WARNING,auth-service,Request processed successfully,327,200,False
2026-04-25 08:45:48.978257,CRITICAL,auth-service,Memory usage exceeded threshold,3713,503,True
2026-04-25 08:47:58.978257,INFO,payment-service,Order status updated,218,201,False
2026-04-25 08:55:58.978257,WARNING,notification-service,Database query executed in 475ms,475,201,False
2026-04-25 08:58:24.978257,WARNING,inventory-service,Order status updated,391,200,False
2026-04-25 09:00:02.978257,WARNING,notification-service,Request processed successfully,69,200,False
2026-04-25 09:01:07.978257,WARNING,auth-service,Order status updated,481,200,False
2026-04-25 09:01:58.978257,WARNING,api-gateway,Request processed successfully,439,200,False
2026-04-25 09:13:38.978257,INFO,notification-service,Health check passed,286,200,False
2026-04-25 09:13:55.978257,WARNING,api-gateway,Cache hit for key,166,200,False
2026-04-25 09:14:54.978257,WARNING,inventory-service,Cache hit for key,66,200,False
2026-04-25 09:23:23.978257,WARNING,notification-service,Database query executed in 88ms,88,200,False
2026-04-25 09:25:36.978257,WARNING,api-gateway,User authenticated,392,200,False
2026-04-25 09:27:10.978257,WARNING,auth-service,Health check passed,124,201,False
2026-04-25 09:27:25.978257,INFO,notification-service,User authenticated,66,201,False
2026-04-25 09:38:41.978257,WARNING,api-gateway,User authenticated,281,200,False
2026-04-25 09:40:46.978257,WARNING,api-gateway,Health check passed,57,201,False
2026-04-25 09:52:50.978257,INFO,auth-service,Session created for user,241,201,False
2026-04-25 09:53:24.978257,INFO,notification-service,Session created for user,215,200,False
2026-04-25 09:57:16.978257,INFO,payment-service,Session created for user,90,200,False
2026-04-25 09:58:17.978257,WARNING,notification-service,Request processed successfully,316,200,False
2026-04-25 09:59:53.978257,WARNING,payment-service,Request processed successfully,431,201,False
2026-04-25 10:03:04.978257,INFO,inventory-service,Session created for user,161,201,False
2026-04-25 10:09:59.978257,WARNING,inventory-service,Database query executed in 379ms,379,200,False
2026-04-25 10:12:53.978257,WARNING,notification-service,Database query executed in 406ms,406,201,False
2026-04-25 10:18:42.978257,WARNING,inventory-service,Database query executed in 248ms,248,201,False
2026-04-25 10:28:15.978257,WARNING,auth-service,Session created for user,78,201,False
2026-04-25 10:31:26.978257,WARNING,inventory-service,Order status updated,199,201,False
2026-04-25 10:32:13.978257,INFO,payment-service,Session created for user,474,200,False
2026-04-25 10:42:50.978257,INFO,inventory-service,Request processed successfully,472,200,False
2026-04-25 10:44:52.978257,INFO,auth-service,Health check passed,159,201,False
2026-04-25 10:50:39.978257,WARNING,api-gateway,Database query executed in 354ms,354,201,False
2026-04-25 10:58:05.978257,INFO,api-gateway,User authenticated,152,201,False
2026-04-25 11:00:21.978257,INFO,auth-service,Request processed successfully,287,200,False
2026-04-25 11:00:28.978257,WARNING,inventory-service,Session created for user,139,201,False
2026-04-25 11:13:11.978257,WARNING,api-gateway,Request processed successfully,161,200,False
2026-04-25 11:18:36.978257,WARNING,payment-service,Order status updated,294,200,False
2026-04-25 11:33:07.978257,INFO,auth-service,Session created for user,99,201,False
2026-04-25 11:36:48.978257,WARNING,auth-service,Cache hit for key,359,200,False
2026-04-25 11:37:09.978257,INFO,inventory-service,Cache hit for key,479,200,False
2026-04-25 11:37:14.978257,INFO,auth-service,Health check passed,129,201,False
2026-04-25 11:44:10.978257,WARNING,inventory-service,Cache hit for key,232,201,False
2026-04-25 11:44:39.978257,WARNING,auth-service,Session created for user,186,201,False
2026-04-25 11:46:41.978257,INFO,payment-service,Order status updated,197,200,False
2026-04-25 11:49:13.978257,WARNING,api-gateway,Session created for user,123,201,False
2026-04-25 11:53:53.978257,WARNING,api-gateway,Database query executed in 435ms,435,200,False
2026-04-25 12:01:00.978257,INFO,auth-service,Request processed successfully,334,200,False
2026-04-25 12:05:40.978257,WARNING,auth-service,Database query executed in 228ms,228,200,False
2026-04-25 12:06:25.978257,WARNING,inventory-service,Health check passed,436,200,False
2026-04-25 12:14:37.978257,WARNING,api-gateway,Request processed successfully,447,200,False
2026-04-25 12:16:17.978257,INFO,auth-service,Cache hit for key,236,200,False
2026-04-25 12:16:18.978257,WARNING,inventory-service,Order status updated,357,200,False
2026-04-25 12:17:19.978257,ERROR,payment-service,Service unreachable after 3 retries,6417,502,True
2026-04-25 12:19:39.978257,INFO,auth-service,Request processed successfully,486,200,False
2026-04-25 12:20:21.978257,INFO,payment-service,Request processed successfully,439,201,False
2026-04-25 12:23:23.978257,WARNING,notification-service,User authenticated,145,201,False
2026-04-25 12:23:59.978257,INFO,auth-service,Cache hit for key,191,200,False
2026-04-25 12:25:22.978257,INFO,inventory-service,Database query executed in 73ms,73,201,False
2026-04-25 12:26:12.978257,INFO,notification-service,Order status updated,276,200,False
2026-04-25 12:28:18.978257,INFO,auth-service,User authenticated,493,201,False
2026-04-25 12:37:21.978257,WARNING,auth-service,Order status updated,64,200,False
2026-04-25 12:45:26.978257,WARNING,inventory-service,Session created for user,68,200,False
2026-04-25 12:52:26.978257,INFO,inventory-service,Database query executed in 372ms,372,200,False
2026-04-25 13:00:31.978257,WARNING,inventory-service,User authenticated,427,200,False
2026-04-25 13:07:59.978257,INFO,auth-service,Health check passed,312,200,False
2026-04-25 13:12:46.978257,ERROR,inventory-service,Database connection pool exhausted,2160,502,True
2026-04-25 13:21:20.978257,WARNING,inventory-service,Health check passed,139,200,False
2026-04-25 13:24:35.978257,INFO,inventory-service,Session created for user,226,201,False
2026-04-25 13:26:57.978257,WARNING,payment-service,Database query executed in 451ms,451,201,False
2026-04-25 13:30:59.978257,CRITICAL,inventory-service,Unhandled exception in request pipeline,8093,500,True
2026-04-25 13:33:12.978257,INFO,notification-service,Session created for user,222,201,False
2026-04-25 13:36:00.978257,CRITICAL,api-gateway,Connection timeout after 8799ms,8799,502,True
2026-04-25 13:39:09.978257,WARNING,auth-service,Order status updated,112,201,False
2026-04-25 13:51:04.978257,WARNING,notification-service,Health check passed,314,200,False
2026-04-25 14:06:06.978257,WARNING,payment-service,Session created for user,124,201,False
2026-04-25 14:10:23.978257,INFO,api-gateway,Order status updated,259,201,False
2026-04-25 14:19:24.978257,WARNING,notification-service,Order status updated,239,200,False
2026-04-25 14:23:03.978257,INFO,payment-service,Session created for user,452,201,False
2026-04-25 14:23:18.978257,WARNING,api-gateway,Cache hit for key,99,200,False
2026-04-25 14:23:45.978257,WARNING,api-gateway,User authenticated,410,201,False
2026-04-25 14:25:28.978257,INFO,notification-service,Database query executed in 113ms,113,200,False
2026-04-25 14:25:34.978257,WARNING,payment-service,Order status updated,477,201,False
2026-04-25 14:29:05.978257,WARNING,inventory-service,Health check passed,313,200,False
2026-04-25 14:52:56.978257,INFO,inventory-service,Order status updated,128,200,False
2026-04-25 15:02:02.978257,WARNING,notification-service,Database query executed in 85ms,85,201,False
2026-04-25 15:04:25.978257,INFO,notification-service,Database query executed in 454ms,454,200,False
2026-04-25 15:12:29.978257,WARNING,payment-service,Cache hit for key,143,200,False
2026-04-25 15:16:04.978257,WARNING,auth-service,Request processed successfully,350,200,False
2026-04-25 15:20:02.978257,WARNING,auth-service,Order status updated,376,201,False
2026-04-25 15:22:20.978257,INFO,inventory-service,Database query executed in 371ms,371,201,False
2026-04-25 15:23:00.978257,WARNING,auth-service,Database query executed in 172ms,172,201,False
2026-04-25 15:25:34.978257,WARNING,auth-service,Order status updated,426,200,False
2026-04-25 15:29:23.978257,ERROR,inventory-service,Database connection pool exhausted,6048,500,True
2026-04-25 15:34:45.978257,WARNING,auth-service,User authenticated,95,200,False
2026-04-25 15:38:59.978257,WARNING,api-gateway,Request processed successfully,379,200,False
2026-04-25 15:47:54.978257,WARNING,payment-service,Cache hit for key,240,201,False
2026-04-25 15:48:21.978257,INFO,inventory-service,Order status updated,136,200,False
2026-04-25 16:00:20.978257,CRITICAL,inventory-service,Service unreachable after 3 retries,2236,503,True
2026-04-25 16:02:09.978257,WARNING,inventory-service,Database query executed in 347ms,347,201,False
2026-04-25 16:12:44.978257,WARNING,notification-service,Session created for user,230,201,False
2026-04-25 16:19:36.978257,INFO,auth-service,User authenticated,240,201,False
2026-04-25 16:19:46.978257,INFO,notification-service,Request processed successfully,189,200,False
2026-04-25 16:20:12.978257,WARNING,api-gateway,Session created for user,183,200,False
2026-04-25 16:30:31.978257,INFO,auth-service,Cache hit for key,231,201,False
2026-04-25 16:31:10.978257,INFO,payment-service,Database query executed in 344ms,344,201,False
2026-04-25 16:32:25.978257,INFO,payment-service,Session created for user,163,201,False
2026-04-25 16:32:33.978257,INFO,auth-service,Request processed successfully,203,200,False
2026-04-25 16:39:30.978257,INFO,inventory-service,Database query executed in 129ms,129,201,False
2026-04-25 16:45:46.978257,CRITICAL,payment-service,Connection timeout after 2088ms,2088,503,True
2026-04-25 16:48:13.978257,INFO,payment-service,User authenticated,315,201,False
2026-04-25 16:50:36.978257,WARNING,payment-service,Order status updated,229,201,False
2026-04-25 16:50:44.978257,WARNING,inventory-service,Order status updated,155,201,False
2026-04-25 16:51:30.978257,INFO,inventory-service,Session created for user,58,200,False
2026-04-25 16:57:19.978257,WARNING,inventory-service,Cache hit for key,206,200,False
2026-04-25 17:01:45.978257,ERROR,auth-service,Memory usage exceeded threshold,2473,503,True
2026-04-25 17:09:21.978257,INFO,api-gateway,Database query executed in 119ms,119,200,False
2026-04-25 17:09:35.978257,ERROR,auth-service,Unhandled exception in request pipeline,8233,500,True
2026-04-25 17:12:11.978257,INFO,auth-service,Health check passed,105,200,False
2026-04-25 17:17:23.978257,WARNING,payment-service,Request processed successfully,51,200,False
2026-04-25 17:17:34.978257,INFO,auth-service,User authenticated,415,201,False
2026-04-25 17:30:07.978257,WARNING,notification-service,User authenticated,452,200,False
2026-04-25 17:38:46.978257,CRITICAL,api-gateway,Database connection pool exhausted,2832,502,True
2026-04-25 17:41:42.978257,INFO,api-gateway,Order status updated,386,201,False
2026-04-25 17:42:57.978257,INFO,auth-service,Cache hit for key,110,201,False
2026-04-25 17:48:54.978257,WARNING,notification-service,Order status updated,224,200,False
2026-04-25 17:58:24.978257,INFO,notification-service,Request processed successfully,401,200,False
2026-04-25 17:59:40.978257,INFO,payment-service,Request processed successfully,289,201,False
2026-04-25 18:00:02.978257,WARNING,auth-service,Health check passed,184,200,False
2026-04-25 18:00:31.978257,WARNING,api-gateway,Health check passed,375,201,False
2026-04-25 18:14:04.978257,INFO,inventory-service,User authenticated,176,200,False
2026-04-25 18:14:32.978257,INFO,payment-service,Session created for user,96,200,False
2026-04-25 18:25:06.978257,INFO,notification-service,Order status updated,460,201,False
2026-04-25 18:30:17.978257,WARNING,inventory-service,Request processed successfully,263,200,False
2026-04-25 18:34:42.978257,CRITICAL,api-gateway,Unhandled exception in request pipeline,4092,502,True
2026-04-25 18:35:32.978257,WARNING,notification-service,Order status updated,336,201,False
2026-04-25 19:02:20.978257,INFO,api-gateway,Cache hit for key,145,201,False
2026-04-25 19:03:12.978257,WARNING,payment-service,Database query executed in 284ms,284,201,False
2026-04-25 19:03:39.978257,WARNING,api-gateway,Request processed successfully,262,200,False
2026-04-25 19:05:30.978257,INFO,payment-service,User authenticated,238,201,False
2026-04-25 19:09:14.978257,ERROR,payment-service,Database connection pool exhausted,2407,503,True
2026-04-25 19:17:18.978257,WARNING,inventory-service,Request processed successfully,132,200,False
2026-04-25 19:23:00.978257,INFO,auth-service,Order status updated,266,200,False
2026-04-25 19:26:48.978257,INFO,inventory-service,Session created for user,232,201,False
2026-04-25 19:33:12.978257,ERROR,payment-service,Database connection pool exhausted,7335,500,True
2026-04-25 19:36:04.978257,WARNING,payment-service,Database query executed in 119ms,119,201,False
2026-04-25 19:42:16.978257,WARNING,inventory-service,Cache hit for key,418,200,False
2026-04-25 19:47:04.978257,INFO,inventory-service,Request processed successfully,423,200,False
2026-04-25 19:49:01.978257,WARNING,inventory-service,Order status updated,241,200,False
2026-04-25 19:49:16.978257,WARNING,auth-service,User authenticated,173,200,False
2026-04-25 19:56:49.978257,INFO,notification-service,Health check passed,405,201,False
2026-04-25 20:01:36.978257,INFO,payment-service,Database query executed in 310ms,310,201,False
2026-04-25 20:01:50.978257,INFO,notification-service,Session created for user,85,201,False
2026-04-25 20:03:36.978257,WARNING,auth-service,Cache hit for key,416,201,False
2026-04-25 20:07:00.978257,WARNING,auth-service,Database query executed in 169ms,169,200,False
2026-04-25 20:09:43.978257,INFO,inventory-service,Health check passed,481,201,False
2026-04-25 20:17:43.978257,INFO,inventory-service,Cache hit for key,312,200,False
2026-04-25 20:21:29.978257,INFO,notification-service,Order status updated,222,201,False
2026-04-25 20:26:06.978257,INFO,inventory-service,Session created for user,411,200,False
2026-04-25 20:26:54.978257,INFO,api-gateway,Health check passed,433,201,False
2026-04-25 20:31:45.978257,INFO,payment-service,Cache hit for key,167,201,False
2026-04-25 20:47:42.978257,WARNING,notification-service,Request processed successfully,261,201,False
2026-04-25 20:48:26.978257,WARNING,notification-service,Request processed successfully,469,201,False
2026-04-25 20:48:58.978257,WARNING,notification-service,Health check passed,452,200,False
2026-04-25 20:48:59.978257,WARNING,payment-service,Database query executed in 180ms,180,201,False
2026-04-25 20:52:18.978257,CRITICAL,inventory-service,Service unreachable after 3 retries,2809,500,True
2026-04-25 21:06:03.978257,ERROR,api-gateway,Service unreachable after 3 retries,2868,503,True
2026-04-25 21:06:54.978257,WARNING,auth-service,Session created for user,78,201,False
2026-04-25 21:09:02.978257,INFO,payment-service,Order status updated,66,201,False
2026-04-25 21:12:08.978257,INFO,payment-service,Health check passed,66,201,False
2026-04-25 21:15:51.978257,INFO,notification-service,Request processed successfully,92,200,False
2026-04-25 21:16:10.978257,WARNING,inventory-service,Database query executed in 322ms,322,200,False
2026-04-25 21:18:39.978257,WARNING,auth-service,Health check passed,127,201,False
2026-04-25 21:22:35.978257,WARNING,auth-service,Cache hit for key,455,200,False
2026-04-25 21:24:30.978257,WARNING,payment-service,Health check passed,239,200,False
2026-04-25 21:49:51.978257,INFO,api-gateway,Session created for user,128,201,False
2026-04-25 21:56:53.978257,INFO,api-gateway,Order status updated,92,200,False
2026-04-25 21:58:19.978257,WARNING,auth-service,Cache hit for key,116,201,False
2026-04-25 22:02:59.978257,WARNING,auth-service,Health check passed,431,200,False
2026-04-25 22:06:46.978257,WARNING,inventory-service,Cache hit for key,366,201,False
2026-04-25 22:14:20.978257,INFO,auth-service,User authenticated,106,201,False
2026-04-25 22:14:20.978257,WARNING,inventory-service,Session created for user,200,200,False
2026-04-25 22:15:28.978257,INFO,api-gateway,Session created for user,318,201,False
2026-04-25 22:17:16.978257,WARNING,payment-service,Session created for user,366,201,False
2026-04-25 22:21:27.978257,WARNING,notification-service,Request processed successfully,291,200,False
2026-04-25 22:22:38.978257,WARNING,notification-service,Database query executed in 305ms,305,201,False
2026-04-25 22:23:27.978257,INFO,notification-service,Order status updated,355,201,False
2026-04-25 22:24:14.978257,WARNING,api-gateway,Health check passed,290,200,False
2026-04-25 22:26:23.978257,WARNING,auth-service,Order status updated,490,200,False
2026-04-25 22:27:18.978257,WARNING,auth-service,Request processed successfully,183,200,False
2026-04-25 22:31:55.978257,CRITICAL,notification-service,Connection timeout after 2353ms,2353,503,True
2026-04-25 22:32:01.978257,INFO,inventory-service,Request processed successfully,459,200,False
2026-04-25 22:33:02.978257,INFO,payment-service,Order status updated,170,200,False
2026-04-25 22:34:43.978257,WARNING,payment-service,Database query executed in 443ms,443,201,False
2026-04-25 22:44:04.978257,WARNING,notification-service,Health check passed,168,200,False
2026-04-25 22:50:43.978257,INFO,notification-service,User authenticated,301,200,False
2026-04-25 22:54:28.978257,INFO,notification-service,Health check passed,452,200,False
2026-04-25 23:00:55.978257,WARNING,auth-service,Database query executed in 338ms,338,200,False
2026-04-25 23:03:36.978257,INFO,payment-service,Session created for user,230,200,False
2026-04-25 23:03:38.978257,INFO,api-gateway,Request processed successfully,140,201,False
2026-04-25 23:06:47.978257,INFO,notification-service,User authenticated,313,201,False
2026-04-25 23:13:24.978257,INFO,payment-service,Session created for user,487,201,False
2026-04-25 23:14:53.978257,INFO,inventory-service,Session created for user,258,201,False
2026-04-25 23:23:47.978257,WARNING,auth-service,Database query executed in 445ms,445,200,False
2026-04-25 23:23:52.978257,WARNING,notification-service,Database query executed in 486ms,486,200,False
2026-04-25 23:27:16.978257,WARNING,inventory-service,Order status updated,141,201,False
2026-04-25 23:32:50.978257,WARNING,auth-service,Request processed successfully,232,201,False
2026-04-25 23:35:44.978257,WARNING,payment-service,Health check passed,229,201,False
2026-04-25 23:38:56.978257,INFO,payment-service,User authenticated,259,200,False
2026-04-25 23:40:02.978257,WARNING,payment-service,Order status updated,383,200,False
2026-04-25 23:41:08.978257,WARNING,api-gateway,Order status updated,413,200,False
2026-04-25 23:42:47.978257,INFO,inventory-service,User authenticated,167,200,False
2026-04-25 23:46:57.978257,WARNING,notification-service,Order status updated,329,201,False
2026-04-25 23:48:22.978257,CRITICAL,api-gateway,Database connection pool exhausted,5199,502,True
2026-04-25 23:51:44.978257,WARNING,notification-service,User authenticated,260,201,False
2026-04-26 00:03:57.978257,INFO,auth-service,Order status updated,355,200,False
2026-04-26 00:04:12.978257,INFO,payment-service,Request processed successfully,231,201,False
2026-04-26 00:08:58.978257,WARNING,inventory-service,Database query executed in 304ms,304,201,False
2026-04-26 00:10:44.978257,ERROR,payment-service,Database connection pool exhausted,8753,500,True
2026-04-26 00:13:33.978257,INFO,payment-service,Cache hit for key,251,201,False
2026-04-26 00:21:14.978257,WARNING,auth-service,Health check passed,346,200,False
2026-04-26 00:23:37.978257,INFO,api-gateway,Cache hit for key,261,201,False
2026-04-26 00:25:03.978257,WARNING,api-gateway,Session created for user,493,200,False
2026-04-26 00:25:57.978257,WARNING,payment-service,Order status updated,308,200,False
2026-04-26 00:28:10.978257,INFO,api-gateway,User authenticated,265,201,False
2026-04-26 00:31:34.978257,INFO,inventory-service,Database query executed in 405ms,405,201,False
2026-04-26 00:34:46.978257,WARNING,auth-service,Order status updated,65,200,False
2026-04-26 00:38:04.978257,INFO,payment-service,Health check passed,499,200,False
2026-04-26 00:39:02.978257,INFO,payment-service,Health check passed,344,201,False
2026-04-26 01:05:59.978257,INFO,inventory-service,User authenticated,318,201,False
2026-04-26 01:15:03.978257,WARNING,payment-service,Session created for user,196,201,False
2026-04-26 01:19:22.978257,WARNING,auth-service,Health check passed,177,201,False
2026-04-26 01:19:50.978257,WARNING,auth-service,Health check passed,118,200,False
2026-04-26 01:24:33.978257,INFO,auth-service,Request processed successfully,232,200,False
2026-04-26 01:33:32.978257,WARNING,inventory-service,Request processed successfully,157,201,False
2026-04-26 01:33:51.978257,WARNING,payment-service,Cache hit for key,350,200,False
2026-04-26 01:44:06.978257,INFO,notification-service,Database query executed in 74ms,74,201,False
2026-04-26 01:44:47.978257,ERROR,inventory-service,Service unreachable after 3 retries,4945,500,True
2026-04-26 01:49:46.978257,WARNING,notification-service,Session created for user,97,200,False
2026-04-26 01:49:49.978257,WARNING,payment-service,Cache hit for key,207,200,False
2026-04-26 01:54:40.978257,INFO,payment-service,Order status updated,98,201,False
2026-04-26 01:56:34.978257,WARNING,notification-service,Session created for user,132,200,False
2026-04-26 02:06:09.978257,WARNING,auth-service,Health check passed,442,201,False
2026-04-26 02:12:05.978257,WARNING,payment-service,Health check passed,78,201,False
2026-04-26 02:22:26.978257,WARNING,auth-service,Session created for user,147,201,False
2026-04-26 02:30:39.978257,WARNING,api-gateway,Health check passed,51,200,False
2026-04-26 02:33:59.978257,CRITICAL,api-gateway,Database connection pool exhausted,7732,502,True
2026-04-26 02:36:36.978257,INFO,api-gateway,Order status updated,254,201,False
2026-04-26 02:45:57.978257,WARNING,inventory-service,Session created for user,333,201,False
2026-04-26 02:53:24.978257,WARNING,inventory-service,Cache hit for key,84,200,False
2026-04-26 02:55:38.978257,INFO,api-gateway,Health check passed,320,201,False
2026-04-26 02:59:45.978257,INFO,inventory-service,Database query executed in 194ms,194,201,False
2026-04-26 03:03:12.978257,WARNING,auth-service,Session created for user,407,201,False
2026-04-26 03:03:55.978257,INFO,api-gateway,Cache hit for key,353,200,False
2026-04-26 03:03:59.978257,CRITICAL,auth-service,Database connection pool exhausted,5984,503,True
2026-04-26 03:07:01.978257,WARNING,inventory-service,User authenticated,202,201,False
2026-04-26 03:10:37.978257,WARNING,payment-service,Cache hit for key,159,201,False
2026-04-26 03:11:31.978257,ERROR,notification-service,Database connection pool exhausted,7058,503,True
2026-04-26 03:13:23.978257,WARNING,api-gateway,Database query executed in 152ms,152,201,False
2026-04-26 03:14:47.978257,INFO,notification-service,Request processed successfully,462,201,False
2026-04-26 03:17:18.978257,INFO,notification-service,Cache hit for key,344,201,False
2026-04-26 03:20:15.978257,WARNING,inventory-service,User authenticated,406,200,False
2026-04-26 03:21:36.978257,INFO,api-gateway,Health check passed,388,201,False
2026-04-26 03:21:43.978257,WARNING,payment-service,Request processed successfully,142,200,False
2026-04-26 03:22:32.978257,WARNING,payment-service,Database query executed in 126ms,126,201,False
2026-04-26 03:29:45.978257,INFO,api-gateway,User authenticated,173,200,False
2026-04-26 03:30:44.978257,INFO,auth-service,User authenticated,101,201,False
2026-04-26 03:45:01.978257,INFO,inventory-service,Request processed successfully,68,201,False
2026-04-26 03:46:05.978257,INFO,auth-service,Order status updated,331,200,False
2026-04-26 03:47:51.978257,WARNING,payment-service,Session created for user,187,201,False
2026-04-26 03:50:24.978257,ERROR,payment-service,Unhandled exception in request pipeline,4225,500,True
2026-04-26 03:55:00.978257,INFO,notification-service,Session created for user,140,200,False
2026-04-26 04:01:01.978257,INFO,payment-service,Session created for user,161,200,False
2026-04-26 04:08:29.978257,INFO,notification-service,Database query executed in 163ms,163,200,False
2026-04-26 04:08:52.978257,INFO,auth-service,Database query executed in 495ms,495,201,False
2026-04-26 04:11:06.978257,WARNING,notification-service,Cache hit for key,167,201,False
2026-04-26 04:14:17.978257,INFO,notification-service,Request processed successfully,472,201,False
2026-04-26 04:17:49.978257,WARNING,inventory-service,User authenticated,479,200,False
2026-04-26 04:19:44.978257,WARNING,notification-service,Cache hit for key,113,201,False
2026-04-26 04:20:09.978257,WARNING,notification-service,Request processed successfully,324,200,False
2026-04-26 04:24:07.978257,WARNING,auth-service,Database query executed in 314ms,314,200,False
2026-04-26 04:24:12.978257,CRITICAL,notification-service,Database connection pool exhausted,7718,503,True
2026-04-26 04:29:58.978257,WARNING,notification-service,Cache hit for key,337,201,False
2026-04-26 04:31:07.978257,INFO,payment-service,Database query executed in 108ms,108,200,False
2026-04-26 04:33:30.978257,INFO,payment-service,Health check passed,306,200,False
2026-04-26 04:46:06.978257,INFO,auth-service,Order status updated,269,200,False
2026-04-26 04:47:50.978257,CRITICAL,inventory-service,Unhandled exception in request pipeline,7915,503,True
2026-04-26 04:59:20.978257,WARNING,inventory-service,Health check passed,238,200,False
2026-04-26 05:01:34.978257,INFO,notification-service,Request processed successfully,176,200,False
2026-04-26 05:07:23.978257,WARNING,notification-service,Session created for user,100,200,False
2026-04-26 05:11:11.978257,WARNING,notification-service,Request processed successfully,340,200,False
2026-04-26 05:16:31.978257,INFO,inventory-service,Health check passed,161,200,False
2026-04-26 05:26:48.978257,WARNING,api-gateway,Session created for user,440,200,False
2026-04-26 05:33:22.978257,INFO,payment-service,Request processed successfully,169,201,False
2026-04-26 05:33:43.978257,WARNING,auth-service,Session created for user,333,201,False
2026-04-26 05:35:56.978257,INFO,inventory-service,Session created for user,95,200,False
2026-04-26 05:55:51.978257,INFO,payment-service,User authenticated,346,201,False
2026-04-26 05:57:07.978257,INFO,api-gateway,Order status updated,218,201,False
2026-04-26 06:02:34.978257,WARNING,auth-service,Health check passed,185,200,False
2026-04-26 06:02:36.978257,INFO,auth-service,Health check passed,243,200,False
2026-04-26 06:06:06.978257,ERROR,inventory-service,Service unreachable after 3 retries,8489,500,True
2026-04-26 06:10:08.978257,WARNING,auth-service,User authenticated,261,201,False
2026-04-26 06:10:35.978257,INFO,payment-service,Health check passed,418,200,False
2026-04-26 06:13:47.978257,INFO,inventory-service,Request processed successfully,259,200,False
2026-04-26 06:17:15.978257,WARNING,auth-service,User authenticated,284,200,False
2026-04-26 06:18:00.978257,WARNING,payment-service,Cache hit for key,210,200,False
2026-04-26 06:19:51.978257,WARNING,payment-service,Health check passed,118,200,False
2026-04-26 06:24:04.978257,WARNING,inventory-service,Database query executed in 138ms,138,201,False
2026-04-26 06:34:36.978257,ERROR,api-gateway,Memory usage exceeded threshold,8727,502,True
2026-04-26 06:35:25.978257,INFO,payment-service,Cache hit for key,214,200,False
2026-04-26 06:36:04.978257,INFO,notification-service,Database query executed in 144ms,144,200,False
2026-04-26 06:36:06.978257,WARNING,inventory-service,Request processed successfully,87,200,False
2026-04-26 06:40:26.978257,WARNING,api-gateway,Order status updated,243,200,False
2026-04-26 06:51:11.978257,ERROR,inventory-service,Service unreachable after 3 retries,6977,502,True
2026-04-26 06:57:06.978257,INFO,notification-service,Database query executed in 93ms,93,201,False
2026-04-26 07:09:37.978257,WARNING,api-gateway,Cache hit for key,423,201,False
2026-04-26 07:11:14.978257,INFO,payment-service,Session created for user,359,200,False
2026-04-26 07:26:22.978257,WARNING,notification-service,Order status updated,420,201,False
2026-04-26 07:30:46.978257,WARNING,notification-service,Order status updated,200,200,False
2026-04-26 07:37:18.978257,WARNING,notification-service,Cache hit for key,206,201,False
2026-04-26 07:37:35.978257,WARNING,api-gateway,Session created for user,422,200,False
2026-04-26 07:38:12.978257,WARNING,api-gateway,Order status updated,471,201,False
2026-04-26 07:41:11.978257,INFO,api-gateway,Request processed successfully,200,201,False
2026-04-26 07:43:29.978257,WARNING,inventory-service,Cache hit for key,100,201,False
2026-04-26 07:44:24.978257,WARNING,notification-service,Session created for user,423,201,False
2026-04-26 07:45:03.978257,INFO,inventory-service,Health check passed,213,201,False
2026-04-26 07:49:27.978257,WARNING,api-gateway,Health check passed,291,201,False
2026-04-26 07:54:24.978257,WARNING,payment-service,Cache hit for key,283,201,False
2026-04-26 07:58:22.978257,INFO,auth-service,Session created for user,70,201,False
2026-04-26 08:08:04.978257,WARNING,inventory-service,Database query executed in 224ms,224,200,False
2026-04-26 08:13:38.978257,WARNING,payment-service,User authenticated,401,200,False
2026-04-26 08:18:17.978257,WARNING,notification-service,Session created for user,65,201,False
2026-04-26 08:24:56.978257,INFO,inventory-service,Order status updated,475,200,False
2026-04-26 08:25:57.978257,INFO,payment-service,Cache hit for key,311,201,False
2026-04-26 08:30:14.978257,WARNING,inventory-service,Health check passed,295,200,False
2026-04-26 08:31:18.978257,WARNING,notification-service,Request processed successfully,298,201,False
2026-04-26 08:44:26.978257,WARNING,api-gateway,Database query executed in 217ms,217,200,False
2026-04-26 08:45:27.978257,INFO,notification-service,Health check passed,94,200,False
2026-04-26 08:45:39.978257,INFO,notification-service,Cache hit for key,236,201,False
2026-04-26 08:47:14.978257,INFO,notification-service,Cache hit for key,90,200,False
2026-04-26 08:55:15.978257,CRITICAL,auth-service,Database connection pool exhausted,6958,500,True
2026-04-26 08:55:23.978257,WARNING,notification-service,Session created for user,355,200,False
2026-04-26 08:59:50.978257,INFO,auth-service,Session created for user,344,201,False
2026-04-26 09:00:22.978257,INFO,api-gateway,Order status updated,297,200,False
2026-04-26 09:06:31.978257,INFO,api-gateway,User authenticated,228,201,False
2026-04-26 09:08:19.978257,WARNING,inventory-service,Database query executed in 327ms,327,200,False
2026-04-26 09:17:53.978257,INFO,api-gateway,Request processed successfully,464,200,False
2026-04-26 09:23:59.978257,INFO,inventory-service,User authenticated,500,201,False
2026-04-26 09:24:25.978257,WARNING,api-gateway,Request processed successfully,352,201,False
2026-04-26 09:25:25.978257,INFO,payment-service,User authenticated,289,200,False
2026-04-26 09:29:37.978257,WARNING,payment-service,Health check passed,283,201,False
2026-04-26 09:30:32.978257,INFO,payment-service,Database query executed in 193ms,193,201,False
2026-04-26 09:32:10.978257,WARNING,notification-service,Order status updated,214,201,False
2026-04-26 09:42:07.978257,INFO,notification-service,Database query executed in 174ms,174,200,False
2026-04-26 09:45:23.978257,WARNING,auth-service,Order status updated,326,201,False
2026-04-26 09:48:54.978257,INFO,api-gateway,User authenticated,439,201,False
2026-04-26 09:50:13.978257,WARNING,auth-service,Health check passed,248,200,False
2026-04-26 09:53:41.978257,WARNING,notification-service,Request processed successfully,149,200,False
2026-04-26 09:54:45.978257,INFO,payment-service,User authenticated,179,200,False
2026-04-26 10:02:00.978257,INFO,payment-service,Cache hit for key,269,201,False
2026-04-26 10:07:15.978257,CRITICAL,payment-service,Service unreachable after 3 retries,6677,500,True
2026-04-26 10:07:52.978257,INFO,payment-service,Request processed successfully,66,201,False
2026-04-26 10:08:21.978257,INFO,auth-service,Health check passed,167,201,False
2026-04-26 10:09:29.978257,WARNING,inventory-service,Session created for user,451,201,False
2026-04-26 10:17:00.978257,INFO,payment-service,Session created for user,238,200,False
2026-04-26 10:17:18.978257,ERROR,api-gateway,Service unreachable after 3 retries,4121,503,True
2026-04-26 10:23:12.978257,WARNING,auth-service,Session created for user,438,201,False
2026-04-26 10:24:21.978257,WARNING,api-gateway,Request processed successfully,488,200,False
2026-04-26 10:32:34.978257,WARNING,notification-service,Cache hit for key,170,200,False
2026-04-26 10:37:13.978257,WARNING,api-gateway,Order status updated,134,201,False
2026-04-26 10:39:32.978257,INFO,inventory-service,Health check passed,144,201,False
2026-04-26 10:40:14.978257,INFO,api-gateway,User authenticated,114,200,False
2026-04-26 10:40:20.978257,ERROR,inventory-service,Database connection pool exhausted,5413,500,True
2026-04-26 10:44:01.978257,INFO,payment-service,User authenticated,394,200,False
2026-04-26 10:50:55.978257,INFO,payment-service,Session created for user,413,200,False
2026-04-26 10:52:58.978257,WARNING,payment-service,Request processed successfully,229,200,False
2026-04-26 10:59:07.978257,WARNING,auth-service,Health check passed,51,200,False
2026-04-26 11:00:32.978257,INFO,payment-service,Order status updated,84,201,False
2026-04-26 11:01:04.978257,WARNING,inventory-service,Request processed successfully,426,201,False
2026-04-26 11:02:45.978257,INFO,payment-service,Database query executed in 308ms,308,200,False
2026-04-26 11:03:28.978257,WARNING,api-gateway,Database query executed in 468ms,468,201,False
2026-04-26 11:04:52.978257,CRITICAL,api-gateway,Unhandled exception in request pipeline,5814,503,True
2026-04-26 11:27:44.978257,CRITICAL,payment-service,Unhandled exception in request pipeline,8473,503,True
2026-04-26 11:33:45.978257,WARNING,api-gateway,Request processed successfully,229,201,False
2026-04-26 11:34:28.978257,WARNING,inventory-service,Health check passed,188,200,False
2026-04-26 11:52:34.978257,WARNING,api-gateway,Order status updated,497,201,False
2026-04-26 11:54:48.978257,INFO,api-gateway,Database query executed in 132ms,132,201,False
2026-04-26 11:57:22.978257,WARNING,inventory-service,Health check passed,331,200,False
2026-04-26 11:58:50.978257,INFO,inventory-service,Health check passed,165,201,False
2026-04-26 11:59:50.978257,WARNING,api-gateway,User authenticated,131,201,False
2026-04-26 12:04:00.978257,INFO,payment-service,Health check passed,94,200,False
2026-04-26 12:04:27.978257,WARNING,inventory-service,User authenticated,391,201,False
2026-04-26 12:05:28.978257,INFO,api-gateway,Request processed successfully,407,201,False
2026-04-26 12:07:23.978257,INFO,api-gateway,Health check passed,414,200,False
2026-04-26 12:07:49.978257,INFO,auth-service,Order status updated,348,201,False
2026-04-26 12:12:43.978257,INFO,auth-service,User authenticated,64,201,False
2026-04-26 12:13:31.978257,INFO,api-gateway,User authenticated,72,200,False
2026-04-26 12:17:10.978257,WARNING,inventory-service,Order status updated,416,200,False
2026-04-26 12:18:54.978257,INFO,inventory-service,Database query executed in 467ms,467,201,False
2026-04-26 12:20:06.978257,INFO,api-gateway,Session created for user,458,200,False
2026-04-26 12:21:48.978257,INFO,api-gateway,Request processed successfully,265,201,False
2026-04-26 12:26:05.978257,WARNING,notification-service,Session created for user,459,201,False
2026-04-26 12:30:48.978257,WARNING,api-gateway,Request processed successfully,141,200,False
2026-04-26 12:36:21.978257,INFO,payment-service,Cache hit for key,192,200,False
2026-04-26 12:39:57.978257,INFO,api-gateway,Request processed successfully,238,200,False
2026-04-26 12:43:29.978257,WARNING,api-gateway,Request processed successfully,465,201,False
2026-04-26 12:47:55.978257,WARNING,payment-service,User authenticated,260,200,False
2026-04-26 12:49:56.978257,WARNING,auth-service,Request processed successfully,67,200,False
2026-04-26 12:50:24.978257,WARNING,inventory-service,Database query executed in 205ms,205,200,False
2026-04-26 12:55:18.978257,INFO,notification-service,Request processed successfully,170,201,False
2026-04-26 13:00:38.978257,WARNING,payment-service,Health check passed,438,201,False
2026-04-26 13:06:41.978257,INFO,api-gateway,Database query executed in 329ms,329,200,False
2026-04-26 13:17:04.978257,INFO,notification-service,Request processed successfully,142,200,False
2026-04-26 13:28:13.978257,INFO,auth-service,Order status updated,465,200,False
2026-04-26 13:28:22.978257,WARNING,inventory-service,Database query executed in 241ms,241,200,False
2026-04-26 13:31:50.978257,ERROR,auth-service,Unhandled exception in request pipeline,4356,502,True
2026-04-26 13:32:00.978257,INFO,payment-service,User authenticated,55,201,False
2026-04-26 13:33:45.978257,WARNING,inventory-service,Request processed successfully,479,201,False
2026-04-26 13:36:44.978257,WARNING,api-gateway,Session created for user,305,200,False
2026-04-26 13:42:44.978257,WARNING,notification-service,User authenticated,249,201,False
2026-04-26 13:49:29.978257,INFO,payment-service,Cache hit for key,143,201,False
2026-04-26 13:52:14.978257,INFO,auth-service,Order status updated,450,201,False
2026-04-26 13:53:33.978257,WARNING,auth-service,Order status updated,375,201,False
2026-04-26 13:54:08.978257,INFO,payment-service,Order status updated,113,201,False
2026-04-26 13:56:49.978257,INFO,notification-service,Cache hit for key,130,201,False
2026-04-26 14:00:15.978257,INFO,api-gateway,Session created for user,163,201,False
2026-04-26 14:02:48.978257,WARNING,auth-service,Session created for user,344,201,False
2026-04-26 14:03:38.978257,WARNING,notification-service,Database query executed in 121ms,121,200,False
2026-04-26 14:08:43.978257,CRITICAL,notification-service,Service unreachable after 3 retries,2084,500,True
2026-04-26 14:10:19.978257,WARNING,inventory-service,Database query executed in 78ms,78,201,False
2026-04-26 14:16:42.978257,WARNING,auth-service,Health check passed,274,201,False
2026-04-26 14:17:11.978257,WARNING,auth-service,Cache hit for key,78,201,False
2026-04-26 14:19:32.978257,WARNING,inventory-service,Health check passed,431,200,False
2026-04-26 14:20:51.978257,INFO,payment-service,Health check passed,427,200,False
2026-04-26 14:22:34.978257,INFO,notification-service,Request processed successfully,213,200,False
2026-04-26 14:29:52.978257,WARNING,inventory-service,User authenticated,268,200,False
2026-04-26 14:34:04.978257,ERROR,api-gateway,Unhandled exception in request pipeline,8539,500,True
2026-04-26 14:41:17.978257,WARNING,notification-service,Database query executed in 456ms,456,201,False
2026-04-26 14:42:45.978257,WARNING,notification-service,Health check passed,183,201,False
2026-04-26 14:46:53.978257,WARNING,auth-service,Cache hit for key,489,201,False
2026-04-26 14:47:01.978257,WARNING,notification-service,Database query executed in 71ms,71,200,False
2026-04-26 14:47:35.978257,WARNING,auth-service,Cache hit for key,492,200,False
2026-04-26 14:51:22.978257,INFO,inventory-service,Health check passed,458,200,False
2026-04-26 15:01:29.978257,INFO,api-gateway,Database query executed in 104ms,104,201,False
2026-04-26 15:01:39.978257,WARNING,inventory-service,Request processed successfully,426,201,False
2026-04-26 15:13:58.978257,WARNING,auth-service,Session created for user,489,201,False
2026-04-26 15:18:43.978257,INFO,auth-service,Cache hit for key,270,200,False
2026-04-26 15:19:16.978257,ERROR,notification-service,Connection timeout after 5985ms,5985,500,True
2026-04-26 15:25:26.978257,INFO,auth-service,Database query executed in 101ms,101,201,False
2026-04-26 15:25:34.978257,INFO,notification-service,Database query executed in 140ms,140,200,False
2026-04-26 15:25:41.978257,INFO,notification-service,User authenticated,329,201,False
2026-04-26 15:28:55.978257,INFO,payment-service,Request processed successfully,98,201,False
2026-04-26 15:31:58.978257,INFO,inventory-service,Session created for user,414,201,False
2026-04-26 15:33:54.978257,WARNING,api-gateway,Order status updated,392,200,False
2026-04-26 15:34:21.978257,WARNING,inventory-service,Session created for user,202,200,False
2026-04-26 15:34:35.978257,INFO,notification-service,Database query executed in 302ms,302,201,False
2026-04-26 15:35:05.978257,WARNING,notification-service,Order status updated,486,200,False
2026-04-26 15:39:49.978257,INFO,auth-service,Database query executed in 422ms,422,201,False
2026-04-26 15:40:13.978257,WARNING,api-gateway,Session created for user,287,201,False
2026-04-26 15:46:32.978257,INFO,inventory-service,Order status updated,491,201,False
2026-04-26 16:04:52.978257,INFO,inventory-service,Cache hit for key,272,200,False
2026-04-26 16:07:08.978257,WARNING,api-gateway,Order status updated,405,200,False
2026-04-26 16:16:35.978257,INFO,inventory-service,Health check passed,106,200,False
2026-04-26 16:19:58.978257,WARNING,api-gateway,Request processed successfully,167,200,False
2026-04-26 16:31:13.978257,WARNING,inventory-service,Order status updated,381,201,False
2026-04-26 16:32:17.978257,CRITICAL,payment-service,Service unreachable after 3 retries,8253,500,True
2026-04-26 16:36:37.978257,WARNING,inventory-service,Health check passed,308,200,False
2026-04-26 16:38:15.978257,WARNING,payment-service,Database query executed in 384ms,384,201,False
2026-04-26 16:39:53.978257,WARNING,inventory-service,Order status updated,280,200,False
2026-04-26 16:46:08.978257,INFO,auth-service,Session created for user,58,200,False
2026-04-26 16:47:46.978257,WARNING,payment-service,Order status updated,328,201,False
2026-04-26 16:49:01.978257,INFO,api-gateway,Health check passed,347,200,False
2026-04-26 16:56:27.978257,WARNING,api-gateway,Session created for user,462,200,False
2026-04-26 17:08:17.978257,INFO,api-gateway,Cache hit for key,142,200,False
2026-04-26 17:21:39.978257,INFO,inventory-service,Request processed successfully,383,200,False
2026-04-26 17:27:29.978257,INFO,payment-service,Request processed successfully,221,200,False
2026-04-26 17:31:21.978257,INFO,payment-service,Request processed successfully,411,201,False
2026-04-26 17:35:35.978257,INFO,inventory-service,Database query executed in 114ms,114,201,False
2026-04-26 17:38:52.978257,INFO,payment-service,Health check passed,435,201,False
2026-04-26 17:54:01.978257,ERROR,payment-service,Memory usage exceeded threshold,7064,500,True
2026-04-26 18:12:36.978257,WARNING,api-gateway,Database query executed in 435ms,435,201,False
2026-04-26 18:17:37.978257,INFO,notification-service,User authenticated,68,200,False
2026-04-26 18:18:24.978257,INFO,inventory-service,Order status updated,85,200,False
2026-04-26 18:20:18.978257,INFO,notification-service,Health check passed,126,200,False
2026-04-26 18:28:18.978257,INFO,auth-service,User authenticated,163,200,False
2026-04-26 18:29:38.978257,INFO,api-gateway,Session created for user,341,200,False
2026-04-26 18:31:48.978257,WARNING,notification-service,Cache hit for key,62,201,False
2026-04-26 18:33:14.978257,WARNING,notification-service,Session created for user,233,201,False
2026-04-26 18:40:38.978257,CRITICAL,payment-service,Service unreachable after 3 retries,2381,502,True
2026-04-26 18:51:37.978257,INFO,notification-service,Cache hit for key,260,200,False
2026-04-26 18:55:06.978257,WARNING,notification-service,Session created for user,59,200,False
2026-04-26 18:57:24.978257,CRITICAL,payment-service,Service unreachable after 3 retries,6169,503,True
2026-04-26 18:57:46.978257,INFO,auth-service,Cache hit for key,433,201,False
2026-04-26 18:59:50.978257,WARNING,auth-service,User authenticated,322,201,False
2026-04-26 19:00:10.978257,INFO,inventory-service,Order status updated,288,201,False
2026-04-26 19:03:21.978257,INFO,payment-service,Cache hit for key,356,200,False
2026-04-26 19:04:08.978257,INFO,notification-service,User authenticated,342,201,False
2026-04-26 19:08:11.978257,ERROR,payment-service,Database connection pool exhausted,3068,500,True
2026-04-26 19:11:19.978257,WARNING,payment-service,Request processed successfully,341,200,False
2026-04-26 19:11:56.978257,WARNING,payment-service,Database query executed in 291ms,291,201,False
2026-04-26 19:12:04.978257,INFO,auth-service,Cache hit for key,124,200,False
2026-04-26 19:13:26.978257,INFO,auth-service,Request processed successfully,206,201,False
2026-04-26 19:14:11.978257,WARNING,notification-service,Order status updated,213,201,False
2026-04-26 19:17:10.978257,WARNING,payment-service,Health check passed,492,201,False
2026-04-26 19:19:44.978257,INFO,payment-service,Order status updated,65,200,False
2026-04-26 19:20:26.978257,INFO,payment-service,Session created for user,175,201,False
2026-04-26 19:27:16.978257,WARNING,payment-service,Cache hit for key,269,200,False
2026-04-26 19:27:45.978257,INFO,notification-service,Cache hit for key,315,200,False
2026-04-26 19:31:20.978257,INFO,auth-service,Health check passed,229,201,False
2026-04-26 19:45:02.978257,INFO,inventory-service,Cache hit for key,51,201,False
2026-04-26 19:48:39.978257,INFO,inventory-service,Health check passed,357,201,False
2026-04-26 19:55:22.978257,WARNING,payment-service,Health check passed,313,201,False
2026-04-26 20:02:12.978257,INFO,inventory-service,Order status updated,141,200,False
2026-04-26 20:06:18.978257,ERROR,inventory-service,Database connection pool exhausted,6753,500,True
2026-04-26 20:06:36.978257,INFO,api-gateway,Health check passed,480,201,False
2026-04-26 20:07:02.978257,WARNING,notification-service,Order status updated,491,201,False
2026-04-26 20:24:20.978257,WARNING,payment-service,Health check passed,320,201,False
2026-04-26 20:33:25.978257,CRITICAL,api-gateway,Connection timeout after 6841ms,6841,500,True
2026-04-26 20:43:45.978257,INFO,payment-service,Request processed successfully,220,201,False
2026-04-26 20:44:38.978257,INFO,payment-service,User authenticated,57,200,False
2026-04-26 20:51:44.978257,WARNING,notification-service,Order status updated,267,201,False
2026-04-26 20:52:52.978257,INFO,auth-service,Session created for user,281,200,False
2026-04-26 20:54:48.978257,WARNING,notification-service,Database query executed in 174ms,174,201,False
2026-04-26 20:57:15.978257,WARNING,auth-service,Request processed successfully,234,200,False
2026-04-26 21:00:02.978257,INFO,inventory-service,Order status updated,347,201,False
2026-04-26 21:01:59.978257,ERROR,inventory-service,Memory usage exceeded threshold,4971,503,True
2026-04-26 21:12:53.978257,ERROR,payment-service,Connection timeout after 3732ms,3732,502,True
2026-04-26 21:15:16.978257,INFO,notification-service,Cache hit for key,152,201,False
2026-04-26 21:16:22.978257,INFO,inventory-service,Cache hit for key,277,201,False
2026-04-26 21:16:47.978257,WARNING,notification-service,Cache hit for key,60,200,False
2026-04-26 21:17:58.978257,CRITICAL,payment-service,Service unreachable after 3 retries,5571,500,True
2026-04-26 21:22:04.978257,WARNING,auth-service,Database query executed in 424ms,424,200,False
2026-04-26 21:34:41.978257,WARNING,api-gateway,Request processed successfully,87,200,False
2026-04-26 21:48:39.978257,INFO,auth-service,Request processed successfully,280,201,False
2026-04-26 21:53:11.978257,INFO,inventory-service,Session created for user,228,201,False
2026-04-26 21:56:12.978257,INFO,api-gateway,Session created for user,155,201,False
2026-04-26 21:58:02.978257,WARNING,inventory-service,User authenticated,265,200,False
2026-04-26 22:09:08.978257,INFO,payment-service,Cache hit for key,132,201,False
2026-04-26 22:11:55.978257,INFO,api-gateway,Health check passed,262,200,False
2026-04-26 22:13:10.978257,INFO,notification-service,Cache hit for key,142,201,False
2026-04-26 22:16:45.978257,INFO,api-gateway,User authenticated,347,200,False
2026-04-26 22:20:31.978257,INFO,inventory-service,Order status updated,385,200,False
2026-04-26 22:29:33.978257,INFO,notification-service,Order status updated,151,200,False
2026-04-26 22:32:27.978257,INFO,api-gateway,Cache hit for key,360,200,False
2026-04-26 22:32:54.978257,INFO,payment-service,User authenticated,250,200,False
2026-04-26 22:39:48.978257,INFO,api-gateway,Order status updated,452,201,False
2026-04-26 22:39:55.978257,WARNING,auth-service,Session created for user,257,201,False
2026-04-26 22:43:36.978257,WARNING,inventory-service,Health check passed,85,200,False
2026-04-26 22:44:34.978257,CRITICAL,payment-service,Unhandled exception in request pipeline,4714,502,True
2026-04-26 22:45:29.978257,WARNING,auth-service,Session created for user,226,201,False
2026-04-26 22:50:22.978257,CRITICAL,notification-service,Service unreachable after 3 retries,6623,502,True
2026-04-26 22:53:10.978257,CRITICAL,api-gateway,Database connection pool exhausted,4939,502,True
2026-04-26 23:00:12.978257,INFO,notification-service,Request processed successfully,99,201,False
2026-04-26 23:02:55.978257,WARNING,payment-service,Session created for user,127,200,False
2026-04-26 23:04:29.978257,WARNING,auth-service,Order status updated,354,200,False
2026-04-26 23:06:08.978257,WARNING,payment-service,Request processed successfully,170,201,False
2026-04-26 23:14:59.978257,WARNING,payment-service,Database query executed in 203ms,203,200,False
2026-04-26 23:15:24.978257,INFO,api-gateway,Cache hit for key,397,201,False
2026-04-26 23:20:10.978257,INFO,auth-service,Cache hit for key,162,201,False
2026-04-26 23:22:56.978257,WARNING,notification-service,Database query executed in 101ms,101,201,False
2026-04-26 23:23:23.978257,INFO,notification-service,Cache hit for key,179,200,False
2026-04-26 23:29:01.978257,INFO,api-gateway,Order status updated,172,200,False
2026-04-26 23:49:02.978257,WARNING,auth-service,Cache hit for key,333,201,False
2026-04-26 23:49:33.978257,CRITICAL,inventory-service,Connection timeout after 3268ms,3268,502,True
2026-04-26 23:51:12.978257,ERROR,notification-service,Service unreachable after 3 retries,4219,502,True
2026-04-26 23:54:00.978257,INFO,notification-service,Request processed successfully,219,201,False
2026-04-26 23:54:49.978257,WARNING,auth-service,Database query executed in 287ms,287,200,False
2026-04-27 00:03:10.978257,INFO,notification-service,User authenticated,161,201,False
2026-04-27 00:03:56.978257,ERROR,payment-service,Database connection pool exhausted,7209,503,True
2026-04-27 00:06:51.978257,INFO,auth-service,Session created for user,73,201,False
2026-04-27 00:09:02.978257,INFO,auth-service,Health check passed,112,200,False
2026-04-27 00:09:58.978257,WARNING,inventory-service,Database query executed in 409ms,409,201,False
2026-04-27 00:17:20.978257,WARNING,api-gateway,Request processed successfully,213,200,False
2026-04-27 00:19:43.978257,INFO,payment-service,Session created for user,217,201,False
2026-04-27 00:19:59.978257,ERROR,payment-service,Database connection pool exhausted,7324,503,True
2026-04-27 00:28:31.978257,INFO,api-gateway,Session created for user,248,200,False
2026-04-27 00:37:14.978257,INFO,inventory-service,User authenticated,54,201,False
2026-04-27 00:43:54.978257,INFO,payment-service,Cache hit for key,448,200,False
2026-04-27 00:53:25.978257,WARNING,inventory-service,Session created for user,440,201,False
2026-04-27 00:58:35.978257,ERROR,payment-service,Service unreachable after 3 retries,5166,500,True
2026-04-27 01:00:17.978257,WARNING,payment-service,Health check passed,116,201,False
2026-04-27 01:05:39.978257,INFO,notification-service,Database query executed in 331ms,331,200,False
2026-04-27 01:31:55.978257,INFO,inventory-service,Health check passed,309,201,False
2026-04-27 01:33:15.978257,INFO,api-gateway,User authenticated,430,200,False
2026-04-27 01:34:50.978257,INFO,notification-service,User authenticated,475,201,False
2026-04-27 01:36:59.978257,WARNING,notification-service,Database query executed in 270ms,270,201,False
2026-04-27 01:37:11.978257,INFO,auth-service,Health check passed,290,200,False
2026-04-27 01:40:09.978257,WARNING,inventory-service,Order status updated,163,201,False
2026-04-27 01:41:40.978257,INFO,auth-service,Database query executed in 173ms,173,201,False
2026-04-27 01:41:42.978257,WARNING,api-gateway,Cache hit for key,410,200,False
2026-04-27 01:50:39.978257,WARNING,inventory-service,Session created for user,410,201,False
2026-04-27 01:54:14.978257,WARNING,inventory-service,Request processed successfully,96,200,False
2026-04-27 01:58:21.978257,WARNING,inventory-service,Health check passed,413,201,False
2026-04-27 02:01:28.978257,WARNING,api-gateway,Session created for user,202,200,False
2026-04-27 02:04:55.978257,WARNING,auth-service,Order status updated,100,201,False
2026-04-27 02:06:01.978257,WARNING,payment-service,Database query executed in 153ms,153,201,False
2026-04-27 02:08:48.978257,WARNING,auth-service,Cache hit for key,344,200,False
2026-04-27 02:15:47.978257,CRITICAL,api-gateway,Unhandled exception in request pipeline,7596,503,True
2026-04-27 02:16:38.978257,WARNING,inventory-service,User authenticated,473,200,False
2026-04-27 02:20:11.978257,WARNING,inventory-service,Request processed successfully,372,200,False
2026-04-27 02:23:11.978257,CRITICAL,inventory-service,Unhandled exception in request pipeline,6660,503,True
2026-04-27 02:23:54.978257,WARNING,api-gateway,Order status updated,362,201,False
2026-04-27 02:25:31.978257,INFO,inventory-service,Order status updated,337,201,False
2026-04-27 02:27:19.978257,WARNING,inventory-service,Database query executed in 322ms,322,200,False
2026-04-27 02:34:51.978257,WARNING,notification-service,Order status updated,298,201,False
2026-04-27 02:36:14.978257,INFO,payment-service,Cache hit for key,79,201,False
2026-04-27 02:36:32.978257,WARNING,payment-service,Health check passed,339,200,False
2026-04-27 02:37:01.978257,INFO,inventory-service,Database query executed in 267ms,267,201,False
2026-04-27 02:40:41.978257,INFO,inventory-service,Session created for user,238,201,False
2026-04-27 02:46:58.978257,INFO,payment-service,Health check passed,351,200,False
2026-04-27 03:04:59.978257,INFO,payment-service,Session created for user,236,200,False
2026-04-27 03:09:06.978257,WARNING,auth-service,Cache hit for key,236,201,False
2026-04-27 03:19:03.978257,CRITICAL,payment-service,Memory usage exceeded threshold,6995,503,True
2026-04-27 03:23:03.978257,INFO,inventory-service,Order status updated,283,200,False
2026-04-27 03:27:36.978257,WARNING,auth-service,Session created for user,466,200,False
2026-04-27 03:28:15.978257,INFO,payment-service,Order status updated,434,200,False
2026-04-27 03:28:40.978257,INFO,api-gateway,Database query executed in 377ms,377,200,False
2026-04-27 03:31:20.978257,WARNING,notification-service,Health check passed,241,201,False
2026-04-27 03:38:01.978257,INFO,api-gateway,Health check passed,342,200,False
2026-04-27 03:41:13.978257,INFO,notification-service,Request processed successfully,239,200,False
2026-04-27 03:44:10.978257,WARNING,inventory-service,Order status updated,188,200,False
2026-04-27 03:44:55.978257,WARNING,api-gateway,Order status updated,153,201,False
2026-04-27 03:47:21.978257,INFO,api-gateway,Database query executed in 316ms,316,201,False
2026-04-27 03:48:37.978257,WARNING,api-gateway,Database query executed in 204ms,204,200,False
2026-04-27 03:49:55.978257,INFO,auth-service,Cache hit for key,364,201,False
2026-04-27 03:52:32.978257,WARNING,notification-service,Cache hit for key,181,200,False
2026-04-27 03:54:17.978257,WARNING,inventory-service,Order status updated,167,200,False
2026-04-27 04:03:18.978257,ERROR,api-gateway,Unhandled exception in request pipeline,5896,500,True
2026-04-27 04:11:27.978257,INFO,notification-service,Request processed successfully,485,201,False
2026-04-27 04:11:56.978257,INFO,notification-service,Session created for user,203,201,False
2026-04-27 04:12:31.978257,WARNING,auth-service,Request processed successfully,498,201,False
2026-04-27 04:24:13.978257,WARNING,notification-service,Cache hit for key,331,200,False
2026-04-27 04:28:08.978257,WARNING,payment-service,Session created for user,293,200,False
2026-04-27 04:32:09.978257,INFO,api-gateway,Session created for user,414,201,False
2026-04-27 04:38:58.978257,WARNING,payment-service,Database query executed in 365ms,365,200,False
2026-04-27 04:43:33.978257,INFO,payment-service,Database query executed in 260ms,260,201,False
2026-04-27 04:49:33.978257,INFO,payment-service,Session created for user,53,200,False
2026-04-27 04:51:41.978257,WARNING,notification-service,Order status updated,301,200,False
2026-04-27 04:55:02.978257,INFO,inventory-service,Health check passed,141,201,False
2026-04-27 04:55:22.978257,INFO,inventory-service,User authenticated,412,201,False
2026-04-27 05:01:26.978257,INFO,api-gateway,Request processed successfully,399,200,False
2026-04-27 05:03:07.978257,INFO,api-gateway,Cache hit for key,441,201,False
2026-04-27 05:06:46.978257,WARNING,payment-service,Database query executed in 281ms,281,201,False
2026-04-27 05:06:55.978257,ERROR,notification-service,Unhandled exception in request pipeline,2205,500,True
2026-04-27 05:10:15.978257,INFO,api-gateway,Health check passed,368,200,False
2026-04-27 05:20:53.978257,INFO,notification-service,User authenticated,210,201,False
2026-04-27 05:27:13.978257,INFO,payment-service,User authenticated,146,201,False
2026-04-27 05:29:03.978257,CRITICAL,api-gateway,Connection timeout after 5362ms,5362,502,True
2026-04-27 05:29:45.978257,INFO,api-gateway,User authenticated,375,201,False
2026-04-27 05:32:51.978257,INFO,api-gateway,User authenticated,356,201,False
2026-04-27 05:35:09.978257,WARNING,payment-service,Health check passed,228,201,False
2026-04-27 05:38:14.978257,INFO,api-gateway,Database query executed in 256ms,256,200,False
2026-04-27 05:38:35.978257,WARNING,auth-service,Session created for user,323,200,False
2026-04-27 05:40:57.978257,INFO,auth-service,Order status updated,244,201,False
2026-04-27 05:43:14.978257,WARNING,api-gateway,Health check passed,220,201,False
2026-04-27 05:48:52.978257,INFO,payment-service,Session created for user,324,200,False
2026-04-27 05:59:26.978257,WARNING,auth-service,Request processed successfully,102,201,False
2026-04-27 06:02:30.978257,WARNING,inventory-service,User authenticated,210,200,False
2026-04-27 06:03:42.978257,INFO,api-gateway,User authenticated,417,200,False
2026-04-27 06:04:14.978257,WARNING,notification-service,User authenticated,97,200,False
2026-04-27 06:05:31.978257,WARNING,notification-service,User authenticated,312,200,False
2026-04-27 06:07:55.978257,WARNING,notification-service,Session created for user,472,201,False
2026-04-27 06:09:37.978257,INFO,auth-service,Order status updated,291,200,False
2026-04-27 06:18:57.978257,WARNING,auth-service,Order status updated,153,201,False
2026-04-27 06:32:32.978257,WARNING,auth-service,Database query executed in 412ms,412,200,False
2026-04-27 06:35:31.978257,WARNING,notification-service,Database query executed in 485ms,485,200,False
2026-04-27 06:35:43.978257,WARNING,payment-service,Cache hit for key,474,200,False
2026-04-27 06:36:06.978257,INFO,auth-service,User authenticated,267,200,False
2026-04-27 06:44:06.978257,CRITICAL,auth-service,Memory usage exceeded threshold,2683,503,True
2026-04-27 06:49:23.978257,WARNING,notification-service,User authenticated,223,201,False
2026-04-27 07:01:01.978257,WARNING,api-gateway,Health check passed,215,201,False
2026-04-27 07:01:45.978257,INFO,auth-service,Order status updated,440,200,False
2026-04-27 07:02:03.978257,WARNING,auth-service,Order status updated,334,200,False
2026-04-27 07:03:30.978257,INFO,inventory-service,Database query executed in 110ms,110,200,False
2026-04-27 07:07:00.978257,WARNING,auth-service,Cache hit for key,357,201,False
2026-04-27 07:16:15.978257,ERROR,notification-service,Unhandled exception in request pipeline,8005,500,True
2026-04-27 07:24:33.978257,WARNING,auth-service,Cache hit for key,76,201,False
2026-04-27 07:27:59.978257,WARNING,payment-service,Database query executed in 224ms,224,201,False
2026-04-27 07:37:20.978257,CRITICAL,notification-service,Unhandled exception in request pipeline,7718,502,True
2026-04-27 07:48:04.978257,WARNING,inventory-service,Database query executed in 187ms,187,201,False
2026-04-27 07:58:16.978257,CRITICAL,payment-service,Service unreachable after 3 retries,2256,502,True
2026-04-27 08:00:44.978257,INFO,payment-service,Database query executed in 210ms,210,201,False
2026-04-27 08:02:07.978257,WARNING,notification-service,User authenticated,477,201,False
2026-04-27 08:05:31.978257,WARNING,inventory-service,Order status updated,290,201,False
2026-04-27 08:07:55.978257,INFO,api-gateway,Session created for user,108,201,False
2026-04-27 08:18:29.978257,WARNING,payment-service,Health check passed,347,200,False
2026-04-27 08:23:35.978257,WARNING,payment-service,Session created for user,255,200,False
2026-04-27 08:28:36.978257,INFO,inventory-service,User authenticated,475,200,False
2026-04-27 08:40:59.978257,INFO,notification-service,Database query executed in 52ms,52,200,False
2026-04-27 08:45:18.978257,INFO,payment-service,Cache hit for key,225,201,False
2026-04-27 08:45:20.978257,INFO,payment-service,Session created for user,248,201,False
2026-04-27 08:52:04.978257,WARNING,notification-service,Cache hit for key,147,201,False
2026-04-27 08:53:30.978257,INFO,api-gateway,Order status updated,302,201,False
2026-04-27 08:53:46.978257,INFO,api-gateway,Session created for user,210,201,False
2026-04-27 08:55:03.978257,WARNING,auth-service,Order status updated,418,200,False
2026-04-27 08:57:27.978257,INFO,inventory-service,Order status updated,78,201,False
2026-04-27 09:09:40.978257,WARNING,payment-service,Health check passed,152,200,False
2026-04-27 09:25:26.978257,INFO,auth-service,Cache hit for key,288,201,False
2026-04-27 09:26:44.978257,WARNING,auth-service,Cache hit for key,107,201,False
2026-04-27 09:27:14.978257,WARNING,inventory-service,Request processed successfully,157,201,False
2026-04-27 09:34:24.978257,INFO,payment-service,Session created for user,194,200,False
2026-04-27 09:36:47.978257,INFO,auth-service,Cache hit for key,177,201,False
2026-04-27 09:45:10.978257,INFO,auth-service,User authenticated,160,201,False
2026-04-27 09:45:24.978257,INFO,auth-service,Database query executed in 76ms,76,201,False
2026-04-27 09:47:40.978257,INFO,payment-service,Cache hit for key,456,201,False
2026-04-27 09:51:58.978257,INFO,api-gateway,Request processed successfully,310,201,False
2026-04-27 10:01:34.978257,INFO,payment-service,User authenticated,385,201,False
2026-04-27 10:07:49.978257,CRITICAL,api-gateway,Database connection pool exhausted,5606,502,True
2026-04-27 10:16:04.978257,INFO,payment-service,Database query executed in 223ms,223,201,False
2026-04-27 10:17:35.978257,INFO,payment-service,Health check passed,89,201,False
2026-04-27 10:30:36.978257,INFO,api-gateway,Cache hit for key,247,201,False
2026-04-27 10:34:09.978257,INFO,payment-service,Cache hit for key,327,201,False
2026-04-27 10:38:31.978257,INFO,api-gateway,Session created for user,270,200,False
2026-04-27 10:40:40.978257,INFO,notification-service,Session created for user,253,200,False
2026-04-27 10:46:44.978257,INFO,payment-service,Order status updated,419,200,False
2026-04-27 10:48:31.978257,WARNING,auth-service,Cache hit for key,219,200,False
2026-04-27 10:50:01.978257,INFO,api-gateway,Health check passed,125,201,False
2026-04-27 10:52:16.978257,WARNING,auth-service,Cache hit for key,241,201,False
2026-04-27 10:54:21.978257,WARNING,inventory-service,Cache hit for key,437,201,False
2026-04-27 10:58:24.978257,WARNING,inventory-service,Health check passed,271,200,False
2026-04-27 11:04:13.978257,INFO,notification-service,Session created for user,205,201,False
2026-04-27 11:18:27.978257,INFO,payment-service,User authenticated,122,201,False
2026-04-27 11:21:14.978257,INFO,payment-service,Health check passed,201,201,False
2026-04-27 11:23:09.978257,WARNING,auth-service,Cache hit for key,365,201,False
2026-04-27 11:25:22.978257,WARNING,payment-service,Order status updated,234,200,False
2026-04-27 11:28:37.978257,INFO,api-gateway,User authenticated,293,200,False
2026-04-27 11:28:49.978257,WARNING,inventory-service,Database query executed in 226ms,226,201,False
2026-04-27 11:32:55.978257,INFO,auth-service,Request processed successfully,197,201,False
2026-04-27 11:33:27.978257,INFO,inventory-service,Health check passed,100,201,False
2026-04-27 11:35:05.978257,INFO,payment-service,Cache hit for key,327,200,False
2026-04-27 11:49:11.978257,WARNING,inventory-service,Order status updated,161,200,False
2026-04-27 11:53:11.978257,WARNING,notification-service,Order status updated,354,200,False
2026-04-27 11:53:45.978257,WARNING,inventory-service,Session created for user,210,200,False
2026-04-27 12:01:12.978257,WARNING,payment-service,Request processed successfully,479,200,False
2026-04-27 12:03:09.978257,INFO,payment-service,Order status updated,446,200,False
2026-04-27 12:06:37.978257,WARNING,inventory-service,Session created for user,190,200,False
2026-04-27 12:14:18.978257,INFO,payment-service,Session created for user,257,200,False
2026-04-27 12:19:58.978257,INFO,payment-service,User authenticated,474,201,False
2026-04-27 12:29:48.978257,WARNING,auth-service,Session created for user,292,200,False
2026-04-27 12:32:10.978257,ERROR,notification-service,Connection timeout after 3142ms,3142,500,True
2026-04-27 12:32:57.978257,INFO,notification-service,Order status updated,418,200,False
2026-04-27 12:35:49.978257,INFO,api-gateway,Order status updated,194,201,False
2026-04-27 12:37:36.978257,WARNING,api-gateway,Request processed successfully,252,200,False
2026-04-27 12:48:57.978257,CRITICAL,payment-service,Unhandled exception in request pipeline,2660,503,True
2026-04-27 12:50:18.978257,INFO,api-gateway,Database query executed in 455ms,455,201,False
2026-04-27 12:52:58.978257,WARNING,inventory-service,Order status updated,220,201,False
2026-04-27 13:01:33.978257,INFO,api-gateway,Request processed successfully,56,200,False
2026-04-27 13:03:11.978257,INFO,notification-service,Session created for user,309,200,False
2026-04-27 13:07:27.978257,INFO,api-gateway,Health check passed,358,200,False
2026-04-27 13:08:00.978257,WARNING,inventory-service,User authenticated,491,200,False
2026-04-27 13:11:35.978257,ERROR,api-gateway,Connection timeout after 6559ms,6559,500,True
2026-04-27 13:24:13.978257,WARNING,payment-service,Health check passed,336,200,False
2026-04-27 13:24:39.978257,CRITICAL,api-gateway,Database connection pool exhausted,2660,500,True
2026-04-27 13:26:17.978257,INFO,auth-service,Request processed successfully,156,201,False
2026-04-27 13:30:13.978257,INFO,auth-service,Health check passed,53,200,False
2026-04-27 13:35:22.978257,INFO,payment-service,Health check passed,297,201,False
2026-04-27 13:44:33.978257,WARNING,api-gateway,Cache hit for key,142,200,False
2026-04-27 13:49:35.978257,WARNING,api-gateway,Session created for user,405,201,False
2026-04-27 14:00:34.978257,WARNING,auth-service,Cache hit for key,294,201,False
2026-04-27 14:00:37.978257,WARNING,payment-service,Database query executed in 327ms,327,200,False
2026-04-27 14:01:34.978257,WARNING,payment-service,Database query executed in 489ms,489,200,False
2026-04-27 14:14:51.978257,INFO,inventory-service,Order status updated,303,201,False
2026-04-27 14:18:43.978257,INFO,auth-service,User authenticated,114,201,False
2026-04-27 14:24:13.978257,WARNING,notification-service,User authenticated,423,200,False
2026-04-27 14:34:26.978257,INFO,inventory-service,Cache hit for key,375,200,False
2026-04-27 14:42:40.978257,WARNING,auth-service,Health check passed,124,201,False
2026-04-27 14:49:02.978257,ERROR,inventory-service,Memory usage exceeded threshold,5929,503,True
2026-04-27 14:53:32.978257,WARNING,payment-service,Cache hit for key,207,201,False
2026-04-27 14:53:42.978257,INFO,notification-service,Health check passed,409,200,False
2026-04-27 14:55:58.978257,WARNING,inventory-service,Health check passed,175,201,False
2026-04-27 14:57:51.978257,WARNING,inventory-service,User authenticated,318,200,False
2026-04-27 15:03:07.978257,WARNING,notification-service,Health check passed,66,200,False
2026-04-27 15:05:50.978257,CRITICAL,notification-service,Memory usage exceeded threshold,3213,503,True
2026-04-27 15:06:59.978257,INFO,inventory-service,Database query executed in 275ms,275,200,False
2026-04-27 15:09:21.978257,INFO,notification-service,User authenticated,316,200,False
2026-04-27 15:17:48.978257,WARNING,auth-service,Health check passed,410,200,False
2026-04-27 15:19:14.978257,INFO,payment-service,Session created for user,103,201,False
2026-04-27 15:23:50.978257,INFO,auth-service,Request processed successfully,130,200,False
2026-04-27 15:24:45.978257,WARNING,inventory-service,User authenticated,351,201,False
2026-04-27 15:28:18.978257,INFO,payment-service,Cache hit for key,279,200,False
2026-04-27 15:30:04.978257,WARNING,auth-service,Database query executed in 86ms,86,200,False
2026-04-27 15:30:34.978257,CRITICAL,api-gateway,Database connection pool exhausted,4573,502,True
2026-04-27 15:30:57.978257,INFO,inventory-service,Order status updated,220,201,False
2026-04-27 15:40:24.978257,WARNING,notification-service,Health check passed,470,201,False
2026-04-27 15:42:23.978257,INFO,api-gateway,Request processed successfully,452,200,False
2026-04-27 15:42:37.978257,CRITICAL,auth-service,Memory usage exceeded threshold,8698,502,True
2026-04-27 15:51:43.978257,WARNING,notification-service,Order status updated,197,201,False
2026-04-27 16:00:43.978257,ERROR,auth-service,Unhandled exception in request pipeline,3429,502,True
2026-04-27 16:03:52.978257,INFO,notification-service,Database query executed in 230ms,230,200,False
2026-04-27 16:04:22.978257,WARNING,notification-service,Request processed successfully,480,200,False
2026-04-27 16:10:42.978257,WARNING,auth-service,Cache hit for key,441,201,False
2026-04-27 16:24:53.978257,WARNING,notification-service,User authenticated,281,200,False
2026-04-27 16:27:53.978257,INFO,inventory-service,Request processed successfully,276,201,False
2026-04-27 16:29:40.978257,WARNING,inventory-service,Request processed successfully,145,200,False
2026-04-27 16:33:45.978257,INFO,payment-service,Health check passed,499,201,False
2026-04-27 16:33:46.978257,INFO,payment-service,Database query executed in 406ms,406,200,False
2026-04-27 16:45:58.978257,ERROR,auth-service,Connection timeout after 6325ms,6325,502,True
2026-04-27 16:48:33.978257,ERROR,notification-service,Database connection pool exhausted,6865,500,True
2026-04-27 16:58:43.978257,CRITICAL,payment-service,Unhandled exception in request pipeline,2235,500,True
2026-04-27 17:02:10.978257,INFO,api-gateway,Database query executed in 123ms,123,201,False
2026-04-27 17:12:14.978257,INFO,payment-service,Request processed successfully,117,200,False
2026-04-27 17:13:42.978257,INFO,payment-service,Session created for user,421,201,False
2026-04-27 17:16:35.978257,WARNING,auth-service,Health check passed,88,200,False
2026-04-27 17:24:08.978257,CRITICAL,auth-service,Service unreachable after 3 retries,8114,503,True
2026-04-27 17:28:49.978257,WARNING,inventory-service,Session created for user,230,201,False
2026-04-27 17:33:41.978257,WARNING,auth-service,Order status updated,204,201,False
2026-04-27 17:35:40.978257,WARNING,inventory-service,Database query executed in 71ms,71,200,False
2026-04-27 17:44:30.978257,WARNING,payment-service,Order status updated,303,201,False
2026-04-27 17:45:53.978257,INFO,notification-service,Cache hit for key,280,201,False
2026-04-27 17:57:01.978257,ERROR,payment-service,Database connection pool exhausted,7784,503,True
2026-04-27 18:05:02.978257,WARNING,api-gateway,Session created for user,359,201,False
2026-04-27 18:07:35.978257,INFO,notification-service,Request processed successfully,89,200,False
2026-04-27 18:21:41.978257,WARNING,api-gateway,Database query executed in 443ms,443,201,False
2026-04-27 18:33:30.978257,WARNING,notification-service,Session created for user,83,200,False
2026-04-27 18:45:49.978257,INFO,api-gateway,User authenticated,360,201,False
2026-04-27 18:47:09.978257,WARNING,payment-service,Session created for user,472,201,False
2026-04-27 18:52:28.978257,INFO,auth-service,Health check passed,206,201,False
2026-04-27 18:55:47.978257,INFO,notification-service,User authenticated,143,201,False
2026-04-27 19:03:58.978257,INFO,notification-service,Session created for user,476,201,False
2026-04-27 19:12:12.978257,INFO,payment-service,User authenticated,69,200,False
2026-04-27 19:12:38.978257,INFO,api-gateway,Cache hit for key,143,200,False
2026-04-27 19:28:54.978257,INFO,auth-service,Database query executed in 185ms,185,201,False
2026-04-27 19:40:00.978257,WARNING,auth-service,Database query executed in 143ms,143,200,False
2026-04-27 19:48:33.978257,CRITICAL,inventory-service,Memory usage exceeded threshold,5917,500,True
2026-04-27 19:54:49.978257,INFO,inventory-service,Database query executed in 155ms,155,200,False
2026-04-27 19:55:20.978257,ERROR,api-gateway,Unhandled exception in request pipeline,8089,503,True
2026-04-27 19:56:37.978257,INFO,api-gateway,Session created for user,189,201,False
2026-04-27 19:56:47.978257,INFO,inventory-service,User authenticated,212,201,False
2026-04-27 19:57:23.978257,WARNING,inventory-service,Database query executed in 193ms,193,201,False
2026-04-27 19:59:26.978257,WARNING,inventory-service,Cache hit for key,95,200,False
2026-04-27 20:03:16.978257,INFO,auth-service,Order status updated,159,201,False
2026-04-27 20:12:06.978257,WARNING,api-gateway,Session created for user,312,201,False
2026-04-27 20:28:49.978257,INFO,inventory-service,Database query executed in 355ms,355,200,False
2026-04-27 20:29:20.978257,INFO,payment-service,Request processed successfully,85,200,False
2026-04-27 20:30:37.978257,INFO,inventory-service,Cache hit for key,201,201,False
2026-04-27 20:31:30.978257,WARNING,notification-service,Cache hit for key,405,201,False
2026-04-27 20:33:38.978257,WARNING,api-gateway,Order status updated,391,200,False
2026-04-27 20:41:10.978257,WARNING,api-gateway,Session created for user,307,201,False
2026-04-27 20:43:23.978257,WARNING,auth-service,User authenticated,166,201,False
2026-04-27 20:45:49.978257,CRITICAL,inventory-service,Connection timeout after 7857ms,7857,500,True
2026-04-27 20:51:36.978257,INFO,inventory-service,Database query executed in 113ms,113,200,False
2026-04-27 20:51:40.978257,CRITICAL,inventory-service,Database connection pool exhausted,7937,502,True
2026-04-27 20:53:49.978257,INFO,notification-service,Order status updated,291,200,False
2026-04-27 21:00:02.978257,WARNING,payment-service,User authenticated,64,201,False
2026-04-27 21:13:51.978257,INFO,api-gateway,User authenticated,240,200,False
2026-04-27 21:16:39.978257,WARNING,payment-service,Request processed successfully,279,201,False
2026-04-27 21:20:48.978257,WARNING,payment-service,Request processed successfully,184,200,False
2026-04-27 21:21:05.978257,INFO,notification-service,Database query executed in 117ms,117,200,False
2026-04-27 21:22:31.978257,INFO,auth-service,Cache hit for key,380,201,False
2026-04-27 21:22:37.978257,ERROR,auth-service,Connection timeout after 5475ms,5475,502,True
2026-04-27 21:22:44.978257,INFO,payment-service,Health check passed,264,200,False
2026-04-27 21:27:26.978257,WARNING,notification-service,Database query executed in 113ms,113,201,False
2026-04-27 21:30:59.978257,INFO,payment-service,Cache hit for key,279,201,False
2026-04-27 21:44:00.978257,INFO,payment-service,User authenticated,448,201,False
2026-04-27 21:46:14.978257,WARNING,payment-service,Order status updated,482,201,False
2026-04-27 21:47:23.978257,WARNING,auth-service,Database query executed in 412ms,412,200,False
2026-04-27 21:49:19.978257,WARNING,inventory-service,User authenticated,155,200,False
2026-04-27 21:55:53.978257,WARNING,payment-service,Database query executed in 150ms,150,201,False
2026-04-27 21:56:11.978257,WARNING,inventory-service,Session created for user,267,200,False
2026-04-27 21:59:20.978257,INFO,auth-service,Database query executed in 346ms,346,201,False
2026-04-27 22:09:28.978257,ERROR,auth-service,Memory usage exceeded threshold,3068,500,True
2026-04-27 22:11:18.978257,WARNING,api-gateway,User authenticated,118,201,False
2026-04-27 22:17:31.978257,INFO,payment-service,Session created for user,299,201,False
2026-04-27 22:17:40.978257,INFO,inventory-service,User authenticated,102,201,False
2026-04-27 22:24:34.978257,INFO,api-gateway,Order status updated,402,200,False
2026-04-27 22:33:37.978257,WARNING,auth-service,Session created for user,494,201,False
2026-04-27 22:35:24.978257,ERROR,api-gateway,Memory usage exceeded threshold,7095,502,True
2026-04-27 22:37:54.978257,WARNING,notification-service,User authenticated,141,201,False
2026-04-27 22:40:26.978257,WARNING,payment-service,Cache hit for key,467,200,False
2026-04-27 22:51:20.978257,WARNING,notification-service,User authenticated,447,200,False
2026-04-27 22:51:24.978257,WARNING,inventory-service,Order status updated,185,200,False
2026-04-27 22:57:18.978257,INFO,payment-service,Cache hit for key,197,201,False
2026-04-27 23:02:45.978257,INFO,inventory-service,Cache hit for key,420,200,False
2026-04-27 23:04:04.978257,INFO,payment-service,Request processed successfully,93,200,False
2026-04-27 23:06:10.978257,INFO,api-gateway,Health check passed,168,201,False
2026-04-27 23:14:27.978257,WARNING,notification-service,Session created for user,268,200,False
2026-04-27 23:16:24.978257,INFO,auth-service,Order status updated,388,200,False
2026-04-27 23:16:38.978257,WARNING,api-gateway,Order status updated,179,201,False
2026-04-27 23:18:21.978257,WARNING,api-gateway,Cache hit for key,432,201,False
2026-04-27 23:18:28.978257,WARNING,inventory-service,Order status updated,215,201,False
2026-04-27 23:21:01.978257,ERROR,payment-service,Connection timeout after 3048ms,3048,500,True
2026-04-27 23:21:05.978257,INFO,inventory-service,Cache hit for key,299,201,False
2026-04-27 23:21:22.978257,INFO,auth-service,User authenticated,314,200,False
2026-04-27 23:23:02.978257,INFO,api-gateway,Database query executed in 356ms,356,200,False
2026-04-27 23:29:39.978257,INFO,api-gateway,Session created for user,413,200,False
2026-04-27 23:38:38.978257,WARNING,payment-service,User authenticated,211,201,False
2026-04-27 23:39:39.978257,INFO,inventory-service,Session created for user,415,200,False
2026-04-27 23:45:19.978257,WARNING,inventory-service,Health check passed,344,201,False
2026-04-27 23:53:32.978257,INFO,inventory-service,User authenticated,293,201,False
2026-04-27 23:55:14.978257,WARNING,payment-service,Session created for user,365,201,False
2026-04-27 23:55:53.978257,INFO,payment-service,Request processed successfully,252,200,False
2026-04-27 23:57:05.978257,WARNING,inventory-service,Database query executed in 320ms,320,200,False
2026-04-28 00:08:27.978257,WARNING,api-gateway,Request processed successfully,173,201,False
2026-04-28 00:08:53.978257,WARNING,payment-service,Health check passed,453,201,False
2026-04-28 00:11:30.978257,INFO,payment-service,Health check passed,166,201,False
2026-04-28 00:12:14.978257,INFO,inventory-service,Request processed successfully,392,200,False
2026-04-28 00:12:32.978257,CRITICAL,notification-service,Database connection pool exhausted,4398,500,True
2026-04-28 00:15:40.978257,WARNING,inventory-service,Session created for user,135,201,False
2026-04-28 00:34:38.978257,INFO,inventory-service,Order status updated,460,201,False
2026-04-28 00:36:34.978257,INFO,api-gateway,Session created for user,444,201,False
2026-04-28 00:37:46.978257,INFO,api-gateway,Health check passed,113,201,False
2026-04-28 00:42:33.978257,WARNING,api-gateway,User authenticated,495,201,False
2026-04-28 00:46:23.978257,INFO,api-gateway,Order status updated,155,201,False
2026-04-28 00:50:22.978257,INFO,payment-service,Health check passed,195,201,False
2026-04-28 00:54:00.978257,WARNING,notification-service,Session created for user,223,201,False
2026-04-28 00:57:54.978257,WARNING,auth-service,Request processed successfully,414,201,False
2026-04-28 01:12:23.978257,WARNING,payment-service,Request processed successfully,450,201,False
2026-04-28 01:16:30.978257,WARNING,notification-service,Session created for user,58,201,False
2026-04-28 01:19:35.978257,INFO,inventory-service,Cache hit for key,465,200,False
2026-04-28 01:24:00.978257,INFO,auth-service,Cache hit for key,487,200,False
2026-04-28 01:24:34.978257,WARNING,notification-service,User authenticated,404,200,False
2026-04-28 01:33:01.978257,INFO,auth-service,User authenticated,242,201,False
2026-04-28 01:34:06.978257,WARNING,auth-service,User authenticated,439,200,False
2026-04-28 01:34:14.978257,ERROR,api-gateway,Memory usage exceeded threshold,6629,502,True
2026-04-28 01:50:04.978257,WARNING,payment-service,Database query executed in 459ms,459,200,False
2026-04-28 01:50:26.978257,WARNING,inventory-service,Health check passed,462,200,False
2026-04-28 01:54:15.978257,WARNING,api-gateway,Request processed successfully,123,200,False
2026-04-28 01:57:37.978257,ERROR,api-gateway,Service unreachable after 3 retries,3081,502,True
2026-04-28 02:04:22.978257,INFO,api-gateway,Database query executed in 236ms,236,200,False
2026-04-28 02:06:39.978257,WARNING,auth-service,Database query executed in 50ms,50,200,False
2026-04-28 02:07:24.978257,INFO,payment-service,Cache hit for key,335,200,False
2026-04-28 02:14:20.978257,INFO,api-gateway,Cache hit for key,467,200,False
2026-04-28 02:21:16.978257,INFO,auth-service,Cache hit for key,358,200,False
2026-04-28 02:22:34.978257,INFO,payment-service,Session created for user,364,201,False
2026-04-28 02:23:21.978257,WARNING,api-gateway,Cache hit for key,69,201,False
2026-04-28 02:25:11.978257,WARNING,api-gateway,Database query executed in 101ms,101,200,False
2026-04-28 02:26:06.978257,WARNING,inventory-service,Cache hit for key,403,201,False
2026-04-28 02:28:54.978257,INFO,auth-service,Request processed successfully,454,201,False
2026-04-28 02:38:34.978257,INFO,payment-service,User authenticated,246,200,False
2026-04-28 03:00:40.978257,INFO,auth-service,Request processed successfully,362,201,False
2026-04-28 03:12:54.978257,INFO,notification-service,Health check passed,270,200,False
2026-04-28 03:16:48.978257,INFO,payment-service,Order status updated,62,201,False
2026-04-28 03:23:49.978257,WARNING,auth-service,Session created for user,85,201,False
2026-04-28 03:29:27.978257,WARNING,api-gateway,Session created for user,219,201,False
2026-04-28 03:34:49.978257,INFO,inventory-service,Order status updated,122,200,False
2026-04-28 03:34:57.978257,INFO,inventory-service,Database query executed in 437ms,437,200,False
2026-04-28 03:39:04.978257,WARNING,notification-service,Health check passed,83,201,False
2026-04-28 03:45:16.978257,INFO,payment-service,Database query executed in 180ms,180,200,False
2026-04-28 03:48:55.978257,ERROR,api-gateway,Memory usage exceeded threshold,5390,502,True
2026-04-28 03:54:51.978257,INFO,inventory-service,Health check passed,114,201,False
2026-04-28 04:07:17.978257,INFO,notification-service,Request processed successfully,461,201,False
2026-04-28 04:08:36.978257,WARNING,inventory-service,Order status updated,440,201,False
2026-04-28 04:10:06.978257,WARNING,auth-service,Session created for user,469,200,False
2026-04-28 04:21:34.978257,INFO,payment-service,Request processed successfully,123,200,False
2026-04-28 04:52:47.978257,INFO,notification-service,Request processed successfully,166,200,False
2026-04-28 04:53:15.978257,WARNING,payment-service,Session created for user,292,200,False
2026-04-28 04:56:25.978257,WARNING,payment-service,Cache hit for key,217,201,False
2026-04-28 04:58:04.978257,WARNING,notification-service,Cache hit for key,151,201,False
2026-04-28 04:59:33.978257,CRITICAL,payment-service,Database connection pool exhausted,7801,503,True
2026-04-28 05:02:58.978257,INFO,payment-service,Session created for user,258,200,False
2026-04-28 05:03:00.978257,WARNING,inventory-service,Cache hit for key,217,200,False
2026-04-28 05:04:58.978257,WARNING,api-gateway,Health check passed,142,200,False
2026-04-28 05:13:26.978257,WARNING,inventory-service,Request processed successfully,294,201,False
2026-04-28 05:20:02.978257,WARNING,notification-service,Order status updated,489,200,False
2026-04-28 05:27:19.978257,WARNING,api-gateway,Request processed successfully,109,201,False
2026-04-28 05:29:02.978257,WARNING,notification-service,Health check passed,122,201,False
2026-04-28 05:30:05.978257,INFO,inventory-service,Session created for user,350,201,False
2026-04-28 05:36:49.978257,INFO,api-gateway,Database query executed in 91ms,91,200,False
2026-04-28 05:45:55.978257,WARNING,notification-service,Cache hit for key,349,200,False
2026-04-28 05:50:29.978257,CRITICAL,payment-service,Database connection pool exhausted,7201,502,True
2026-04-28 05:54:33.978257,INFO,notification-service,Request processed successfully,428,200,False
2026-04-28 06:00:53.978257,ERROR,api-gateway,Memory usage exceeded threshold,2034,500,True
2026-04-28 06:09:14.978257,WARNING,api-gateway,User authenticated,167,200,False
2026-04-28 06:10:11.978257,WARNING,payment-service,Health check passed,144,200,False
2026-04-28 06:10:23.978257,ERROR,notification-service,Memory usage exceeded threshold,3872,500,True
2026-04-28 06:10:29.978257,WARNING,inventory-service,Request processed successfully,410,201,False
2026-04-28 06:13:02.978257,WARNING,payment-service,Database query executed in 249ms,249,201,False
2026-04-28 06:27:27.978257,WARNING,api-gateway,Cache hit for key,267,201,False
2026-04-28 06:27:38.978257,INFO,payment-service,Order status updated,77,200,False
2026-04-28 06:29:23.978257,WARNING,payment-service,Health check passed,391,200,False
2026-04-28 06:29:49.978257,ERROR,inventory-service,Database connection pool exhausted,4992,500,True
2026-04-28 06:32:23.978257,INFO,api-gateway,Database query executed in 400ms,400,200,False
2026-04-28 06:39:02.978257,INFO,auth-service,User authenticated,148,200,False
2026-04-28 06:45:00.978257,WARNING,auth-service,User authenticated,479,201,False
2026-04-28 06:51:43.978257,INFO,api-gateway,User authenticated,309,201,False
2026-04-28 06:55:02.978257,WARNING,payment-service,Order status updated,245,200,False
2026-04-28 06:58:07.978257,WARNING,api-gateway,Cache hit for key,406,200,False
2026-04-28 07:01:00.978257,INFO,notification-service,Cache hit for key,410,200,False
2026-04-28 07:02:12.978257,WARNING,auth-service,Health check passed,65,201,False
2026-04-28 07:02:27.978257,WARNING,api-gateway,Database query executed in 188ms,188,200,False
2026-04-28 07:02:58.978257,WARNING,auth-service,Health check passed,167,200,False
2026-04-28 07:10:15.978257,WARNING,auth-service,Health check passed,336,201,False
2026-04-28 07:19:59.978257,WARNING,auth-service,Cache hit for key,247,200,False
2026-04-28 07:22:18.978257,CRITICAL,inventory-service,Connection timeout after 7398ms,7398,500,True
2026-04-28 07:28:17.978257,INFO,payment-service,Health check passed,131,200,False
2026-04-28 07:30:28.978257,INFO,auth-service,Cache hit for key,249,201,False
2026-04-28 07:36:00.978257,INFO,auth-service,User authenticated,172,200,False
2026-04-28 07:42:44.978257,INFO,api-gateway,Session created for user,498,201,False
2026-04-28 07:43:46.978257,INFO,inventory-service,Health check passed,356,201,False
2026-04-28 07:48:55.978257,INFO,notification-service,Session created for user,327,200,False
2026-04-28 07:54:50.978257,INFO,notification-service,Order status updated,285,201,False
2026-04-28 07:58:57.978257,ERROR,notification-service,Connection timeout after 8122ms,8122,502,True
2026-04-28 08:05:33.978257,WARNING,auth-service,User authenticated,217,200,False
2026-04-28 08:06:53.978257,INFO,notification-service,Cache hit for key,129,200,False
2026-04-28 08:14:58.978257,ERROR,payment-service,Connection timeout after 4960ms,4960,503,True
2026-04-28 08:27:26.978257,WARNING,api-gateway,Session created for user,225,200,False
2026-04-28 08:35:04.978257,INFO,notification-service,Health check passed,443,201,False
2026-04-28 08:37:30.978257,WARNING,auth-service,Request processed successfully,64,200,False
2026-04-28 08:37:45.978257,WARNING,api-gateway,Database query executed in 137ms,137,201,False
2026-04-28 08:42:19.978257,ERROR,inventory-service,Memory usage exceeded threshold,6317,500,True
2026-04-28 08:54:32.978257,WARNING,notification-service,Request processed successfully,394,200,False
2026-04-28 08:57:05.978257,WARNING,api-gateway,Order status updated,367,201,False
2026-04-28 08:59:07.978257,WARNING,inventory-service,Order status updated,378,200,False
2026-04-28 09:01:48.978257,INFO,notification-service,Order status updated,312,200,False
2026-04-28 09:02:18.978257,INFO,notification-service,Cache hit for key,182,200,False
2026-04-28 09:02:19.978257,INFO,notification-service,Database query executed in 178ms,178,200,False
2026-04-28 09:03:55.978257,WARNING,auth-service,Order status updated,446,200,False
2026-04-28 09:06:14.978257,INFO,api-gateway,Request processed successfully,53,200,False
2026-04-28 09:07:17.978257,INFO,auth-service,User authenticated,132,201,False
2026-04-28 09:12:39.978257,INFO,inventory-service,Order status updated,357,201,False
2026-04-28 09:12:48.978257,CRITICAL,api-gateway,Unhandled exception in request pipeline,3759,500,True
2026-04-28 09:13:11.978257,INFO,inventory-service,Order status updated,92,201,False
2026-04-28 09:16:53.978257,WARNING,api-gateway,Health check passed,59,201,False
2026-04-28 09:19:45.978257,WARNING,api-gateway,Request processed successfully,288,201,False
2026-04-28 09:21:10.978257,WARNING,notification-service,Health check passed,137,200,False
2026-04-28 09:21:19.978257,CRITICAL,auth-service,Service unreachable after 3 retries,8708,502,True
2026-04-28 09:30:50.978257,INFO,notification-service,Cache hit for key,108,201,False
2026-04-28 09:33:23.978257,WARNING,inventory-service,Order status updated,210,200,False
2026-04-28 09:33:48.978257,ERROR,notification-service,Database connection pool exhausted,7088,503,True
2026-04-28 09:38:44.978257,INFO,auth-service,Request processed successfully,175,201,False
2026-04-28 09:40:01.978257,WARNING,payment-service,User authenticated,424,201,False
2026-04-28 09:53:54.978257,INFO,notification-service,User authenticated,428,200,False
2026-04-28 09:54:54.978257,INFO,auth-service,Session created for user,73,200,False
2026-04-28 09:55:11.978257,WARNING,payment-service,Request processed successfully,251,201,False
2026-04-28 09:56:55.978257,INFO,notification-service,Request processed successfully,214,201,False
2026-04-28 10:04:00.978257,WARNING,notification-service,Order status updated,470,200,False
2026-04-28 10:05:35.978257,WARNING,auth-service,Health check passed,243,201,False
2026-04-28 10:06:13.978257,WARNING,api-gateway,Cache hit for key,249,200,False
2026-04-28 10:07:14.978257,INFO,payment-service,Request processed successfully,130,200,False
2026-04-28 10:12:25.978257,CRITICAL,auth-service,Service unreachable after 3 retries,4096,503,True
2026-04-28 10:19:32.978257,WARNING,auth-service,Session created for user,362,201,False
2026-04-28 10:20:58.978257,INFO,payment-service,Session created for user,488,200,False
2026-04-28 10:21:57.978257,INFO,payment-service,Session created for user,122,201,False
2026-04-28 10:22:02.978257,INFO,api-gateway,Order status updated,473,201,False
2026-04-28 10:32:21.978257,WARNING,payment-service,Database query executed in 251ms,251,201,False
2026-04-28 10:42:25.978257,CRITICAL,payment-service,Connection timeout after 3938ms,3938,503,True
2026-04-28 10:44:25.978257,WARNING,inventory-service,User authenticated,82,201,False
2026-04-28 10:45:34.978257,WARNING,api-gateway,Cache hit for key,230,200,False
2026-04-28 10:46:16.978257,WARNING,api-gateway,User authenticated,171,201,False
2026-04-28 10:51:44.978257,WARNING,notification-service,Database query executed in 322ms,322,200,False
2026-04-28 11:00:19.978257,WARNING,auth-service,User authenticated,481,200,False
2026-04-28 11:08:53.978257,INFO,notification-service,Order status updated,471,201,False
2026-04-28 11:19:36.978257,WARNING,auth-service,User authenticated,475,201,False
2026-04-28 11:23:18.978257,WARNING,notification-service,Request processed successfully,365,200,False
2026-04-28 11:23:41.978257,WARNING,auth-service,Order status updated,349,201,False
2026-04-28 11:30:15.978257,INFO,notification-service,Cache hit for key,308,200,False
2026-04-28 11:41:50.978257,WARNING,notification-service,Health check passed,136,201,False
2026-04-28 11:46:27.978257,WARNING,payment-service,Database query executed in 435ms,435,200,False
2026-04-28 11:50:34.978257,INFO,payment-service,Database query executed in 427ms,427,200,False
2026-04-28 11:57:42.978257,WARNING,payment-service,Database query executed in 354ms,354,201,False
2026-04-28 11:59:02.978257,INFO,api-gateway,User authenticated,59,201,False
2026-04-28 12:04:00.978257,INFO,api-gateway,Request processed successfully,118,200,False
2026-04-28 12:04:56.978257,INFO,payment-service,Request processed successfully,338,200,False
2026-04-28 12:10:26.978257,INFO,api-gateway,User authenticated,334,200,False
2026-04-28 12:11:04.978257,INFO,payment-service,Health check passed,220,200,False
2026-04-28 12:15:31.978257,INFO,inventory-service,Request processed successfully,197,200,False
2026-04-28 12:19:50.978257,WARNING,inventory-service,Health check passed,137,201,False
2026-04-28 12:22:03.978257,INFO,payment-service,Database query executed in 477ms,477,200,False
2026-04-28 12:22:04.978257,INFO,payment-service,Request processed successfully,197,200,False
2026-04-28 12:25:00.978257,WARNING,payment-service,Cache hit for key,291,201,False
2026-04-28 12:25:15.978257,WARNING,inventory-service,Order status updated,200,200,False
2026-04-28 12:25:31.978257,WARNING,auth-service,Cache hit for key,108,201,False
2026-04-28 12:28:03.978257,INFO,api-gateway,User authenticated,337,201,False
2026-04-28 12:38:08.978257,INFO,auth-service,Request processed successfully,325,200,False
2026-04-28 12:43:06.978257,WARNING,payment-service,Health check passed,127,201,False
2026-04-28 12:43:33.978257,INFO,api-gateway,User authenticated,178,200,False
2026-04-28 12:45:58.978257,INFO,auth-service,Request processed successfully,144,200,False
2026-04-28 12:46:08.978257,ERROR,api-gateway,Connection timeout after 6859ms,6859,502,True
2026-04-28 12:49:35.978257,INFO,inventory-service,Request processed successfully,75,201,False
2026-04-28 12:52:42.978257,INFO,auth-service,Database query executed in 440ms,440,201,False
2026-04-28 12:55:48.978257,WARNING,api-gateway,Cache hit for key,157,200,False
2026-04-28 13:04:37.978257,CRITICAL,inventory-service,Database connection pool exhausted,8199,500,True
2026-04-28 13:05:36.978257,CRITICAL,auth-service,Connection timeout after 3320ms,3320,503,True
2026-04-28 13:06:35.978257,INFO,notification-service,Cache hit for key,277,201,False
2026-04-28 13:14:04.978257,WARNING,inventory-service,Health check passed,264,201,False
2026-04-28 13:22:21.978257,WARNING,payment-service,Order status updated,453,201,False
2026-04-28 13:23:09.978257,ERROR,api-gateway,Connection timeout after 2553ms,2553,502,True
2026-04-28 13:23:59.978257,ERROR,payment-service,Memory usage exceeded threshold,2592,502,True
2026-04-28 13:34:56.978257,INFO,payment-service,Request processed successfully,374,201,False
2026-04-28 13:38:06.978257,WARNING,auth-service,Order status updated,480,201,False
2026-04-28 13:45:31.978257,INFO,api-gateway,Health check passed,208,200,False
2026-04-28 13:46:19.978257,CRITICAL,inventory-service,Service unreachable after 3 retries,5628,502,True
2026-04-28 13:47:49.978257,WARNING,api-gateway,Order status updated,273,201,False
2026-04-28 13:48:03.978257,WARNING,inventory-service,Session created for user,82,201,False
2026-04-28 13:48:27.978257,WARNING,api-gateway,Database query executed in 193ms,193,200,False
2026-04-28 13:49:14.978257,INFO,auth-service,Request processed successfully,459,200,False
2026-04-28 13:50:16.978257,INFO,payment-service,Request processed successfully,225,201,False
2026-04-28 13:55:29.978257,WARNING,auth-service,Cache hit for key,175,201,False
2026-04-28 13:55:47.978257,WARNING,inventory-service,User authenticated,427,201,False
2026-04-28 14:06:21.978257,INFO,auth-service,Request processed successfully,247,200,False
2026-04-28 14:06:49.978257,INFO,payment-service,Database query executed in 180ms,180,200,False
2026-04-28 14:08:12.978257,INFO,payment-service,Request processed successfully,178,200,False
2026-04-28 14:09:14.978257,INFO,auth-service,User authenticated,178,200,False
2026-04-28 14:10:58.978257,WARNING,api-gateway,Cache hit for key,375,201,False
2026-04-28 14:17:05.978257,INFO,auth-service,Order status updated,489,201,False
2026-04-28 14:18:37.978257,INFO,notification-service,Request processed successfully,239,201,False
2026-04-28 14:26:48.978257,INFO,inventory-service,Order status updated,418,200,False
2026-04-28 14:31:54.978257,INFO,inventory-service,User authenticated,136,201,False
2026-04-28 14:38:57.978257,WARNING,payment-service,Database query executed in 183ms,183,200,False
2026-04-28 14:40:33.978257,INFO,auth-service,Session created for user,56,201,False
2026-04-28 14:46:55.978257,INFO,auth-service,User authenticated,423,201,False
2026-04-28 14:54:00.978257,WARNING,api-gateway,Request processed successfully,431,201,False
2026-04-28 14:54:04.978257,WARNING,payment-service,Request processed successfully,485,201,False
2026-04-28 15:08:11.978257,WARNING,notification-service,Session created for user,424,201,False
2026-04-28 15:14:06.978257,WARNING,notification-service,Session created for user,252,201,False
2026-04-28 15:19:10.978257,INFO,api-gateway,User authenticated,148,200,False
2026-04-28 15:25:02.978257,INFO,inventory-service,Request processed successfully,79,200,False
2026-04-28 15:28:41.978257,WARNING,inventory-service,Order status updated,391,200,False
2026-04-28 15:30:45.978257,WARNING,inventory-service,Request processed successfully,248,200,False
2026-04-28 15:34:59.978257,ERROR,payment-service,Memory usage exceeded threshold,4784,500,True
2026-04-28 15:39:37.978257,INFO,notification-service,User authenticated,380,200,False
2026-04-28 15:41:10.978257,CRITICAL,api-gateway,Database connection pool exhausted,8603,503,True
2026-04-28 15:45:08.978257,WARNING,notification-service,Order status updated,52,201,False
2026-04-28 15:52:43.978257,WARNING,auth-service,Database query executed in 493ms,493,200,False
2026-04-28 16:00:47.978257,INFO,auth-service,Health check passed,413,201,False
2026-04-28 16:09:27.978257,WARNING,inventory-service,Cache hit for key,323,200,False
2026-04-28 16:09:59.978257,INFO,payment-service,Session created for user,188,200,False
2026-04-28 16:09:59.978257,CRITICAL,auth-service,Memory usage exceeded threshold,3929,500,True
2026-04-28 16:13:17.978257,CRITICAL,inventory-service,Unhandled exception in request pipeline,2329,500,True
2026-04-28 16:13:58.978257,INFO,inventory-service,Request processed successfully,463,200,False
2026-04-28 16:14:21.978257,WARNING,api-gateway,Cache hit for key,439,201,False
2026-04-28 16:18:21.978257,INFO,notification-service,Health check passed,307,201,False
2026-04-28 16:18:28.978257,WARNING,notification-service,Database query executed in 491ms,491,200,False
2026-04-28 16:24:35.978257,INFO,notification-service,User authenticated,241,201,False
2026-04-28 16:24:40.978257,INFO,notification-service,Database query executed in 134ms,134,200,False
2026-04-28 16:28:28.978257,WARNING,api-gateway,User authenticated,260,201,False
2026-04-28 16:37:03.978257,INFO,api-gateway,Health check passed,387,200,False
2026-04-28 16:42:49.978257,WARNING,notification-service,User authenticated,308,200,False
2026-04-28 16:45:20.978257,WARNING,api-gateway,Order status updated,445,200,False
2026-04-28 16:46:27.978257,WARNING,auth-service,Health check passed,360,201,False
2026-04-28 16:56:45.978257,INFO,api-gateway,Database query executed in 235ms,235,200,False
2026-04-28 17:02:42.978257,ERROR,inventory-service,Unhandled exception in request pipeline,4790,503,True
2026-04-28 17:06:03.978257,WARNING,inventory-service,Health check passed,352,201,False
2026-04-28 17:06:38.978257,WARNING,notification-service,Health check passed,75,201,False
2026-04-28 17:09:39.978257,INFO,payment-service,Session created for user,137,200,False
2026-04-28 17:18:40.978257,INFO,api-gateway,Request processed successfully,159,200,False
2026-04-28 17:23:05.978257,WARNING,notification-service,Session created for user,237,201,False
2026-04-28 17:24:27.978257,WARNING,api-gateway,User authenticated,137,200,False
2026-04-28 17:25:24.978257,WARNING,auth-service,Database query executed in 302ms,302,201,False
2026-04-28 17:32:55.978257,INFO,api-gateway,Request processed successfully,263,200,False
2026-04-28 17:37:35.978257,ERROR,notification-service,Memory usage exceeded threshold,3331,500,True
2026-04-28 17:40:06.978257,INFO,auth-service,Database query executed in 346ms,346,200,False
2026-04-28 17:45:30.978257,WARNING,api-gateway,Health check passed,101,201,False
2026-04-28 17:48:50.978257,INFO,auth-service,Database query executed in 144ms,144,201,False
2026-04-28 17:56:36.978257,INFO,auth-service,Database query executed in 399ms,399,201,False
2026-04-28 17:57:18.978257,WARNING,api-gateway,User authenticated,259,201,False
2026-04-28 18:01:26.978257,CRITICAL,auth-service,Service unreachable after 3 retries,5415,503,True
2026-04-28 18:01:59.978257,CRITICAL,inventory-service,Database connection pool exhausted,6925,500,True
2026-04-28 18:03:57.978257,INFO,inventory-service,Request processed successfully,407,200,False
2026-04-28 18:03:58.978257,INFO,payment-service,User authenticated,80,200,False
2026-04-28 18:08:18.978257,WARNING,auth-service,Health check passed,486,201,False
2026-04-28 18:08:45.978257,INFO,auth-service,Database query executed in 314ms,314,200,False
2026-04-28 18:11:38.978257,INFO,auth-service,Database query executed in 89ms,89,200,False
2026-04-28 18:17:37.978257,INFO,api-gateway,Request processed successfully,250,201,False
2026-04-28 18:19:24.978257,INFO,notification-service,Database query executed in 108ms,108,200,False
2026-04-28 18:34:05.978257,WARNING,inventory-service,User authenticated,368,201,False
2026-04-28 18:35:03.978257,INFO,auth-service,Cache hit for key,63,200,False
2026-04-28 18:42:18.978257,WARNING,api-gateway,User authenticated,404,201,False
2026-04-28 18:42:24.978257,CRITICAL,inventory-service,Database connection pool exhausted,3038,502,True
2026-04-28 18:44:47.978257,WARNING,payment-service,Request processed successfully,211,201,False
2026-04-28 18:46:35.978257,WARNING,notification-service,Cache hit for key,220,201,False
2026-04-28 18:47:19.978257,INFO,api-gateway,Order status updated,70,201,False
2026-04-28 18:53:46.978257,WARNING,payment-service,Database query executed in 249ms,249,200,False
2026-04-28 19:01:17.978257,INFO,inventory-service,Database query executed in 230ms,230,200,False
2026-04-28 19:12:12.978257,WARNING,api-gateway,User authenticated,430,200,False
2026-04-28 19:19:49.978257,INFO,auth-service,Session created for user,130,200,False
2026-04-28 19:23:21.978257,ERROR,auth-service,Unhandled exception in request pipeline,5118,502,True
2026-04-28 19:30:36.978257,INFO,notification-service,Cache hit for key,430,201,False
2026-04-28 19:33:03.978257,CRITICAL,inventory-service,Database connection pool exhausted,2972,503,True
2026-04-28 19:35:23.978257,CRITICAL,api-gateway,Unhandled exception in request pipeline,4576,500,True
2026-04-28 19:48:14.978257,INFO,payment-service,Database query executed in 146ms,146,201,False
2026-04-28 19:50:57.978257,WARNING,api-gateway,User authenticated,101,200,False
2026-04-28 19:55:29.978257,INFO,auth-service,Order status updated,331,200,False
2026-04-28 19:59:52.978257,CRITICAL,api-gateway,Database connection pool exhausted,7462,502,True
2026-04-28 20:03:35.978257,WARNING,payment-service,Session created for user,443,201,False
2026-04-28 20:05:44.978257,WARNING,payment-service,Cache hit for key,277,200,False
2026-04-28 20:20:04.978257,INFO,notification-service,User authenticated,117,201,False
2026-04-28 20:20:26.978257,INFO,notification-service,Session created for user,244,201,False
2026-04-28 20:22:46.978257,WARNING,auth-service,Request processed successfully,467,200,False
2026-04-28 20:23:56.978257,INFO,auth-service,Order status updated,209,200,False
2026-04-28 20:31:01.978257,INFO,auth-service,Session created for user,253,200,False
2026-04-28 20:36:57.978257,WARNING,payment-service,Session created for user,184,201,False
2026-04-28 20:42:46.978257,INFO,inventory-service,Cache hit for key,258,200,False
2026-04-28 20:49:30.978257,WARNING,inventory-service,Order status updated,156,201,False
2026-04-28 20:53:14.978257,WARNING,auth-service,Session created for user,139,200,False
2026-04-28 20:55:44.978257,INFO,notification-service,Cache hit for key,356,201,False
2026-04-28 21:05:36.978257,INFO,auth-service,Session created for user,386,200,False
2026-04-28 21:06:13.978257,WARNING,inventory-service,Session created for user,449,200,False
2026-04-28 21:13:11.978257,ERROR,inventory-service,Memory usage exceeded threshold,2860,500,True
2026-04-28 21:13:26.978257,INFO,payment-service,Request processed successfully,255,200,False
2026-04-28 21:15:09.978257,WARNING,auth-service,Database query executed in 307ms,307,200,False
2026-04-28 21:15:09.978257,WARNING,api-gateway,Database query executed in 466ms,466,201,False
2026-04-28 21:16:47.978257,INFO,payment-service,Cache hit for key,340,200,False
2026-04-28 21:17:36.978257,WARNING,notification-service,Session created for user,338,200,False
2026-04-28 21:23:23.978257,INFO,payment-service,User authenticated,153,201,False
2026-04-28 21:30:41.978257,INFO,api-gateway,Order status updated,372,200,False
2026-04-28 21:36:54.978257,WARNING,notification-service,Database query executed in 146ms,146,201,False
2026-04-28 21:40:19.978257,INFO,auth-service,Request processed successfully,268,201,False
2026-04-28 21:40:57.978257,INFO,auth-service,Order status updated,489,201,False
2026-04-28 21:43:48.978257,WARNING,notification-service,Database query executed in 314ms,314,201,False
2026-04-28 21:53:45.978257,WARNING,auth-service,Request processed successfully,128,200,False
2026-04-28 21:56:47.978257,INFO,payment-service,Order status updated,71,200,False
2026-04-28 21:59:01.978257,WARNING,notification-service,Health check passed,397,200,False
2026-04-28 22:00:38.978257,INFO,auth-service,Database query executed in 460ms,460,201,False
2026-04-28 22:01:42.978257,INFO,notification-service,Cache hit for key,147,201,False
2026-04-28 22:08:20.978257,INFO,api-gateway,User authenticated,101,201,False
2026-04-28 22:18:49.978257,INFO,inventory-service,Request processed successfully,344,201,False
2026-04-28 22:21:55.978257,INFO,auth-service,Health check passed,375,201,False
2026-04-28 22:23:22.978257,WARNING,inventory-service,Cache hit for key,430,200,False
2026-04-28 22:34:53.978257,WARNING,payment-service,Database query executed in 144ms,144,200,False
2026-04-28 22:36:07.978257,WARNING,auth-service,User authenticated,319,200,False
2026-04-28 22:38:26.978257,WARNING,auth-service,Session created for user,67,200,False
2026-04-28 22:41:51.978257,INFO,payment-service,Database query executed in 360ms,360,201,False
2026-04-28 22:42:53.978257,INFO,payment-service,Health check passed,161,201,False
2026-04-28 22:43:18.978257,WARNING,inventory-service,Order status updated,85,200,False
2026-04-28 22:44:51.978257,INFO,auth-service,Cache hit for key,60,200,False
2026-04-28 22:49:02.978257,WARNING,api-gateway,Request processed successfully,111,200,False
2026-04-28 22:58:46.978257,INFO,inventory-service,Order status updated,457,201,False
2026-04-28 23:00:27.978257,INFO,auth-service,Health check passed,63,201,False
2026-04-28 23:07:45.978257,WARNING,auth-service,Cache hit for key,298,201,False
2026-04-28 23:10:33.978257,INFO,api-gateway,Cache hit for key,443,201,False
2026-04-28 23:12:31.978257,INFO,payment-service,Session created for user,455,201,False
2026-04-28 23:20:28.978257,INFO,inventory-service,Order status updated,492,200,False
2026-04-28 23:21:01.978257,WARNING,notification-service,Database query executed in 367ms,367,200,False
2026-04-28 23:22:24.978257,WARNING,api-gateway,Health check passed,186,200,False
2026-04-28 23:23:27.978257,WARNING,payment-service,Health check passed,251,201,False
2026-04-28 23:24:59.978257,INFO,inventory-service,Health check passed,171,200,False
2026-04-28 23:28:55.978257,INFO,inventory-service,Request processed successfully,486,200,False
2026-04-28 23:38:32.978257,WARNING,payment-service,Cache hit for key,208,200,False
2026-04-28 23:43:16.978257,WARNING,notification-service,Session created for user,478,201,False
2026-04-28 23:45:38.978257,WARNING,notification-service,Health check passed,253,201,False
2026-04-28 23:55:30.978257,INFO,inventory-service,Order status updated,131,201,False
2026-04-29 00:15:06.978257,ERROR,api-gateway,Database connection pool exhausted,6740,500,True
2026-04-29 00:25:50.978257,WARNING,auth-service,User authenticated,427,200,False
2026-04-29 00:26:07.978257,WARNING,payment-service,Cache hit for key,323,200,False
2026-04-29 00:32:41.978257,INFO,notification-service,Order status updated,260,201,False
2026-04-29 00:34:54.978257,INFO,auth-service,User authenticated,302,200,False
2026-04-29 00:35:27.978257,INFO,api-gateway,User authenticated,314,201,False
2026-04-29 00:37:23.978257,WARNING,auth-service,Health check passed,442,201,False
2026-04-29 00:39:28.978257,INFO,api-gateway,Cache hit for key,490,200,False
2026-04-29 00:51:41.978257,INFO,inventory-service,Database query executed in 499ms,499,201,False
2026-04-29 00:59:40.978257,INFO,api-gateway,Order status updated,278,200,False
2026-04-29 01:00:14.978257,INFO,auth-service,Cache hit for key,418,201,False
2026-04-29 01:00:58.978257,WARNING,payment-service,User authenticated,297,200,False
2026-04-29 01:01:51.978257,INFO,auth-service,Request processed successfully,180,201,False
2026-04-29 01:02:37.978257,WARNING,auth-service,Cache hit for key,372,201,False
2026-04-29 01:07:52.978257,INFO,payment-service,Database query executed in 52ms,52,200,False
2026-04-29 01:09:05.978257,WARNING,payment-service,Database query executed in 166ms,166,200,False
2026-04-29 01:09:45.978257,WARNING,inventory-service,Health check passed,406,200,False
2026-04-29 01:11:39.978257,INFO,payment-service,Order status updated,133,201,False
2026-04-29 01:12:52.978257,INFO,notification-service,Health check passed,446,201,False
2026-04-29 01:26:38.978257,WARNING,payment-service,Order status updated,493,201,False
2026-04-29 01:33:44.978257,INFO,inventory-service,Request processed successfully,320,201,False
2026-04-29 01:45:44.978257,WARNING,payment-service,Health check passed,348,201,False
2026-04-29 01:59:26.978257,WARNING,api-gateway,Database query executed in 92ms,92,201,False
2026-04-29 02:05:12.978257,INFO,inventory-service,Cache hit for key,106,201,False
2026-04-29 02:05:39.978257,WARNING,api-gateway,Request processed successfully,266,200,False
2026-04-29 02:06:49.978257,WARNING,auth-service,Session created for user,170,200,False
2026-04-29 02:13:18.978257,INFO,api-gateway,Request processed successfully,445,201,False
2026-04-29 02:13:33.978257,WARNING,auth-service,Session created for user,445,201,False
2026-04-29 02:16:46.978257,CRITICAL,payment-service,Database connection pool exhausted,2529,503,True
2026-04-29 02:23:18.978257,WARNING,payment-service,Order status updated,146,200,False
2026-04-29 02:25:31.978257,WARNING,inventory-service,Session created for user,484,201,False
2026-04-29 02:31:15.978257,INFO,payment-service,Cache hit for key,483,201,False
2026-04-29 02:31:25.978257,INFO,auth-service,Session created for user,494,200,False
2026-04-29 02:36:06.978257,WARNING,payment-service,User authenticated,376,200,False
2026-04-29 02:39:59.978257,INFO,notification-service,Health check passed,128,200,False
2026-04-29 03:05:24.978257,INFO,api-gateway,Health check passed,257,200,False
2026-04-29 03:05:29.978257,WARNING,api-gateway,Request processed successfully,223,200,False
2026-04-29 03:11:06.978257,INFO,notification-service,Request processed successfully,481,200,False
2026-04-29 03:13:56.978257,WARNING,api-gateway,User authenticated,384,201,False
2026-04-29 03:17:15.978257,WARNING,notification-service,Session created for user,429,201,False
2026-04-29 03:17:40.978257,INFO,notification-service,Order status updated,222,200,False
2026-04-29 03:18:40.978257,INFO,inventory-service,Order status updated,438,201,False
2026-04-29 03:20:01.978257,WARNING,api-gateway,Session created for user,350,200,False
2026-04-29 03:33:04.978257,WARNING,api-gateway,Request processed successfully,426,201,False
2026-04-29 03:34:22.978257,WARNING,payment-service,Order status updated,83,201,False
2026-04-29 03:45:16.978257,WARNING,notification-service,User authenticated,469,200,False
2026-04-29 03:47:36.978257,WARNING,auth-service,Session created for user,71,200,False
2026-04-29 03:48:10.978257,ERROR,api-gateway,Memory usage exceeded threshold,2580,500,True
2026-04-29 03:51:40.978257,WARNING,auth-service,Database query executed in 93ms,93,201,False
2026-04-29 04:00:26.978257,WARNING,api-gateway,Health check passed,276,201,False
2026-04-29 04:18:35.978257,INFO,inventory-service,Database query executed in 257ms,257,201,False
2026-04-29 04:18:48.978257,INFO,auth-service,Session created for user,342,200,False
2026-04-29 04:28:39.978257,WARNING,inventory-service,Session created for user,442,201,False
2026-04-29 04:29:22.978257,WARNING,auth-service,Database query executed in 163ms,163,201,False
2026-04-29 04:34:37.978257,INFO,api-gateway,Order status updated,252,201,False
2026-04-29 04:40:16.978257,WARNING,auth-service,Order status updated,136,200,False
2026-04-29 04:43:45.978257,INFO,notification-service,Database query executed in 489ms,489,200,False
2026-04-29 04:45:23.978257,WARNING,notification-service,Session created for user,292,201,False
2026-04-29 04:47:30.978257,INFO,auth-service,Database query executed in 92ms,92,200,False
2026-04-29 04:51:40.978257,WARNING,auth-service,Order status updated,113,201,False
2026-04-29 05:00:20.978257,WARNING,api-gateway,Health check passed,337,201,False
2026-04-29 05:06:27.978257,WARNING,auth-service,User authenticated,448,201,False
2026-04-29 05:09:58.978257,INFO,payment-service,User authenticated,372,201,False
2026-04-29 05:19:03.978257,WARNING,api-gateway,Order status updated,314,200,False
2026-04-29 05:19:20.978257,INFO,notification-service,Order status updated,343,200,False
2026-04-29 05:21:53.978257,INFO,api-gateway,Cache hit for key,242,200,False
2026-04-29 05:27:43.978257,INFO,payment-service,Order status updated,91,200,False
2026-04-29 05:30:05.978257,WARNING,payment-service,Order status updated,419,200,False
2026-04-29 05:32:29.978257,INFO,inventory-service,Order status updated,85,200,False
2026-04-29 05:35:31.978257,WARNING,api-gateway,Order status updated,62,200,False
2026-04-29 05:35:40.978257,WARNING,notification-service,Database query executed in 428ms,428,201,False
2026-04-29 05:36:06.978257,INFO,notification-service,Cache hit for key,126,201,False
2026-04-29 05:46:56.978257,INFO,api-gateway,Health check passed,383,200,False
2026-04-29 05:51:07.978257,WARNING,notification-service,Database query executed in 230ms,230,201,False
2026-04-29 05:56:40.978257,INFO,payment-service,Health check passed,372,200,False
2026-04-29 05:57:54.978257,INFO,payment-service,Database query executed in 216ms,216,201,False
2026-04-29 06:03:04.978257,INFO,payment-service,Health check passed,414,201,False
2026-04-29 06:03:47.978257,INFO,auth-service,Database query executed in 317ms,317,200,False
2026-04-29 06:10:19.978257,INFO,inventory-service,User authenticated,159,201,False
2026-04-29 06:14:53.978257,ERROR,inventory-service,Connection timeout after 5764ms,5764,500,True
2026-04-29 06:16:11.978257,INFO,api-gateway,Database query executed in 474ms,474,201,False
2026-04-29 06:24:24.978257,INFO,auth-service,Session created for user,186,201,False
2026-04-29 06:28:52.978257,INFO,api-gateway,Request processed successfully,436,201,False
2026-04-29 06:39:37.978257,WARNING,auth-service,Order status updated,335,200,False
2026-04-29 06:45:12.978257,INFO,payment-service,Cache hit for key,68,201,False
2026-04-29 06:51:51.978257,INFO,auth-service,User authenticated,447,200,False
2026-04-29 06:58:52.978257,ERROR,notification-service,Unhandled exception in request pipeline,6477,500,True
2026-04-29 07:00:07.978257,WARNING,notification-service,Health check passed,248,201,False
2026-04-29 07:14:35.978257,INFO,auth-service,Cache hit for key,463,201,False
2026-04-29 07:16:40.978257,INFO,notification-service,Cache hit for key,187,200,False
2026-04-29 07:22:56.978257,WARNING,notification-service,User authenticated,475,200,False
2026-04-29 07:26:59.978257,WARNING,notification-service,Order status updated,410,201,False
2026-04-29 07:27:37.978257,WARNING,inventory-service,User authenticated,113,200,False
2026-04-29 07:29:52.978257,INFO,auth-service,Request processed successfully,164,200,False
2026-04-29 07:33:45.978257,WARNING,auth-service,Health check passed,415,200,False
2026-04-29 07:36:43.978257,INFO,auth-service,User authenticated,254,200,False
2026-04-29 07:38:40.978257,CRITICAL,auth-service,Unhandled exception in request pipeline,3782,503,True
2026-04-29 07:49:44.978257,WARNING,notification-service,Order status updated,203,200,False
2026-04-29 07:58:44.978257,INFO,notification-service,Health check passed,271,201,False
2026-04-29 08:00:04.978257,WARNING,payment-service,Request processed successfully,358,201,False
2026-04-29 08:01:59.978257,WARNING,api-gateway,User authenticated,300,201,False
2026-04-29 08:04:01.978257,WARNING,api-gateway,Order status updated,466,200,False
2026-04-29 08:12:24.978257,WARNING,api-gateway,Request processed successfully,424,201,False
2026-04-29 08:13:55.978257,WARNING,api-gateway,Request processed successfully,253,201,False
2026-04-29 08:18:19.978257,INFO,inventory-service,Database query executed in 309ms,309,200,False
2026-04-29 08:26:30.978257,INFO,api-gateway,Database query executed in 495ms,495,200,False
2026-04-29 08:36:47.978257,INFO,notification-service,Cache hit for key,227,201,False
2026-04-29 08:39:19.978257,WARNING,notification-service,Order status updated,404,200,False
2026-04-29 08:39:46.978257,INFO,auth-service,Cache hit for key,179,201,False
2026-04-29 08:40:26.978257,INFO,payment-service,Request processed successfully,78,201,False
2026-04-29 08:50:23.978257,ERROR,inventory-service,Database connection pool exhausted,5662,503,True
2026-04-29 08:58:54.978257,WARNING,api-gateway,Cache hit for key,173,200,False
2026-04-29 09:06:21.978257,INFO,notification-service,Database query executed in 202ms,202,201,False
2026-04-29 09:07:13.978257,WARNING,notification-service,User authenticated,90,200,False
2026-04-29 09:08:57.978257,INFO,notification-service,Health check passed,456,201,False
2026-04-29 09:12:07.978257,INFO,notification-service,Health check passed,237,200,False
2026-04-29 09:17:00.978257,WARNING,api-gateway,Database query executed in 370ms,370,201,False
2026-04-29 09:22:47.978257,WARNING,inventory-service,Order status updated,82,200,False
2026-04-29 09:28:59.978257,WARNING,notification-service,Cache hit for key,97,200,False
2026-04-29 09:29:55.978257,INFO,payment-service,Database query executed in 135ms,135,200,False
2026-04-29 09:31:38.978257,WARNING,auth-service,User authenticated,454,200,False
2026-04-29 09:38:50.978257,INFO,notification-service,Cache hit for key,162,200,False
2026-04-29 09:43:19.978257,INFO,auth-service,Request processed successfully,51,201,False
2026-04-29 09:52:46.978257,INFO,auth-service,Database query executed in 447ms,447,200,False
2026-04-29 09:53:51.978257,WARNING,auth-service,Order status updated,106,200,False
2026-04-29 09:56:44.978257,INFO,auth-service,Database query executed in 300ms,300,200,False
2026-04-29 09:57:16.978257,WARNING,payment-service,Database query executed in 413ms,413,201,False
2026-04-29 10:02:57.978257,WARNING,auth-service,Cache hit for key,367,201,False
2026-04-29 10:06:05.978257,WARNING,inventory-service,Database query executed in 104ms,104,201,False
2026-04-29 10:06:50.978257,INFO,inventory-service,Database query executed in 163ms,163,200,False
2026-04-29 10:10:44.978257,ERROR,inventory-service,Service unreachable after 3 retries,3655,502,True
2026-04-29 10:12:49.978257,INFO,notification-service,Database query executed in 89ms,89,200,False
2026-04-29 10:20:01.978257,WARNING,auth-service,Cache hit for key,311,201,False
2026-04-29 10:26:48.978257,WARNING,inventory-service,Database query executed in 438ms,438,201,False
2026-04-29 10:30:04.978257,INFO,api-gateway,Order status updated,498,201,False
2026-04-29 10:43:31.978257,INFO,inventory-service,Request processed successfully,454,200,False
2026-04-29 10:45:54.978257,WARNING,notification-service,User authenticated,239,201,False
2026-04-29 10:46:35.978257,INFO,inventory-service,Session created for user,226,201,False
2026-04-29 10:47:39.978257,INFO,notification-service,Health check passed,196,201,False
2026-04-29 10:48:07.978257,ERROR,payment-service,Database connection pool exhausted,6663,502,True
2026-04-29 10:50:17.978257,WARNING,auth-service,Order status updated,370,200,False
2026-04-29 10:50:21.978257,ERROR,notification-service,Database connection pool exhausted,3398,500,True
2026-04-29 10:53:12.978257,INFO,auth-service,Order status updated,129,200,False
2026-04-29 10:53:15.978257,WARNING,payment-service,Database query executed in 62ms,62,201,False
2026-04-29 11:06:38.978257,CRITICAL,notification-service,Memory usage exceeded threshold,3685,500,True
2026-04-29 11:07:26.978257,WARNING,payment-service,Cache hit for key,128,201,False
2026-04-29 11:10:53.978257,WARNING,payment-service,Order status updated,198,201,False
2026-04-29 11:18:23.978257,INFO,inventory-service,Cache hit for key,245,201,False
2026-04-29 11:23:42.978257,ERROR,api-gateway,Memory usage exceeded threshold,4508,500,True
2026-04-29 11:26:22.978257,INFO,inventory-service,Cache hit for key,223,200,False
2026-04-29 11:32:40.978257,WARNING,inventory-service,Database query executed in 230ms,230,200,False
2026-04-29 11:41:48.978257,INFO,payment-service,Order status updated,121,201,False
2026-04-29 11:52:53.978257,ERROR,notification-service,Service unreachable after 3 retries,3409,500,True
2026-04-29 11:54:02.978257,WARNING,payment-service,Cache hit for key,276,201,False
2026-04-29 11:54:37.978257,INFO,notification-service,Session created for user,433,201,False
2026-04-29 12:06:52.978257,INFO,payment-service,Health check passed,273,201,False
2026-04-29 12:10:35.978257,INFO,inventory-service,Health check passed,286,201,False
2026-04-29 12:10:47.978257,INFO,payment-service,Order status updated,378,201,False
2026-04-29 12:10:55.978257,INFO,inventory-service,Session created for user,297,201,False
2026-04-29 12:21:43.978257,WARNING,api-gateway,Request processed successfully,275,200,False
2026-04-29 12:33:45.978257,WARNING,payment-service,Session created for user,416,201,False
2026-04-29 12:34:04.978257,WARNING,notification-service,Order status updated,284,201,False
2026-04-29 12:36:45.978257,INFO,inventory-service,User authenticated,69,200,False
2026-04-29 12:37:52.978257,INFO,inventory-service,Session created for user,275,201,False
2026-04-29 12:45:21.978257,INFO,payment-service,Database query executed in 485ms,485,201,False
2026-04-29 12:52:23.978257,WARNING,notification-service,Order status updated,332,201,False
2026-04-29 13:00:36.978257,INFO,auth-service,Session created for user,139,200,False
2026-04-29 13:01:05.978257,WARNING,inventory-service,Database query executed in 254ms,254,201,False
2026-04-29 13:01:56.978257,WARNING,notification-service,Request processed successfully,233,200,False
2026-04-29 13:02:26.978257,WARNING,inventory-service,Health check passed,485,201,False
2026-04-29 13:06:51.978257,INFO,auth-service,Request processed successfully,144,201,False
2026-04-29 13:09:47.978257,WARNING,inventory-service,Cache hit for key,463,200,False
2026-04-29 13:13:42.978257,WARNING,api-gateway,Database query executed in 103ms,103,201,False
2026-04-29 13:19:06.978257,INFO,notification-service,Order status updated,349,200,False
2026-04-29 13:21:35.978257,CRITICAL,notification-service,Memory usage exceeded threshold,4848,502,True
2026-04-29 13:22:00.978257,WARNING,payment-service,Database query executed in 499ms,499,201,False
2026-04-29 13:30:41.978257,WARNING,payment-service,User authenticated,161,201,False
2026-04-29 13:31:19.978257,INFO,api-gateway,Order status updated,313,200,False
2026-04-29 13:33:27.978257,INFO,inventory-service,Database query executed in 52ms,52,200,False
2026-04-29 13:35:06.978257,WARNING,payment-service,Health check passed,302,201,False
2026-04-29 13:36:27.978257,WARNING,inventory-service,Order status updated,143,201,False
2026-04-29 13:56:09.978257,WARNING,auth-service,Cache hit for key,477,200,False
2026-04-29 14:00:57.978257,INFO,api-gateway,Session created for user,237,201,False
2026-04-29 14:03:38.978257,WARNING,payment-service,Database query executed in 451ms,451,201,False
2026-04-29 14:11:25.978257,WARNING,api-gateway,User authenticated,489,201,False
2026-04-29 14:13:55.978257,WARNING,payment-service,Cache hit for key,265,200,False
2026-04-29 14:18:50.978257,WARNING,auth-service,Request processed successfully,197,200,False
2026-04-29 14:28:24.978257,INFO,inventory-service,Cache hit for key,171,200,False
2026-04-29 14:31:46.978257,INFO,payment-service,User authenticated,190,200,False
2026-04-29 14:35:33.978257,INFO,inventory-service,Database query executed in 300ms,300,201,False
2026-04-29 14:36:48.978257,INFO,notification-service,Health check passed,66,201,False
2026-04-29 14:47:02.978257,WARNING,api-gateway,Session created for user,173,200,False
2026-04-29 14:52:45.978257,WARNING,payment-service,User authenticated,79,201,False
2026-04-29 15:00:37.978257,INFO,inventory-service,Order status updated,453,201,False
2026-04-29 15:01:32.978257,INFO,auth-service,Session created for user,84,200,False
2026-04-29 15:05:22.978257,INFO,payment-service,Request processed successfully,446,200,False
2026-04-29 15:09:26.978257,INFO,inventory-service,Health check passed,138,200,False
2026-04-29 15:17:54.978257,INFO,auth-service,User authenticated,74,201,False
2026-04-29 15:20:39.978257,WARNING,payment-service,Request processed successfully,243,200,False
2026-04-29 15:21:28.978257,WARNING,notification-service,Cache hit for key,400,201,False
2026-04-29 15:27:22.978257,INFO,api-gateway,Order status updated,213,201,False
2026-04-29 15:33:05.978257,WARNING,api-gateway,Request processed successfully,388,201,False
2026-04-29 15:34:06.978257,INFO,inventory-service,Cache hit for key,182,200,False
2026-04-29 15:35:45.978257,WARNING,auth-service,Request processed successfully,456,201,False
2026-04-29 15:43:47.978257,INFO,auth-service,Order status updated,222,200,False
2026-04-29 15:47:05.978257,WARNING,auth-service,Order status updated,458,201,False
2026-04-29 15:47:34.978257,WARNING,inventory-service,Health check passed,116,200,False
2026-04-29 15:49:05.978257,INFO,auth-service,Cache hit for key,266,200,False
2026-04-29 15:53:32.978257,WARNING,notification-service,Cache hit for key,430,200,False
2026-04-29 16:03:04.978257,WARNING,auth-service,Database query executed in 335ms,335,200,False
2026-04-29 16:04:18.978257,INFO,inventory-service,Database query executed in 105ms,105,200,False
2026-04-29 16:08:31.978257,INFO,auth-service,Cache hit for key,497,200,False
2026-04-29 16:11:11.978257,INFO,payment-service,Order status updated,492,201,False
2026-04-29 16:12:57.978257,WARNING,inventory-service,Order status updated,211,200,False
2026-04-29 16:15:32.978257,WARNING,inventory-service,Request processed successfully,367,201,False
2026-04-29 16:15:54.978257,INFO,notification-service,Cache hit for key,270,201,False
2026-04-29 16:24:53.978257,INFO,notification-service,Order status updated,369,201,False
2026-04-29 16:30:50.978257,WARNING,auth-service,Order status updated,90,201,False
2026-04-29 16:38:07.978257,WARNING,payment-service,Cache hit for key,282,200,False
2026-04-29 16:39:09.978257,INFO,inventory-service,Request processed successfully,378,201,False
2026-04-29 16:46:31.978257,WARNING,auth-service,Session created for user,242,200,False
2026-04-29 16:53:56.978257,WARNING,notification-service,Session created for user,243,201,False
2026-04-29 16:55:22.978257,ERROR,api-gateway,Service unreachable after 3 retries,6570,503,True
2026-04-29 16:59:40.978257,WARNING,notification-service,User authenticated,449,201,False
2026-04-29 17:05:23.978257,WARNING,payment-service,Session created for user,345,200,False
2026-04-29 17:06:01.978257,WARNING,api-gateway,Database query executed in 213ms,213,201,False
2026-04-29 17:13:04.978257,INFO,payment-service,Order status updated,184,201,False
2026-04-29 17:16:30.978257,INFO,payment-service,Cache hit for key,293,201,False
2026-04-29 17:20:22.978257,CRITICAL,payment-service,Connection timeout after 7693ms,7693,500,True
2026-04-29 17:25:55.978257,WARNING,auth-service,User authenticated,87,200,False
2026-04-29 17:46:52.978257,WARNING,notification-service,Database query executed in 130ms,130,201,False
2026-04-29 17:49:53.978257,WARNING,auth-service,Request processed successfully,276,200,False
2026-04-29 17:54:32.978257,INFO,auth-service,Health check passed,250,201,False
2026-04-29 17:56:17.978257,INFO,inventory-service,Database query executed in 412ms,412,201,False
2026-04-29 17:57:36.978257,INFO,notification-service,Order status updated,429,200,False
2026-04-29 18:02:46.978257,WARNING,inventory-service,Request processed successfully,476,200,False
2026-04-29 18:05:13.978257,WARNING,auth-service,Database query executed in 141ms,141,201,False
2026-04-29 18:11:02.978257,INFO,auth-service,Database query executed in 86ms,86,200,False
2026-04-29 18:14:27.978257,WARNING,notification-service,Request processed successfully,334,200,False
2026-04-29 18:15:35.978257,WARNING,notification-service,Health check passed,223,201,False
2026-04-29 18:16:33.978257,INFO,payment-service,Session created for user,438,201,False
2026-04-29 18:19:39.978257,INFO,auth-service,Order status updated,389,200,False
2026-04-29 18:20:33.978257,INFO,auth-service,Database query executed in 299ms,299,200,False
2026-04-29 18:20:53.978257,INFO,notification-service,Order status updated,482,200,False
2026-04-29 18:22:44.978257,INFO,inventory-service,Session created for user,334,200,False
2026-04-29 18:34:52.978257,WARNING,payment-service,User authenticated,286,200,False
2026-04-29 18:41:27.978257,INFO,payment-service,Health check passed,360,200,False
2026-04-29 18:49:47.978257,WARNING,api-gateway,Database query executed in 296ms,296,200,False
2026-04-29 18:49:50.978257,WARNING,auth-service,User authenticated,68,201,False
2026-04-29 18:51:01.978257,WARNING,auth-service,Request processed successfully,61,200,False
2026-04-29 18:51:44.978257,INFO,payment-service,Order status updated,434,200,False
2026-04-29 19:11:50.978257,WARNING,auth-service,Health check passed,110,201,False
2026-04-29 19:13:27.978257,INFO,notification-service,Health check passed,338,200,False
2026-04-29 19:13:50.978257,INFO,payment-service,User authenticated,265,200,False
2026-04-29 19:30:13.978257,WARNING,notification-service,Request processed successfully,77,200,False
2026-04-29 19:33:28.978257,INFO,api-gateway,Order status updated,500,200,False
2026-04-29 19:40:18.978257,WARNING,payment-service,Health check passed,130,200,False
2026-04-29 19:40:18.978257,WARNING,auth-service,User authenticated,83,201,False
2026-04-29 19:44:55.978257,WARNING,api-gateway,Session created for user,398,200,False
2026-04-29 19:46:21.978257,WARNING,payment-service,Request processed successfully,360,200,False
2026-04-29 19:47:11.978257,WARNING,inventory-service,User authenticated,495,200,False
2026-04-29 19:49:15.978257,INFO,payment-service,Database query executed in 54ms,54,200,False
2026-04-29 19:49:33.978257,CRITICAL,api-gateway,Unhandled exception in request pipeline,4552,500,True
2026-04-29 19:50:05.978257,INFO,auth-service,Database query executed in 413ms,413,200,False
2026-04-29 19:50:45.978257,INFO,auth-service,Request processed successfully,499,200,False
2026-04-29 19:54:10.978257,WARNING,payment-service,Cache hit for key,55,201,False
2026-04-29 19:54:17.978257,WARNING,notification-service,User authenticated,489,200,False
2026-04-29 20:07:14.978257,WARNING,inventory-service,Order status updated,173,201,False
2026-04-29 20:19:56.978257,INFO,auth-service,User authenticated,74,200,False
2026-04-29 20:22:40.978257,INFO,notification-service,Session created for user,430,200,False
2026-04-29 20:23:41.978257,WARNING,payment-service,Session created for user,338,200,False
2026-04-29 20:25:02.978257,WARNING,api-gateway,Health check passed,90,201,False
2026-04-29 20:29:16.978257,INFO,notification-service,Session created for user,109,200,False
2026-04-29 20:33:35.978257,ERROR,api-gateway,Unhandled exception in request pipeline,3317,500,True
2026-04-29 20:52:53.978257,INFO,payment-service,Health check passed,347,200,False
2026-04-29 20:55:42.978257,INFO,payment-service,Session created for user,132,201,False
2026-04-29 20:58:26.978257,INFO,notification-service,Database query executed in 431ms,431,201,False
2026-04-29 21:01:53.978257,WARNING,inventory-service,Request processed successfully,444,201,False
2026-04-29 21:02:07.978257,INFO,auth-service,User authenticated,411,201,False
2026-04-29 21:05:11.978257,WARNING,api-gateway,User authenticated,234,201,False
2026-04-29 21:05:40.978257,WARNING,api-gateway,User authenticated,201,200,False
2026-04-29 21:06:46.978257,INFO,auth-service,User authenticated,53,200,False
2026-04-29 21:11:32.978257,WARNING,api-gateway,User authenticated,476,201,False
2026-04-29 21:14:21.978257,CRITICAL,api-gateway,Service unreachable after 3 retries,4163,500,True
2026-04-29 21:14:31.978257,CRITICAL,api-gateway,Service unreachable after 3 retries,6209,503,True
2026-04-29 21:15:12.978257,INFO,api-gateway,Order status updated,432,201,False
2026-04-29 21:15:31.978257,INFO,payment-service,Database query executed in 145ms,145,200,False
2026-04-29 21:16:31.978257,WARNING,notification-service,Health check passed,271,200,False
2026-04-29 21:28:20.978257,INFO,api-gateway,Cache hit for key,105,201,False
2026-04-29 21:30:09.978257,WARNING,notification-service,Order status updated,373,201,False
2026-04-29 21:30:46.978257,INFO,payment-service,Database query executed in 123ms,123,200,False
2026-04-29 21:32:36.978257,WARNING,inventory-service,Health check passed,467,200,False
2026-04-29 21:42:06.978257,CRITICAL,notification-service,Service unreachable after 3 retries,7493,500,True
2026-04-29 21:44:35.978257,INFO,inventory-service,Order status updated,256,201,False
2026-04-29 21:45:43.978257,WARNING,inventory-service,Cache hit for key,245,201,False
2026-04-29 21:48:21.978257,INFO,api-gateway,Session created for user,279,201,False
2026-04-29 21:50:28.978257,INFO,notification-service,Request processed successfully,215,201,False
2026-04-29 22:08:36.978257,INFO,auth-service,Database query executed in 300ms,300,200,False
2026-04-29 22:09:49.978257,INFO,auth-service,User authenticated,135,200,False
2026-04-29 22:11:27.978257,INFO,api-gateway,Session created for user,467,201,False
2026-04-29 22:11:48.978257,INFO,payment-service,Database query executed in 133ms,133,201,False
2026-04-29 22:15:31.978257,INFO,api-gateway,Database query executed in 310ms,310,200,False
2026-04-29 22:18:46.978257,INFO,notification-service,Database query executed in 111ms,111,201,False
2026-04-29 22:22:46.978257,CRITICAL,notification-service,Connection timeout after 5475ms,5475,503,True
2026-04-29 22:30:25.978257,WARNING,api-gateway,Health check passed,489,201,False
2026-04-29 22:55:31.978257,INFO,inventory-service,Database query executed in 306ms,306,200,False
2026-04-29 23:00:03.978257,WARNING,notification-service,Order status updated,328,200,False
2026-04-29 23:02:37.978257,WARNING,payment-service,Order status updated,372,201,False
2026-04-29 23:10:12.978257,WARNING,auth-service,Request processed successfully,351,201,False
2026-04-29 23:15:36.978257,WARNING,inventory-service,Order status updated,130,201,False
2026-04-29 23:16:09.978257,WARNING,inventory-service,User authenticated,303,201,False
2026-04-29 23:21:41.978257,INFO,payment-service,User authenticated,423,200,False
2026-04-29 23:25:08.978257,INFO,auth-service,Cache hit for key,427,200,False
2026-04-29 23:25:10.978257,WARNING,payment-service,Session created for user,500,200,False
2026-04-29 23:25:58.978257,WARNING,inventory-service,Database query executed in 308ms,308,200,False
2026-04-29 23:38:41.978257,INFO,api-gateway,Session created for user,155,200,False
2026-04-29 23:41:58.978257,ERROR,payment-service,Memory usage exceeded threshold,7348,502,True
2026-04-29 23:50:24.978257,ERROR,inventory-service,Connection timeout after 5268ms,5268,500,True
2026-04-29 23:56:02.978257,WARNING,auth-service,Request processed successfully,256,201,False
2026-04-30 00:02:32.978257,WARNING,auth-service,Request processed successfully,383,200,False
2026-04-30 00:02:58.978257,INFO,inventory-service,User authenticated,312,200,False
2026-04-30 00:10:10.978257,INFO,api-gateway,Cache hit for key,212,200,False
2026-04-30 00:17:49.978257,INFO,inventory-service,Database query executed in 69ms,69,201,False
2026-04-30 00:28:58.978257,WARNING,payment-service,Database query executed in 385ms,385,200,False
2026-04-30 00:30:32.978257,INFO,inventory-service,Session created for user,176,201,False
2026-04-30 00:37:02.978257,INFO,inventory-service,Health check passed,56,201,False
2026-04-30 00:40:00.978257,WARNING,notification-service,Order status updated,157,200,False
2026-04-30 00:44:30.978257,INFO,payment-service,Order status updated,434,201,False
2026-04-30 00:46:12.978257,WARNING,auth-service,Database query executed in 246ms,246,200,False
2026-04-30 00:47:39.978257,WARNING,payment-service,Health check passed,67,200,False
2026-04-30 00:53:41.978257,WARNING,auth-service,Database query executed in 129ms,129,200,False
2026-04-30 00:56:17.978257,INFO,notification-service,Session created for user,468,200,False
2026-04-30 01:01:32.978257,WARNING,api-gateway,Order status updated,424,201,False
2026-04-30 01:18:58.978257,WARNING,notification-service,Session created for user,300,201,False
2026-04-30 01:24:25.978257,WARNING,api-gateway,Order status updated,487,201,False
2026-04-30 01:28:11.978257,INFO,inventory-service,Health check passed,142,201,False
2026-04-30 01:30:06.978257,WARNING,payment-service,Database query executed in 431ms,431,200,False
2026-04-30 01:31:38.978257,WARNING,payment-service,User authenticated,76,200,False
2026-04-30 01:32:14.978257,INFO,payment-service,Session created for user,419,200,False
2026-04-30 01:34:15.978257,INFO,auth-service,Database query executed in 179ms,179,201,False
2026-04-30 01:42:13.978257,WARNING,inventory-service,User authenticated,354,200,False
2026-04-30 01:42:57.978257,WARNING,notification-service,Session created for user,168,200,False
2026-04-30 01:43:39.978257,CRITICAL,payment-service,Unhandled exception in request pipeline,7210,503,True
2026-04-30 01:47:43.978257,WARNING,payment-service,Order status updated,52,200,False
2026-04-30 01:50:36.978257,INFO,auth-service,Session created for user,130,201,False
2026-04-30 01:57:36.978257,ERROR,auth-service,Database connection pool exhausted,3169,502,True
2026-04-30 02:01:09.978257,INFO,notification-service,User authenticated,412,201,False
2026-04-30 02:05:00.978257,WARNING,auth-service,Database query executed in 289ms,289,201,False
2026-04-30 02:08:13.978257,WARNING,api-gateway,User authenticated,494,200,False
2026-04-30 02:10:34.978257,WARNING,inventory-service,Order status updated,377,200,False
2026-04-30 02:15:15.978257,ERROR,notification-service,Database connection pool exhausted,4303,502,True
2026-04-30 02:23:44.978257,INFO,notification-service,Order status updated,185,200,False
2026-04-30 02:27:45.978257,WARNING,inventory-service,User authenticated,360,201,False
2026-04-30 02:33:15.978257,ERROR,inventory-service,Unhandled exception in request pipeline,7083,500,True
2026-04-30 02:43:56.978257,INFO,payment-service,Health check passed,342,200,False
2026-04-30 02:44:01.978257,WARNING,api-gateway,Request processed successfully,200,201,False
2026-04-30 02:45:17.978257,INFO,inventory-service,Database query executed in 492ms,492,201,False
2026-04-30 02:46:24.978257,WARNING,notification-service,Order status updated,284,200,False
2026-04-30 02:56:10.978257,WARNING,notification-service,Cache hit for key,183,201,False
2026-04-30 03:01:05.978257,WARNING,auth-service,Database query executed in 397ms,397,200,False
2026-04-30 03:02:47.978257,INFO,notification-service,Health check passed,139,201,False
2026-04-30 03:03:50.978257,INFO,payment-service,Session created for user,83,201,False
2026-04-30 03:12:19.978257,WARNING,notification-service,Order status updated,346,201,False
2026-04-30 03:20:34.978257,WARNING,payment-service,Order status updated,106,201,False
2026-04-30 03:29:33.978257,WARNING,payment-service,Health check passed,157,200,False
2026-04-30 03:32:26.978257,INFO,notification-service,Cache hit for key,236,200,False
2026-04-30 03:36:07.978257,INFO,inventory-service,Request processed successfully,417,200,False
2026-04-30 03:45:29.978257,INFO,notification-service,Order status updated,238,201,False
2026-04-30 03:46:06.978257,INFO,inventory-service,Session created for user,286,200,False
2026-04-30 03:47:52.978257,INFO,inventory-service,Health check passed,51,200,False
2026-04-30 03:56:34.978257,INFO,payment-service,User authenticated,147,200,False
2026-04-30 04:07:42.978257,WARNING,api-gateway,Cache hit for key,77,201,False
2026-04-30 04:08:12.978257,INFO,inventory-service,Health check passed,224,200,False
2026-04-30 04:11:32.978257,INFO,api-gateway,Database query executed in 249ms,249,200,False
2026-04-30 04:19:46.978257,WARNING,inventory-service,Session created for user,171,201,False
2026-04-30 04:20:16.978257,INFO,notification-service,User authenticated,406,200,False
2026-04-30 04:27:06.978257,WARNING,payment-service,Cache hit for key,204,200,False
2026-04-30 04:37:53.978257,WARNING,inventory-service,Session created for user,382,201,False
2026-04-30 04:40:08.978257,WARNING,notification-service,Cache hit for key,330,201,False
2026-04-30 04:42:27.978257,WARNING,payment-service,Order status updated,338,201,False
2026-04-30 04:52:30.978257,INFO,auth-service,Session created for user,373,201,False
2026-04-30 04:53:53.978257,INFO,inventory-service,Cache hit for key,491,200,False
2026-04-30 04:59:40.978257,INFO,inventory-service,Order status updated,486,200,False
2026-04-30 05:01:27.978257,INFO,notification-service,Order status updated,118,201,False
2026-04-30 05:12:27.978257,INFO,notification-service,Request processed successfully,100,201,False
2026-04-30 05:12:47.978257,CRITICAL,auth-service,Connection timeout after 8462ms,8462,502,True
2026-04-30 05:14:12.978257,WARNING,notification-service,Health check passed,284,200,False
2026-04-30 05:19:00.978257,INFO,notification-service,Database query executed in 270ms,270,200,False
2026-04-30 05:21:52.978257,INFO,auth-service,Order status updated,284,201,False
2026-04-30 05:24:04.978257,WARNING,notification-service,Order status updated,89,201,False
2026-04-30 05:37:30.978257,WARNING,payment-service,Request processed successfully,498,200,False
2026-04-30 05:46:55.978257,INFO,inventory-service,Database query executed in 365ms,365,201,False
2026-04-30 05:50:48.978257,WARNING,inventory-service,User authenticated,98,200,False
2026-04-30 05:52:51.978257,INFO,inventory-service,Order status updated,213,201,False
2026-04-30 05:54:00.978257,WARNING,inventory-service,Database query executed in 302ms,302,201,False
2026-04-30 05:54:50.978257,WARNING,inventory-service,Order status updated,349,200,False
2026-04-30 06:00:41.978257,WARNING,inventory-service,Session created for user,307,201,False
2026-04-30 06:09:48.978257,WARNING,api-gateway,Health check passed,394,201,False
2026-04-30 06:12:14.978257,ERROR,payment-service,Memory usage exceeded threshold,5894,503,True
2026-04-30 06:15:44.978257,INFO,payment-service,Cache hit for key,324,201,False
2026-04-30 06:23:11.978257,WARNING,api-gateway,Database query executed in 235ms,235,201,False
2026-04-30 06:27:44.978257,WARNING,inventory-service,Database query executed in 371ms,371,201,False
2026-04-30 06:29:18.978257,WARNING,notification-service,Health check passed,252,200,False
2026-04-30 06:29:21.978257,WARNING,api-gateway,Session created for user,194,201,False
2026-04-30 06:33:22.978257,INFO,notification-service,Database query executed in 168ms,168,200,False
2026-04-30 06:33:47.978257,ERROR,payment-service,Memory usage exceeded threshold,5726,503,True
2026-04-30 06:37:39.978257,INFO,payment-service,Database query executed in 107ms,107,200,False
2026-04-30 06:37:42.978257,WARNING,payment-service,Cache hit for key,411,201,False
2026-04-30 06:53:28.978257,INFO,inventory-service,Order status updated,485,200,False
2026-04-30 06:54:49.978257,INFO,notification-service,Database query executed in 90ms,90,201,False
2026-04-30 06:59:05.978257,INFO,notification-service,Order status updated,489,201,False
2026-04-30 07:00:26.978257,INFO,auth-service,Session created for user,333,200,False
2026-04-30 07:05:47.978257,WARNING,notification-service,Cache hit for key,69,201,False
2026-04-30 07:11:55.978257,WARNING,auth-service,User authenticated,366,200,False
2026-04-30 07:14:39.978257,WARNING,inventory-service,Request processed successfully,428,200,False
2026-04-30 07:14:46.978257,INFO,auth-service,Cache hit for key,371,200,False
2026-04-30 07:24:29.978257,CRITICAL,api-gateway,Database connection pool exhausted,4559,503,True
2026-04-30 07:28:42.978257,INFO,payment-service,User authenticated,439,201,False
2026-04-30 07:43:56.978257,INFO,inventory-service,Request processed successfully,161,200,False
2026-04-30 07:44:51.978257,ERROR,auth-service,Service unreachable after 3 retries,8011,503,True
2026-04-30 07:46:32.978257,INFO,payment-service,Cache hit for key,465,201,False
2026-04-30 07:48:34.978257,WARNING,api-gateway,Session created for user,259,200,False
2026-04-30 07:56:43.978257,WARNING,inventory-service,Health check passed,288,201,False
2026-04-30 07:58:23.978257,INFO,notification-service,Order status updated,500,200,False
2026-04-30 07:58:27.978257,WARNING,notification-service,Request processed successfully,175,201,False
2026-04-30 07:58:43.978257,INFO,payment-service,User authenticated,384,201,False
2026-04-30 08:12:13.978257,WARNING,api-gateway,Health check passed,179,201,False
2026-04-30 08:14:29.978257,WARNING,notification-service,Health check passed,485,201,False
2026-04-30 08:21:14.978257,WARNING,payment-service,Database query executed in 425ms,425,201,False
2026-04-30 08:24:23.978257,INFO,notification-service,Order status updated,389,200,False
2026-04-30 08:33:33.978257,WARNING,api-gateway,Request processed successfully,276,201,False
2026-04-30 08:48:56.978257,INFO,inventory-service,Order status updated,472,201,False
2026-04-30 08:54:42.978257,WARNING,api-gateway,Order status updated,451,201,False
2026-04-30 09:06:56.978257,INFO,notification-service,Session created for user,201,200,False
2026-04-30 09:07:08.978257,INFO,api-gateway,User authenticated,102,200,False
2026-04-30 09:07:14.978257,INFO,notification-service,Cache hit for key,219,201,False
2026-04-30 09:08:00.978257,INFO,notification-service,Session created for user,481,200,False
2026-04-30 09:10:07.978257,WARNING,auth-service,User authenticated,299,200,False
2026-04-30 09:10:38.978257,INFO,auth-service,Cache hit for key,455,201,False
2026-04-30 09:13:07.978257,CRITICAL,auth-service,Database connection pool exhausted,2545,503,True
2026-04-30 09:13:21.978257,INFO,inventory-service,Cache hit for key,421,200,False
2026-04-30 09:15:37.978257,INFO,auth-service,Order status updated,77,201,False
2026-04-30 09:19:44.978257,INFO,auth-service,Request processed successfully,157,200,False
2026-04-30 09:20:14.978257,INFO,payment-service,Health check passed,286,201,False
2026-04-30 09:22:42.978257,CRITICAL,notification-service,Database connection pool exhausted,6141,503,True
2026-04-30 09:27:01.978257,WARNING,api-gateway,Cache hit for key,326,200,False
2026-04-30 09:30:02.978257,WARNING,notification-service,Order status updated,272,200,False
2026-04-30 09:41:37.978257,WARNING,inventory-service,Session created for user,77,200,False
2026-04-30 09:46:13.978257,WARNING,notification-service,Session created for user,125,200,False
2026-04-30 09:47:01.978257,WARNING,notification-service,Database query executed in 125ms,125,200,False
2026-04-30 09:48:38.978257,WARNING,payment-service,Order status updated,212,200,False
2026-04-30 09:52:53.978257,WARNING,auth-service,Request processed successfully,169,200,False
2026-04-30 09:54:16.978257,WARNING,notification-service,Session created for user,228,200,False
2026-04-30 09:56:40.978257,WARNING,inventory-service,Health check passed,333,200,False
2026-04-30 10:05:46.978257,INFO,api-gateway,Database query executed in 399ms,399,200,False
2026-04-30 10:09:12.978257,INFO,inventory-service,Session created for user,70,201,False
2026-04-30 10:11:22.978257,WARNING,inventory-service,Health check passed,86,200,False
2026-04-30 10:19:09.978257,CRITICAL,payment-service,Database connection pool exhausted,6004,500,True
2026-04-30 10:50:36.978257,CRITICAL,notification-service,Database connection pool exhausted,6513,500,True
2026-04-30 10:59:48.978257,WARNING,api-gateway,Health check passed,264,200,False
2026-04-30 11:06:41.978257,CRITICAL,api-gateway,Connection timeout after 2041ms,2041,500,True
2026-04-30 11:07:31.978257,INFO,payment-service,Health check passed,214,201,False
2026-04-30 11:08:32.978257,INFO,payment-service,User authenticated,284,201,False
2026-04-30 11:22:11.978257,WARNING,payment-service,User authenticated,392,200,False
2026-04-30 11:23:26.978257,INFO,auth-service,Database query executed in 304ms,304,200,False
2026-04-30 11:23:43.978257,WARNING,inventory-service,Cache hit for key,480,201,False
2026-04-30 11:27:19.978257,INFO,notification-service,Health check passed,350,200,False
2026-04-30 11:29:22.978257,WARNING,inventory-service,Session created for user,268,200,False
2026-04-30 11:35:15.978257,WARNING,payment-service,Session created for user,81,200,False
2026-04-30 11:35:49.978257,CRITICAL,payment-service,Database connection pool exhausted,4260,500,True
2026-04-30 11:35:50.978257,INFO,notification-service,Request processed successfully,390,201,False
2026-04-30 11:39:51.978257,INFO,inventory-service,Order status updated,489,201,False
2026-04-30 11:52:51.978257,WARNING,auth-service,Health check passed,356,200,False
2026-04-30 11:55:17.978257,WARNING,payment-service,Request processed successfully,138,201,False
2026-04-30 12:00:51.978257,INFO,notification-service,Session created for user,59,201,False
2026-04-30 12:04:05.978257,WARNING,auth-service,Request processed successfully,108,200,False
2026-04-30 12:04:09.978257,INFO,payment-service,Cache hit for key,253,200,False
2026-04-30 12:07:59.978257,CRITICAL,notification-service,Memory usage exceeded threshold,2094,502,True
2026-04-30 12:12:46.978257,WARNING,payment-service,Health check passed,439,200,False
2026-04-30 12:13:36.978257,INFO,notification-service,Health check passed,195,201,False
2026-04-30 12:14:28.978257,CRITICAL,api-gateway,Database connection pool exhausted,2614,502,True
2026-04-30 12:15:39.978257,INFO,api-gateway,Request processed successfully,498,200,False
2026-04-30 12:21:21.978257,INFO,inventory-service,Request processed successfully,287,201,False
2026-04-30 12:22:44.978257,WARNING,notification-service,Cache hit for key,256,200,False
2026-04-30 12:32:50.978257,CRITICAL,api-gateway,Database connection pool exhausted,3609,500,True
2026-04-30 12:44:56.978257,ERROR,notification-service,Database connection pool exhausted,3792,503,True
2026-04-30 12:47:44.978257,WARNING,payment-service,Session created for user,167,200,False
2026-04-30 13:05:04.978257,WARNING,notification-service,Health check passed,292,201,False
2026-04-30 13:05:18.978257,WARNING,api-gateway,Cache hit for key,121,200,False
2026-04-30 13:10:39.978257,WARNING,notification-service,Health check passed,303,201,False
2026-04-30 13:18:33.978257,INFO,api-gateway,Database query executed in 62ms,62,200,False
2026-04-30 13:18:40.978257,WARNING,payment-service,User authenticated,181,200,False
2026-04-30 13:19:57.978257,WARNING,inventory-service,Order status updated,250,200,False
2026-04-30 13:44:46.978257,WARNING,api-gateway,Session created for user,268,201,False
2026-04-30 13:45:10.978257,CRITICAL,api-gateway,Database connection pool exhausted,2631,502,True
2026-04-30 13:45:49.978257,INFO,api-gateway,User authenticated,187,201,False
2026-04-30 14:03:39.978257,WARNING,api-gateway,Order status updated,198,200,False
2026-04-30 14:03:45.978257,INFO,notification-service,Order status updated,174,200,False
2026-04-30 14:15:16.978257,WARNING,payment-service,Request processed successfully,276,201,False
2026-04-30 14:25:01.978257,WARNING,notification-service,Session created for user,149,200,False
2026-04-30 14:26:53.978257,INFO,inventory-service,Request processed successfully,363,201,False
2026-04-30 14:28:08.978257,INFO,auth-service,Order status updated,446,200,False
2026-04-30 14:28:17.978257,ERROR,auth-service,Unhandled exception in request pipeline,7594,500,True
2026-04-30 14:32:07.978257,WARNING,auth-service,Database query executed in 358ms,358,200,False
2026-04-30 14:32:24.978257,INFO,api-gateway,Health check passed,480,200,False
2026-04-30 14:33:43.978257,INFO,inventory-service,Session created for user,273,201,False
2026-04-30 14:36:11.978257,WARNING,payment-service,User authenticated,394,200,False
2026-04-30 14:38:33.978257,INFO,inventory-service,Health check passed,239,200,False
2026-04-30 14:38:42.978257,INFO,payment-service,Database query executed in 218ms,218,200,False
2026-04-30 14:39:22.978257,WARNING,auth-service,Order status updated,465,200,False
2026-04-30 14:40:40.978257,CRITICAL,inventory-service,Database connection pool exhausted,6460,503,True
2026-04-30 14:44:29.978257,WARNING,payment-service,Order status updated,297,200,False
2026-04-30 14:46:01.978257,INFO,api-gateway,Order status updated,213,200,False
2026-04-30 14:46:47.978257,INFO,inventory-service,Health check passed,146,200,False
2026-04-30 15:00:16.978257,WARNING,api-gateway,User authenticated,477,201,False
2026-04-30 15:01:43.978257,INFO,notification-service,Database query executed in 95ms,95,201,False
2026-04-30 15:03:16.978257,WARNING,payment-service,Health check passed,447,201,False
2026-04-30 15:03:42.978257,WARNING,api-gateway,Session created for user,152,200,False
2026-04-30 15:05:33.978257,INFO,inventory-service,Cache hit for key,259,200,False
2026-04-30 15:06:55.978257,INFO,payment-service,Request processed successfully,116,200,False
2026-04-30 15:10:40.978257,INFO,payment-service,Database query executed in 154ms,154,201,False
2026-04-30 15:14:33.978257,WARNING,inventory-service,Database query executed in 302ms,302,201,False
2026-04-30 15:20:38.978257,INFO,auth-service,Health check passed,423,201,False
2026-04-30 15:24:38.978257,INFO,api-gateway,Request processed successfully,103,200,False
2026-04-30 15:26:35.978257,WARNING,auth-service,User authenticated,74,200,False
2026-04-30 15:33:25.978257,INFO,api-gateway,Order status updated,68,200,False
2026-04-30 15:35:20.978257,INFO,auth-service,Order status updated,438,201,False
2026-04-30 15:46:04.978257,INFO,payment-service,Database query executed in 57ms,57,200,False
2026-04-30 15:48:41.978257,WARNING,inventory-service,Health check passed,321,200,False
2026-04-30 15:51:35.978257,WARNING,notification-service,Order status updated,441,201,False
2026-04-30 15:52:07.978257,ERROR,auth-service,Service unreachable after 3 retries,6620,503,True
2026-04-30 15:54:38.978257,WARNING,api-gateway,Request processed successfully,471,200,False
2026-04-30 16:02:56.978257,WARNING,notification-service,Session created for user,333,201,False
2026-04-30 16:14:01.978257,WARNING,notification-service,Request processed successfully,91,201,False
2026-04-30 16:14:52.978257,WARNING,auth-service,Session created for user,146,200,False
2026-04-30 16:18:15.978257,INFO,inventory-service,Database query executed in 443ms,443,200,False
2026-04-30 16:19:04.978257,ERROR,api-gateway,Unhandled exception in request pipeline,3356,500,True
2026-04-30 16:22:22.978257,WARNING,api-gateway,Database query executed in 244ms,244,201,False
2026-04-30 16:25:18.978257,WARNING,api-gateway,Session created for user,74,200,False
2026-04-30 16:32:11.978257,INFO,api-gateway,Cache hit for key,384,200,False
2026-04-30 16:43:38.978257,INFO,inventory-service,Database query executed in 400ms,400,201,False
2026-04-30 16:54:02.978257,ERROR,inventory-service,Unhandled exception in request pipeline,2274,502,True
2026-04-30 17:02:43.978257,INFO,inventory-service,Order status updated,190,201,False
2026-04-30 17:12:13.978257,WARNING,auth-service,Session created for user,391,201,False
2026-04-30 17:16:30.978257,WARNING,notification-service,Health check passed,222,200,False
2026-04-30 17:20:16.978257,INFO,inventory-service,Session created for user,96,201,False
2026-04-30 17:30:41.978257,WARNING,api-gateway,Session created for user,233,201,False
2026-04-30 17:51:04.978257,INFO,payment-service,Database query executed in 333ms,333,201,False
2026-04-30 17:51:22.978257,WARNING,auth-service,Order status updated,164,201,False
2026-04-30 18:02:00.978257,INFO,payment-service,Request processed successfully,412,200,False
2026-04-30 18:10:30.978257,INFO,api-gateway,Order status updated,213,200,False
2026-04-30 18:12:08.978257,INFO,notification-service,Cache hit for key,400,200,False
2026-04-30 18:16:56.978257,WARNING,auth-service,Database query executed in 396ms,396,201,False
2026-04-30 18:18:23.978257,INFO,inventory-service,Cache hit for key,227,200,False
2026-04-30 18:18:45.978257,INFO,api-gateway,Order status updated,89,200,False
2026-04-30 18:30:54.978257,INFO,payment-service,Order status updated,388,201,False
2026-04-30 18:35:37.978257,WARNING,inventory-service,Database query executed in 323ms,323,200,False
2026-04-30 18:37:28.978257,INFO,payment-service,Cache hit for key,227,201,False
2026-04-30 18:40:05.978257,WARNING,inventory-service,Order status updated,68,201,False
2026-04-30 18:41:04.978257,WARNING,payment-service,User authenticated,268,201,False
2026-04-30 18:59:56.978257,INFO,inventory-service,User authenticated,78,200,False
2026-04-30 19:02:54.978257,WARNING,payment-service,Session created for user,164,201,False
2026-04-30 19:03:53.978257,WARNING,notification-service,Order status updated,89,200,False
2026-04-30 19:08:04.978257,WARNING,payment-service,Session created for user,95,201,False
2026-04-30 19:08:40.978257,INFO,payment-service,Health check passed,129,201,False
2026-04-30 19:12:07.978257,INFO,auth-service,Request processed successfully,100,200,False
2026-04-30 19:15:43.978257,ERROR,payment-service,Database connection pool exhausted,2813,502,True
2026-04-30 19:19:04.978257,INFO,notification-service,Session created for user,104,200,False
2026-04-30 19:20:24.978257,WARNING,inventory-service,Health check passed,233,200,False
2026-04-30 19:23:37.978257,INFO,payment-service,Cache hit for key,136,200,False
2026-04-30 19:29:26.978257,WARNING,auth-service,Health check passed,254,201,False
2026-04-30 19:33:33.978257,INFO,auth-service,Database query executed in 154ms,154,200,False
2026-04-30 19:42:08.978257,INFO,inventory-service,Request processed successfully,329,201,False
2026-04-30 19:43:24.978257,WARNING,auth-service,Order status updated,194,200,False
2026-04-30 19:47:35.978257,INFO,inventory-service,Session created for user,129,201,False
2026-04-30 19:47:57.978257,WARNING,auth-service,Health check passed,111,200,False
2026-04-30 19:50:13.978257,INFO,api-gateway,Health check passed,206,201,False
2026-04-30 19:53:07.978257,WARNING,inventory-service,Request processed successfully,160,200,False
2026-04-30 19:53:30.978257,INFO,inventory-service,Request processed successfully,59,201,False
2026-04-30 20:02:30.978257,WARNING,notification-service,Health check passed,112,201,False
2026-04-30 20:08:09.978257,WARNING,inventory-service,Cache hit for key,102,201,False
2026-04-30 20:12:55.978257,ERROR,auth-service,Database connection pool exhausted,6499,503,True
2026-04-30 20:18:48.978257,WARNING,payment-service,Database query executed in 209ms,209,201,False
2026-04-30 20:24:35.978257,WARNING,payment-service,Request processed successfully,281,201,False
2026-04-30 20:27:13.978257,WARNING,inventory-service,Health check passed,332,201,False
2026-04-30 20:28:39.978257,ERROR,notification-service,Memory usage exceeded threshold,5912,502,True
2026-04-30 20:30:06.978257,INFO,notification-service,Cache hit for key,318,200,False
2026-04-30 20:31:30.978257,CRITICAL,notification-service,Database connection pool exhausted,5246,500,True
2026-04-30 20:37:21.978257,INFO,payment-service,Cache hit for key,363,200,False
2026-04-30 20:38:06.978257,WARNING,notification-service,User authenticated,428,201,False
2026-04-30 20:41:19.978257,WARNING,api-gateway,User authenticated,147,201,False
2026-04-30 20:46:55.978257,INFO,notification-service,Order status updated,128,200,False
2026-04-30 21:03:18.978257,INFO,payment-service,Session created for user,440,200,False
2026-04-30 21:08:18.978257,WARNING,payment-service,Request processed successfully,461,201,False
2026-04-30 21:09:45.978257,INFO,api-gateway,Health check passed,248,201,False
2026-04-30 21:27:42.978257,INFO,payment-service,Order status updated,443,201,False
2026-04-30 21:33:48.978257,INFO,notification-service,Session created for user,201,201,False
2026-04-30 21:37:38.978257,INFO,auth-service,Session created for user,474,201,False
2026-04-30 21:40:11.978257,ERROR,payment-service,Unhandled exception in request pipeline,3818,503,True
2026-04-30 21:42:57.978257,WARNING,api-gateway,Order status updated,405,200,False
2026-04-30 21:48:13.978257,WARNING,api-gateway,Session created for user,417,200,False
2026-04-30 21:49:19.978257,WARNING,api-gateway,Session created for user,260,201,False
2026-04-30 21:55:21.978257,INFO,api-gateway,Request processed successfully,468,201,False
2026-04-30 22:05:17.978257,INFO,notification-service,Request processed successfully,449,201,False
2026-04-30 22:06:43.978257,WARNING,payment-service,Cache hit for key,306,200,False
2026-04-30 22:13:34.978257,CRITICAL,inventory-service,Unhandled exception in request pipeline,8363,503,True
2026-04-30 22:19:39.978257,WARNING,auth-service,Session created for user,355,201,False
2026-04-30 22:34:13.978257,INFO,notification-service,User authenticated,217,200,False
2026-04-30 22:43:58.978257,ERROR,payment-service,Database connection pool exhausted,3077,500,True
2026-04-30 22:50:56.978257,INFO,api-gateway,Database query executed in 131ms,131,201,False
2026-04-30 23:04:17.978257,INFO,payment-service,Order status updated,120,201,False
2026-04-30 23:05:51.978257,INFO,notification-service,Order status updated,285,201,False
2026-04-30 23:07:28.978257,WARNING,inventory-service,Database query executed in 310ms,310,201,False
2026-04-30 23:07:33.978257,WARNING,auth-service,User authenticated,162,201,False
2026-04-30 23:20:32.978257,INFO,inventory-service,Session created for user,162,201,False
2026-04-30 23:22:46.978257,ERROR,notification-service,Memory usage exceeded threshold,2415,502,True
2026-04-30 23:23:06.978257,INFO,payment-service,Health check passed,162,200,False
2026-04-30 23:25:27.978257,INFO,api-gateway,Order status updated,153,200,False
2026-04-30 23:25:53.978257,WARNING,inventory-service,Session created for user,408,201,False
2026-04-30 23:35:51.978257,WARNING,inventory-service,Health check passed,241,201,False
2026-04-30 23:48:11.978257,WARNING,auth-service,Database query executed in 108ms,108,201,False
2026-04-30 23:49:14.978257,WARNING,auth-service,Health check passed,87,201,False
2026-04-30 23:49:32.978257,CRITICAL,auth-service,Memory usage exceeded threshold,5882,503,True
2026-04-30 23:53:17.978257,INFO,inventory-service,Order status updated,317,200,False
2026-04-30 23:54:42.978257,INFO,payment-service,Request processed successfully,241,200,False
2026-05-01 00:03:37.978257,WARNING,auth-service,User authenticated,145,200,False
2026-05-01 00:04:27.978257,WARNING,notification-service,Cache hit for key,405,201,False
2026-05-01 00:05:17.978257,WARNING,auth-service,Database query executed in 112ms,112,200,False
2026-05-01 00:15:10.978257,INFO,notification-service,Order status updated,275,201,False
2026-05-01 00:26:58.978257,WARNING,payment-service,Health check passed,252,201,False
2026-05-01 00:29:36.978257,INFO,auth-service,Health check passed,207,201,False
2026-05-01 00:33:08.978257,INFO,auth-service,Session created for user,220,201,False
2026-05-01 00:34:48.978257,WARNING,notification-service,Request processed successfully,371,201,False
2026-05-01 00:35:14.978257,WARNING,api-gateway,Order status updated,211,201,False
2026-05-01 00:36:34.978257,INFO,inventory-service,Health check passed,86,200,False
2026-05-01 00:59:05.978257,WARNING,api-gateway,User authenticated,255,201,False
2026-05-01 00:59:12.978257,WARNING,payment-service,Order status updated,170,201,False
2026-05-01 01:06:36.978257,WARNING,payment-service,Database query executed in 431ms,431,200,False
2026-05-01 01:08:21.978257,WARNING,inventory-service,User authenticated,326,200,False
2026-05-01 01:19:45.978257,WARNING,payment-service,Cache hit for key,422,200,False
2026-05-01 01:25:50.978257,WARNING,notification-service,User authenticated,392,201,False
2026-05-01 01:27:36.978257,WARNING,inventory-service,Health check passed,206,200,False
2026-05-01 01:38:46.978257,WARNING,notification-service,User authenticated,337,200,False
2026-05-01 01:41:47.978257,WARNING,inventory-service,Request processed successfully,123,200,False
2026-05-01 01:50:21.978257,INFO,api-gateway,Order status updated,136,201,False
2026-05-01 01:54:07.978257,INFO,inventory-service,Order status updated,243,201,False
2026-05-01 01:55:20.978257,ERROR,notification-service,Database connection pool exhausted,4009,502,True
2026-05-01 01:56:43.978257,WARNING,api-gateway,User authenticated,165,200,False
2026-05-01 01:59:05.978257,WARNING,auth-service,Health check passed,217,200,False
2026-05-01 01:59:51.978257,INFO,notification-service,User authenticated,244,201,False
2026-05-01 02:02:34.978257,WARNING,payment-service,Order status updated,129,200,False
2026-05-01 02:05:56.978257,INFO,api-gateway,Database query executed in 285ms,285,200,False
2026-05-01 02:13:22.978257,WARNING,auth-service,Order status updated,98,201,False
2026-05-01 02:15:26.978257,INFO,auth-service,Cache hit for key,233,200,False
2026-05-01 02:16:11.978257,CRITICAL,api-gateway,Service unreachable after 3 retries,7664,502,True
2026-05-01 02:18:43.978257,INFO,notification-service,User authenticated,449,201,False
2026-05-01 02:20:05.978257,INFO,payment-service,Database query executed in 395ms,395,200,False
2026-05-01 02:21:36.978257,WARNING,inventory-service,Health check passed,427,201,False
2026-05-01 02:23:31.978257,WARNING,payment-service,Health check passed,237,201,False
2026-05-01 02:28:02.978257,INFO,inventory-service,Request processed successfully,499,200,False
2026-05-01 02:28:31.978257,WARNING,notification-service,Session created for user,209,201,False
2026-05-01 02:42:27.978257,INFO,inventory-service,Cache hit for key,67,201,False
2026-05-01 02:49:43.978257,INFO,payment-service,Order status updated,290,200,False
2026-05-01 02:50:25.978257,WARNING,notification-service,User authenticated,111,200,False
2026-05-01 02:52:11.978257,CRITICAL,api-gateway,Memory usage exceeded threshold,2952,502,True
2026-05-01 02:52:34.978257,INFO,notification-service,Health check passed,495,200,False
2026-05-01 02:53:23.978257,CRITICAL,api-gateway,Unhandled exception in request pipeline,5358,503,True
2026-05-01 02:53:25.978257,INFO,auth-service,Order status updated,380,200,False
2026-05-01 02:55:38.978257,WARNING,payment-service,Cache hit for key,268,200,False
2026-05-01 02:57:12.978257,ERROR,notification-service,Service unreachable after 3 retries,6322,503,True
2026-05-01 03:00:01.978257,INFO,notification-service,User authenticated,178,201,False
2026-05-01 03:02:36.978257,WARNING,payment-service,Session created for user,325,201,False
2026-05-01 03:05:22.978257,WARNING,api-gateway,User authenticated,64,200,False
2026-05-01 03:06:36.978257,INFO,inventory-service,Cache hit for key,86,200,False
2026-05-01 03:10:28.978257,WARNING,notification-service,Health check passed,486,201,False
2026-05-01 03:10:40.978257,WARNING,notification-service,User authenticated,393,200,False
2026-05-01 03:13:05.978257,WARNING,api-gateway,Database query executed in 60ms,60,200,False
2026-05-01 03:14:20.978257,INFO,payment-service,Database query executed in 224ms,224,201,False
2026-05-01 03:15:35.978257,WARNING,auth-service,User authenticated,369,200,False
2026-05-01 03:34:29.978257,INFO,inventory-service,User authenticated,226,200,False
2026-05-01 03:40:58.978257,INFO,auth-service,Database query executed in 284ms,284,200,False
2026-05-01 03:43:36.978257,INFO,notification-service,User authenticated,76,201,False
2026-05-01 03:54:24.978257,WARNING,notification-service,Request processed successfully,389,200,False
2026-05-01 03:57:55.978257,WARNING,payment-service,Database query executed in 381ms,381,201,False
2026-05-01 04:06:38.978257,CRITICAL,api-gateway,Connection timeout after 3349ms,3349,503,True
2026-05-01 04:23:52.978257,WARNING,payment-service,Request processed successfully,195,200,False
2026-05-01 04:28:56.978257,CRITICAL,notification-service,Memory usage exceeded threshold,8914,502,True
2026-05-01 04:31:16.978257,WARNING,api-gateway,Health check passed,499,200,False
2026-05-01 04:31:34.978257,WARNING,inventory-service,Order status updated,219,201,False
2026-05-01 04:31:51.978257,INFO,api-gateway,User authenticated,336,201,False
2026-05-01 04:33:48.978257,WARNING,api-gateway,Health check passed,430,200,False
2026-05-01 04:34:02.978257,WARNING,payment-service,Order status updated,205,200,False
2026-05-01 04:39:03.978257,INFO,payment-service,Order status updated,211,201,False
2026-05-01 04:43:52.978257,CRITICAL,api-gateway,Connection timeout after 7954ms,7954,500,True
2026-05-01 04:55:40.978257,WARNING,notification-service,Cache hit for key,353,200,False
2026-05-01 05:02:03.978257,INFO,auth-service,Order status updated,237,201,False
2026-05-01 05:03:13.978257,WARNING,payment-service,Order status updated,341,200,False
2026-05-01 05:03:36.978257,INFO,inventory-service,User authenticated,390,200,False
2026-05-01 05:10:28.978257,WARNING,inventory-service,Session created for user,67,201,False
2026-05-01 05:13:23.978257,WARNING,auth-service,Request processed successfully,60,200,False
2026-05-01 05:13:36.978257,WARNING,notification-service,Order status updated,285,201,False
2026-05-01 05:15:35.978257,WARNING,inventory-service,Health check passed,435,201,False
2026-05-01 05:16:03.978257,INFO,notification-service,Session created for user,58,200,False
2026-05-01 05:21:36.978257,INFO,payment-service,Database query executed in 391ms,391,200,False
2026-05-01 05:23:33.978257,WARNING,inventory-service,Session created for user,236,200,False
2026-05-01 05:27:07.978257,WARNING,auth-service,Session created for user,373,201,False
2026-05-01 05:28:32.978257,INFO,inventory-service,Order status updated,376,201,False
2026-05-01 05:37:39.978257,CRITICAL,notification-service,Unhandled exception in request pipeline,6720,502,True
2026-05-01 05:44:11.978257,INFO,inventory-service,Request processed successfully,495,201,False
2026-05-01 05:45:53.978257,CRITICAL,api-gateway,Memory usage exceeded threshold,6727,503,True
2026-05-01 05:53:03.978257,CRITICAL,inventory-service,Unhandled exception in request pipeline,2793,500,True
2026-05-01 06:02:47.978257,WARNING,payment-service,Cache hit for key,235,200,False
2026-05-01 06:03:52.978257,WARNING,api-gateway,User authenticated,300,200,False
2026-05-01 06:10:39.978257,CRITICAL,api-gateway,Service unreachable after 3 retries,5642,500,True
2026-05-01 06:14:31.978257,INFO,payment-service,Health check passed,424,201,False
2026-05-01 06:18:58.978257,CRITICAL,auth-service,Service unreachable after 3 retries,7154,503,True
2026-05-01 06:19:29.978257,INFO,auth-service,Health check passed,137,200,False
2026-05-01 06:22:12.978257,INFO,auth-service,Order status updated,83,200,False
2026-05-01 06:26:30.978257,WARNING,api-gateway,Request processed successfully,384,201,False
2026-05-01 06:27:01.978257,WARNING,auth-service,Cache hit for key,486,200,False
2026-05-01 06:31:15.978257,INFO,api-gateway,Cache hit for key,261,200,False
2026-05-01 06:33:21.978257,INFO,auth-service,Request processed successfully,62,201,False
2026-05-01 06:35:57.978257,INFO,payment-service,User authenticated,406,200,False
2026-05-01 06:38:46.978257,INFO,api-gateway,Request processed successfully,310,201,False
2026-05-01 06:38:54.978257,WARNING,api-gateway,Order status updated,389,200,False
2026-05-01 06:43:41.978257,INFO,inventory-service,Order status updated,399,200,False
2026-05-01 06:44:33.978257,INFO,auth-service,User authenticated,456,200,False
2026-05-01 06:53:24.978257,INFO,payment-service,User authenticated,101,200,False
2026-05-01 06:55:24.978257,WARNING,inventory-service,Cache hit for key,499,201,False
2026-05-01 06:55:43.978257,WARNING,payment-service,Order status updated,307,201,False
2026-05-01 06:56:25.978257,INFO,notification-service,Cache hit for key,333,200,False
2026-05-01 07:05:33.978257,INFO,notification-service,Health check passed,327,200,False
2026-05-01 07:10:49.978257,INFO,notification-service,Session created for user,472,201,False
2026-05-01 07:13:40.978257,INFO,auth-service,Cache hit for key,389,201,False
2026-05-01 07:18:30.978257,INFO,api-gateway,Order status updated,232,200,False
2026-05-01 07:18:59.978257,INFO,notification-service,Cache hit for key,428,200,False
2026-05-01 07:22:12.978257,WARNING,auth-service,Session created for user,192,201,False
2026-05-01 07:28:41.978257,ERROR,inventory-service,Memory usage exceeded threshold,7018,502,True
2026-05-01 07:35:05.978257,INFO,notification-service,Order status updated,287,201,False
2026-05-01 07:36:51.978257,WARNING,auth-service,Request processed successfully,308,201,False
2026-05-01 07:37:01.978257,ERROR,payment-service,Connection timeout after 7544ms,7544,500,True
2026-05-01 07:37:53.978257,WARNING,inventory-service,Request processed successfully,354,201,False
2026-05-01 07:38:22.978257,INFO,inventory-service,Cache hit for key,456,201,False
2026-05-01 07:38:39.978257,INFO,payment-service,User authenticated,279,200,False
2026-05-01 07:40:16.978257,INFO,payment-service,Cache hit for key,276,201,False
2026-05-01 07:41:32.978257,INFO,inventory-service,Health check passed,140,201,False
2026-05-01 07:44:54.978257,INFO,api-gateway,Database query executed in 192ms,192,201,False
2026-05-01 07:47:45.978257,WARNING,payment-service,Database query executed in 212ms,212,200,False
2026-05-01 08:23:19.978257,INFO,inventory-service,Cache hit for key,52,201,False
2026-05-01 08:26:36.978257,WARNING,payment-service,User authenticated,137,200,False
2026-05-01 08:27:42.978257,INFO,auth-service,Cache hit for key,218,201,False
2026-05-01 08:30:48.978257,INFO,inventory-service,Cache hit for key,299,201,False
2026-05-01 08:34:52.978257,WARNING,notification-service,Session created for user,191,200,False
2026-05-01 08:35:11.978257,INFO,api-gateway,Cache hit for key,251,200,False
2026-05-01 08:37:58.978257,WARNING,auth-service,Database query executed in 499ms,499,200,False
2026-05-01 08:42:43.978257,WARNING,notification-service,Database query executed in 493ms,493,201,False
2026-05-01 08:46:57.978257,WARNING,inventory-service,Request processed successfully,201,200,False
2026-05-01 08:49:38.978257,WARNING,api-gateway,Request processed successfully,292,200,False
2026-05-01 08:51:12.978257,INFO,notification-service,Database query executed in 131ms,131,201,False
2026-05-01 08:56:35.978257,INFO,api-gateway,Health check passed,105,200,False
2026-05-01 09:13:56.978257,WARNING,inventory-service,Cache hit for key,178,200,False
2026-05-01 09:13:56.978257,INFO,notification-service,Database query executed in 278ms,278,201,False
2026-05-01 09:16:10.978257,WARNING,api-gateway,Request processed successfully,433,201,False
2026-05-01 09:18:44.978257,INFO,notification-service,Session created for user,377,201,False
2026-05-01 09:38:44.978257,WARNING,inventory-service,Cache hit for key,475,201,False
2026-05-01 09:46:12.978257,INFO,auth-service,Health check passed,61,200,False
2026-05-01 09:49:08.978257,INFO,inventory-service,Cache hit for key,305,200,False
2026-05-01 10:02:37.978257,WARNING,auth-service,User authenticated,455,200,False
2026-05-01 10:06:28.978257,WARNING,notification-service,Cache hit for key,399,200,False
2026-05-01 10:06:49.978257,INFO,inventory-service,Cache hit for key,68,200,False
2026-05-01 10:07:02.978257,INFO,notification-service,User authenticated,75,200,False
2026-05-01 10:10:23.978257,WARNING,api-gateway,Cache hit for key,102,200,False
2026-05-01 10:10:30.978257,INFO,notification-service,Order status updated,185,201,False
2026-05-01 10:12:00.978257,CRITICAL,notification-service,Service unreachable after 3 retries,6730,500,True
2026-05-01 10:14:48.978257,INFO,auth-service,User authenticated,319,201,False
2026-05-01 10:16:54.978257,WARNING,payment-service,Health check passed,260,200,False
2026-05-01 10:21:20.978257,WARNING,auth-service,Session created for user,312,200,False
2026-05-01 10:29:15.978257,WARNING,inventory-service,Order status updated,294,200,False
2026-05-01 10:34:12.978257,INFO,api-gateway,Session created for user,373,200,False
2026-05-01 10:46:06.978257,WARNING,notification-service,User authenticated,266,200,False
2026-05-01 10:46:54.978257,INFO,payment-service,User authenticated,153,200,False
2026-05-01 10:50:49.978257,ERROR,notification-service,Memory usage exceeded threshold,8721,500,True
2026-05-01 10:51:36.978257,WARNING,payment-service,Cache hit for key,226,201,False
2026-05-01 10:55:07.978257,WARNING,inventory-service,Health check passed,378,200,False
2026-05-01 10:55:17.978257,WARNING,notification-service,Session created for user,287,200,False
2026-05-01 11:02:00.978257,WARNING,api-gateway,Cache hit for key,218,200,False
2026-05-01 11:02:38.978257,INFO,inventory-service,Order status updated,330,201,False
2026-05-01 11:03:15.978257,WARNING,auth-service,User authenticated,393,201,False
2026-05-01 11:05:21.978257,WARNING,payment-service,Session created for user,406,200,False
2026-05-01 11:13:41.978257,INFO,api-gateway,Health check passed,268,201,False
2026-05-01 11:14:49.978257,INFO,auth-service,Cache hit for key,86,201,False
2026-05-01 11:22:25.978257,WARNING,inventory-service,Database query executed in 440ms,440,200,False
2026-05-01 11:27:31.978257,WARNING,auth-service,Health check passed,362,201,False
2026-05-01 11:33:03.978257,WARNING,notification-service,Session created for user,225,201,False
2026-05-01 11:34:41.978257,WARNING,payment-service,Cache hit for key,200,201,False
2026-05-01 11:36:23.978257,WARNING,payment-service,Request processed successfully,88,201,False
2026-05-01 11:38:44.978257,INFO,payment-service,Health check passed,237,201,False
2026-05-01 11:42:43.978257,WARNING,inventory-service,Database query executed in 420ms,420,200,False
2026-05-01 11:45:24.978257,CRITICAL,auth-service,Service unreachable after 3 retries,8523,503,True
2026-05-01 11:47:32.978257,INFO,api-gateway,Database query executed in 495ms,495,200,False
2026-05-01 11:48:20.978257,INFO,inventory-service,User authenticated,179,200,False
2026-05-01 11:48:33.978257,INFO,payment-service,User authenticated,113,201,False
2026-05-01 11:49:38.978257,INFO,auth-service,Session created for user,395,201,False
2026-05-01 11:50:29.978257,ERROR,inventory-service,Connection timeout after 3981ms,3981,500,True
2026-05-01 11:55:47.978257,WARNING,notification-service,Health check passed,169,200,False
2026-05-01 12:01:00.978257,WARNING,notification-service,Request processed successfully,55,201,False
2026-05-01 12:09:04.978257,ERROR,inventory-service,Unhandled exception in request pipeline,2040,500,True
2026-05-01 12:21:44.978257,WARNING,notification-service,Database query executed in 339ms,339,201,False
2026-05-01 12:30:28.978257,WARNING,notification-service,Health check passed,467,200,False
2026-05-01 12:44:51.978257,ERROR,auth-service,Unhandled exception in request pipeline,8286,503,True
2026-05-01 12:53:54.978257,WARNING,notification-service,User authenticated,390,200,False
2026-05-01 12:54:24.978257,INFO,notification-service,Cache hit for key,352,201,False
2026-05-01 12:57:51.978257,INFO,auth-service,Health check passed,491,200,False
2026-05-01 13:02:32.978257,WARNING,auth-service,Order status updated,104,200,False
2026-05-01 13:06:18.978257,ERROR,inventory-service,Memory usage exceeded threshold,8546,502,True
2026-05-01 13:21:31.978257,INFO,auth-service,Cache hit for key,117,200,False
2026-05-01 13:24:01.978257,INFO,payment-service,Order status updated,320,201,False
2026-05-01 13:24:07.978257,ERROR,auth-service,Connection timeout after 8272ms,8272,502,True
2026-05-01 13:33:23.978257,INFO,inventory-service,Cache hit for key,180,201,False
2026-05-01 13:38:36.978257,WARNING,inventory-service,Session created for user,213,200,False
2026-05-01 13:39:35.978257,WARNING,api-gateway,Cache hit for key,472,201,False
2026-05-01 13:50:38.978257,INFO,notification-service,User authenticated,69,201,False
2026-05-01 14:02:23.978257,WARNING,auth-service,Database query executed in 101ms,101,200,False
2026-05-01 14:09:37.978257,ERROR,api-gateway,Connection timeout after 5310ms,5310,502,True
2026-05-01 14:10:32.978257,INFO,auth-service,Order status updated,289,200,False
2026-05-01 14:17:14.978257,WARNING,inventory-service,Request processed successfully,161,201,False
2026-05-01 14:23:05.978257,INFO,payment-service,Order status updated,382,200,False
2026-05-01 14:24:46.978257,INFO,api-gateway,Order status updated,257,201,False
2026-05-01 14:25:54.978257,WARNING,api-gateway,Order status updated,222,201,False
2026-05-01 14:35:44.978257,INFO,inventory-service,Database query executed in 262ms,262,201,False
2026-05-01 14:46:45.978257,WARNING,notification-service,Health check passed,215,200,False
2026-05-01 14:46:58.978257,CRITICAL,payment-service,Database connection pool exhausted,6712,502,True
2026-05-01 14:47:06.978257,INFO,notification-service,Health check passed,311,201,False
2026-05-01 14:47:42.978257,INFO,auth-service,Order status updated,409,200,False
2026-05-01 14:48:31.978257,INFO,api-gateway,Health check passed,345,201,False
2026-05-01 14:54:14.978257,INFO,inventory-service,Order status updated,334,201,False
2026-05-01 14:59:21.978257,INFO,auth-service,Order status updated,61,200,False
2026-05-01 15:03:41.978257,WARNING,api-gateway,User authenticated,96,201,False
2026-05-01 15:06:49.978257,INFO,auth-service,Request processed successfully,426,201,False
2026-05-01 15:15:57.978257,WARNING,payment-service,Order status updated,343,201,False
2026-05-01 15:17:40.978257,WARNING,notification-service,Health check passed,95,201,False
2026-05-01 15:23:22.978257,INFO,payment-service,Session created for user,463,200,False
2026-05-01 15:25:51.978257,WARNING,notification-service,Health check passed,462,200,False
2026-05-01 15:30:33.978257,INFO,inventory-service,User authenticated,420,201,False
2026-05-01 15:41:14.978257,INFO,api-gateway,Order status updated,438,201,False
2026-05-01 15:42:05.978257,WARNING,payment-service,Request processed successfully,437,201,False
2026-05-01 15:43:28.978257,INFO,auth-service,User authenticated,419,200,False
2026-05-01 15:48:04.978257,ERROR,notification-service,Unhandled exception in request pipeline,4278,503,True
2026-05-01 15:49:43.978257,INFO,notification-service,Order status updated,277,201,False
2026-05-01 15:52:33.978257,WARNING,payment-service,Request processed successfully,401,201,False
2026-05-01 15:55:30.978257,WARNING,inventory-service,Database query executed in 436ms,436,200,False
2026-05-01 15:59:16.978257,INFO,inventory-service,Cache hit for key,159,200,False
2026-05-01 16:02:21.978257,WARNING,inventory-service,Health check passed,321,201,False
2026-05-01 16:03:11.978257,WARNING,notification-service,Health check passed,272,201,False
2026-05-01 16:06:53.978257,INFO,payment-service,Session created for user,334,201,False
2026-05-01 16:08:00.978257,INFO,notification-service,Request processed successfully,222,201,False
2026-05-01 16:09:39.978257,INFO,auth-service,Database query executed in 205ms,205,200,False
2026-05-01 16:11:35.978257,INFO,notification-service,User authenticated,130,200,False
2026-05-01 16:14:04.978257,INFO,auth-service,Health check passed,290,200,False
2026-05-01 16:16:15.978257,WARNING,auth-service,Order status updated,68,201,False
2026-05-01 16:18:15.978257,WARNING,auth-service,Cache hit for key,471,201,False
2026-05-01 16:20:25.978257,INFO,api-gateway,User authenticated,270,200,False
2026-05-01 16:33:21.978257,CRITICAL,payment-service,Connection timeout after 6108ms,6108,503,True
2026-05-01 16:33:47.978257,WARNING,auth-service,Health check passed,459,200,False
2026-05-01 16:35:02.978257,INFO,inventory-service,Health check passed,421,201,False
2026-05-01 16:37:17.978257,INFO,auth-service,Session created for user,104,200,False
2026-05-01 16:39:39.978257,WARNING,notification-service,Request processed successfully,443,200,False
2026-05-01 16:40:25.978257,WARNING,auth-service,Request processed successfully,61,200,False
2026-05-01 16:40:55.978257,INFO,api-gateway,Health check passed,386,201,False
2026-05-01 16:48:28.978257,WARNING,inventory-service,Session created for user,413,200,False
2026-05-01 16:49:40.978257,INFO,inventory-service,User authenticated,468,201,False
2026-05-01 16:52:43.978257,INFO,inventory-service,Cache hit for key,135,201,False
2026-05-01 16:53:20.978257,INFO,notification-service,Health check passed,327,200,False
2026-05-01 17:06:19.978257,ERROR,payment-service,Memory usage exceeded threshold,3257,502,True
2026-05-01 17:14:46.978257,INFO,api-gateway,Health check passed,482,200,False
2026-05-01 17:16:40.978257,INFO,auth-service,Order status updated,241,200,False
2026-05-01 17:19:11.978257,INFO,inventory-service,Order status updated,118,201,False
2026-05-01 17:33:00.978257,INFO,notification-service,Session created for user,435,200,False
2026-05-01 17:33:31.978257,CRITICAL,api-gateway,Database connection pool exhausted,8923,500,True
2026-05-01 17:39:39.978257,CRITICAL,payment-service,Database connection pool exhausted,2002,502,True
2026-05-01 17:46:34.978257,WARNING,payment-service,Request processed successfully,454,200,False
2026-05-01 17:54:26.978257,CRITICAL,auth-service,Connection timeout after 7307ms,7307,503,True
2026-05-01 17:55:19.978257,INFO,payment-service,Database query executed in 327ms,327,200,False
2026-05-01 18:06:38.978257,WARNING,api-gateway,Order status updated,458,200,False
2026-05-01 18:08:52.978257,CRITICAL,inventory-service,Memory usage exceeded threshold,6736,503,True
2026-05-01 18:09:56.978257,INFO,auth-service,Request processed successfully,419,201,False
2026-05-01 18:12:55.978257,WARNING,auth-service,Session created for user,318,201,False
2026-05-01 18:13:22.978257,ERROR,notification-service,Unhandled exception in request pipeline,6134,503,True
2026-05-01 18:14:33.978257,WARNING,inventory-service,Database query executed in 52ms,52,201,False
2026-05-01 18:14:54.978257,WARNING,payment-service,Cache hit for key,142,201,False
2026-05-01 18:16:03.978257,WARNING,auth-service,Request processed successfully,187,200,False
2026-05-01 18:16:30.978257,INFO,inventory-service,User authenticated,208,201,False
2026-05-01 18:24:15.978257,WARNING,notification-service,Request processed successfully,328,201,False
2026-05-01 18:24:36.978257,WARNING,payment-service,Cache hit for key,122,201,False
2026-05-01 18:24:53.978257,INFO,inventory-service,Session created for user,88,201,False
2026-05-01 18:31:02.978257,WARNING,notification-service,Cache hit for key,432,201,False
2026-05-01 18:32:57.978257,INFO,auth-service,Request processed successfully,77,200,False
2026-05-01 18:35:04.978257,INFO,payment-service,Session created for user,86,200,False
2026-05-01 18:35:54.978257,WARNING,auth-service,Health check passed,91,201,False
2026-05-01 18:40:53.978257,INFO,notification-service,Cache hit for key,168,200,False
2026-05-01 18:43:58.978257,INFO,payment-service,Session created for user,340,200,False
2026-05-01 18:45:28.978257,INFO,notification-service,Cache hit for key,69,200,False
2026-05-01 18:45:51.978257,WARNING,notification-service,Order status updated,391,200,False
2026-05-01 18:46:39.978257,WARNING,auth-service,Health check passed,384,201,False
2026-05-01 18:59:36.978257,WARNING,api-gateway,Request processed successfully,462,201,False
2026-05-01 19:05:43.978257,WARNING,api-gateway,Cache hit for key,400,201,False
2026-05-01 19:14:42.978257,INFO,payment-service,User authenticated,221,201,False
2026-05-01 19:16:43.978257,WARNING,payment-service,Health check passed,340,201,False
2026-05-01 19:21:01.978257,WARNING,notification-service,Cache hit for key,56,201,False
2026-05-01 19:21:32.978257,INFO,inventory-service,Session created for user,423,200,False
2026-05-01 19:30:04.978257,INFO,api-gateway,Session created for user,328,200,False
2026-05-01 19:37:48.978257,ERROR,notification-service,Memory usage exceeded threshold,6477,503,True
2026-05-01 19:49:38.978257,CRITICAL,notification-service,Connection timeout after 8942ms,8942,500,True
2026-05-01 19:53:23.978257,WARNING,notification-service,Order status updated,63,201,False
2026-05-01 19:54:22.978257,WARNING,payment-service,Cache hit for key,144,201,False
2026-05-01 19:57:06.978257,INFO,inventory-service,Session created for user,355,200,False
2026-05-01 20:01:24.978257,CRITICAL,api-gateway,Connection timeout after 5632ms,5632,503,True
2026-05-01 20:07:32.978257,WARNING,api-gateway,User authenticated,388,200,False
2026-05-01 20:12:19.978257,WARNING,inventory-service,Database query executed in 182ms,182,201,False
2026-05-01 20:22:57.978257,INFO,inventory-service,Request processed successfully,176,201,False
2026-05-01 20:36:51.978257,INFO,inventory-service,User authenticated,386,200,False
2026-05-01 20:40:21.978257,INFO,api-gateway,Request processed successfully,340,201,False
2026-05-01 20:45:21.978257,WARNING,inventory-service,Health check passed,131,201,False
2026-05-01 20:45:50.978257,INFO,notification-service,Session created for user,176,200,False
2026-05-01 20:48:14.978257,WARNING,api-gateway,Health check passed,106,201,False
2026-05-01 20:53:49.978257,INFO,payment-service,User authenticated,82,201,False
2026-05-01 21:08:40.978257,WARNING,inventory-service,User authenticated,443,201,False
2026-05-01 21:09:03.978257,INFO,notification-service,Request processed successfully,454,200,False
2026-05-01 21:25:53.978257,WARNING,api-gateway,Request processed successfully,132,200,False
2026-05-01 21:27:27.978257,WARNING,inventory-service,Database query executed in 122ms,122,200,False
2026-05-01 21:29:11.978257,CRITICAL,auth-service,Connection timeout after 2944ms,2944,503,True
2026-05-01 21:31:01.978257,INFO,auth-service,Health check passed,107,200,False
2026-05-01 21:31:40.978257,WARNING,auth-service,User authenticated,310,200,False
2026-05-01 21:35:02.978257,INFO,auth-service,User authenticated,443,200,False
2026-05-01 21:38:51.978257,INFO,payment-service,Cache hit for key,280,200,False
2026-05-01 21:39:54.978257,ERROR,notification-service,Unhandled exception in request pipeline,5220,503,True
2026-05-01 21:56:53.978257,INFO,inventory-service,Health check passed,193,200,False
2026-05-01 21:57:09.978257,WARNING,notification-service,User authenticated,468,201,False
2026-05-01 22:00:14.978257,INFO,api-gateway,Database query executed in 284ms,284,201,False
2026-05-01 22:05:07.978257,WARNING,payment-service,Health check passed,460,200,False
2026-05-01 22:05:16.978257,INFO,inventory-service,Session created for user,404,201,False
2026-05-01 22:27:58.978257,WARNING,inventory-service,Health check passed,100,201,False
2026-05-01 22:36:00.978257,WARNING,api-gateway,Health check passed,158,201,False
2026-05-01 22:36:53.978257,WARNING,inventory-service,Cache hit for key,358,200,False
2026-05-01 22:37:19.978257,CRITICAL,api-gateway,Service unreachable after 3 retries,5173,503,True
2026-05-01 22:39:52.978257,INFO,api-gateway,Health check passed,416,200,False
2026-05-01 22:39:54.978257,WARNING,payment-service,Request processed successfully,62,200,False
2026-05-01 22:40:10.978257,INFO,inventory-service,Order status updated,303,200,False
2026-05-01 22:44:35.978257,WARNING,auth-service,Session created for user,228,200,False
2026-05-01 22:47:23.978257,WARNING,api-gateway,Health check passed,256,200,False
2026-05-01 23:02:22.978257,WARNING,auth-service,Request processed successfully,170,201,False
2026-05-01 23:02:25.978257,WARNING,payment-service,Cache hit for key,339,200,False
2026-05-01 23:04:47.978257,WARNING,payment-service,Request processed successfully,439,201,False
2026-05-01 23:13:48.978257,INFO,api-gateway,Request processed successfully,343,200,False
2026-05-01 23:15:32.978257,INFO,auth-service,User authenticated,210,200,False
2026-05-01 23:17:53.978257,INFO,auth-service,User authenticated,476,200,False
2026-05-01 23:19:37.978257,CRITICAL,inventory-service,Database connection pool exhausted,3380,502,True
2026-05-01 23:19:42.978257,WARNING,payment-service,Health check passed,98,201,False
2026-05-01 23:22:33.978257,INFO,api-gateway,Health check passed,464,201,False
2026-05-01 23:23:37.978257,INFO,payment-service,Request processed successfully,317,200,False
2026-05-01 23:32:46.978257,INFO,inventory-service,Database query executed in 132ms,132,201,False
2026-05-01 23:35:51.978257,INFO,payment-service,Health check passed,209,201,False
2026-05-01 23:37:47.978257,INFO,payment-service,Health check passed,418,200,False
2026-05-01 23:45:41.978257,WARNING,inventory-service,User authenticated,62,200,False
2026-05-01 23:49:25.978257,WARNING,notification-service,User authenticated,156,200,False
2026-05-01 23:50:15.978257,INFO,api-gateway,Session created for user,341,200,False
2026-05-01 23:50:35.978257,INFO,notification-service,Health check passed,236,200,False
2026-05-01 23:50:50.978257,INFO,notification-service,Health check passed,53,200,False
2026-05-01 23:52:21.978257,WARNING,auth-service,Cache hit for key,449,201,False
2026-05-02 00:03:58.978257,INFO,api-gateway,Health check passed,414,201,False
2026-05-02 00:11:47.978257,WARNING,auth-service,Order status updated,123,200,False
2026-05-02 00:12:46.978257,WARNING,notification-service,Order status updated,457,200,False
2026-05-02 00:32:43.978257,INFO,inventory-service,Health check passed,264,200,False
2026-05-02 00:32:45.978257,INFO,inventory-service,Cache hit for key,404,200,False
2026-05-02 00:42:51.978257,INFO,api-gateway,Order status updated,166,201,False
2026-05-02 00:44:36.978257,ERROR,payment-service,Memory usage exceeded threshold,3998,502,True
2026-05-02 00:47:55.978257,INFO,payment-service,User authenticated,191,200,False
2026-05-02 00:48:45.978257,INFO,api-gateway,Session created for user,363,200,False
2026-05-02 00:57:11.978257,INFO,payment-service,Order status updated,100,200,False
2026-05-02 01:00:34.978257,INFO,payment-service,Database query executed in 427ms,427,200,False
2026-05-02 01:18:13.978257,WARNING,payment-service,Health check passed,411,200,False
2026-05-02 01:26:52.978257,WARNING,notification-service,Request processed successfully,176,200,False
2026-05-02 01:28:11.978257,CRITICAL,payment-service,Unhandled exception in request pipeline,4681,500,True
2026-05-02 01:32:34.978257,ERROR,api-gateway,Unhandled exception in request pipeline,8374,500,True
2026-05-02 01:33:17.978257,CRITICAL,notification-service,Memory usage exceeded threshold,4364,502,True
2026-05-02 01:37:01.978257,WARNING,inventory-service,Database query executed in 271ms,271,201,False
2026-05-02 01:42:42.978257,INFO,inventory-service,Health check passed,388,201,False
2026-05-02 01:44:44.978257,INFO,api-gateway,Order status updated,209,201,False
2026-05-02 01:46:19.978257,INFO,inventory-service,Request processed successfully,435,200,False
2026-05-02 01:53:08.978257,WARNING,payment-service,Order status updated,463,200,False
2026-05-02 01:53:12.978257,INFO,inventory-service,Database query executed in 388ms,388,201,False
2026-05-02 01:59:21.978257,INFO,payment-service,User authenticated,331,200,False
2026-05-02 02:02:10.978257,INFO,api-gateway,Cache hit for key,52,200,False
2026-05-02 02:09:21.978257,WARNING,notification-service,User authenticated,221,201,False
2026-05-02 02:11:33.978257,WARNING,payment-service,Database query executed in 120ms,120,200,False
2026-05-02 02:13:01.978257,WARNING,auth-service,Cache hit for key,341,201,False
2026-05-02 02:17:54.978257,INFO,api-gateway,Health check passed,245,200,False
2026-05-02 02:18:08.978257,WARNING,payment-service,Session created for user,139,200,False
2026-05-02 02:18:34.978257,INFO,payment-service,User authenticated,363,201,False
2026-05-02 02:24:06.978257,INFO,payment-service,Order status updated,416,200,False
2026-05-02 02:24:09.978257,INFO,inventory-service,Database query executed in 84ms,84,201,False
2026-05-02 02:26:13.978257,INFO,payment-service,User authenticated,215,201,False
2026-05-02 02:33:47.978257,WARNING,payment-service,Order status updated,253,201,False
2026-05-02 02:34:14.978257,ERROR,auth-service,Connection timeout after 2200ms,2200,500,True
2026-05-02 02:38:38.978257,WARNING,auth-service,Order status updated,63,201,False
2026-05-02 02:39:17.978257,INFO,api-gateway,Health check passed,180,201,False
2026-05-02 02:42:06.978257,WARNING,notification-service,Order status updated,481,200,False
2026-05-02 02:53:18.978257,WARNING,api-gateway,Request processed successfully,259,200,False
2026-05-02 02:58:34.978257,INFO,inventory-service,Request processed successfully,67,200,False
2026-05-02 03:02:38.978257,WARNING,payment-service,Session created for user,470,201,False
2026-05-02 03:02:43.978257,INFO,notification-service,Database query executed in 322ms,322,200,False
2026-05-02 03:12:43.978257,WARNING,inventory-service,Cache hit for key,348,201,False
2026-05-02 03:14:00.978257,WARNING,payment-service,Database query executed in 87ms,87,201,False
2026-05-02 03:14:38.978257,INFO,api-gateway,Request processed successfully,105,201,False
2026-05-02 03:17:49.978257,WARNING,api-gateway,Order status updated,73,201,False
2026-05-02 03:21:24.978257,CRITICAL,api-gateway,Unhandled exception in request pipeline,4150,500,True
2026-05-02 03:21:57.978257,WARNING,api-gateway,Cache hit for key,453,201,False
2026-05-02 03:28:51.978257,INFO,auth-service,Database query executed in 421ms,421,200,False
2026-05-02 03:30:29.978257,WARNING,notification-service,Health check passed,264,201,False
2026-05-02 03:35:41.978257,WARNING,api-gateway,Cache hit for key,65,201,False
2026-05-02 03:38:40.978257,INFO,notification-service,Database query executed in 240ms,240,200,False
2026-05-02 03:39:17.978257,INFO,notification-service,Database query executed in 91ms,91,200,False
2026-05-02 03:41:54.978257,WARNING,payment-service,User authenticated,119,200,False
2026-05-02 03:42:26.978257,INFO,payment-service,User authenticated,452,200,False
2026-05-02 03:48:56.978257,WARNING,inventory-service,Session created for user,170,201,False
2026-05-02 03:50:26.978257,INFO,api-gateway,User authenticated,88,201,False
2026-05-02 03:55:42.978257,WARNING,inventory-service,Session created for user,170,201,False
2026-05-02 03:58:27.978257,INFO,inventory-service,Database query executed in 311ms,311,200,False
2026-05-02 04:00:05.978257,WARNING,inventory-service,Request processed successfully,427,201,False
2026-05-02 04:01:07.978257,INFO,api-gateway,Health check passed,283,200,False
2026-05-02 04:05:37.978257,INFO,inventory-service,Health check passed,182,200,False
2026-05-02 04:09:17.978257,WARNING,notification-service,Database query executed in 434ms,434,200,False
2026-05-02 04:21:10.978257,WARNING,notification-service,Request processed successfully,74,201,False
2026-05-02 04:31:06.978257,WARNING,auth-service,Session created for user,491,200,False
2026-05-02 04:33:53.978257,WARNING,api-gateway,Health check passed,379,201,False
2026-05-02 04:45:05.978257,WARNING,auth-service,Health check passed,85,200,False
2026-05-02 04:48:02.978257,WARNING,notification-service,User authenticated,240,201,False
2026-05-02 04:51:25.978257,INFO,payment-service,Session created for user,372,201,False
2026-05-02 04:53:01.978257,INFO,auth-service,Order status updated,357,200,False
2026-05-02 05:00:29.978257,ERROR,inventory-service,Connection timeout after 5294ms,5294,500,True
2026-05-02 05:04:47.978257,INFO,api-gateway,Order status updated,350,200,False
2026-05-02 05:06:34.978257,ERROR,payment-service,Service unreachable after 3 retries,2735,503,True
2026-05-02 05:12:26.978257,INFO,inventory-service,Order status updated,359,201,False
2026-05-02 05:16:09.978257,WARNING,inventory-service,Cache hit for key,443,200,False
2026-05-02 05:18:06.978257,INFO,api-gateway,Order status updated,326,200,False
2026-05-02 05:20:56.978257,ERROR,payment-service,Connection timeout after 6936ms,6936,503,True
2026-05-02 05:24:10.978257,INFO,auth-service,User authenticated,212,201,False
2026-05-02 05:31:27.978257,INFO,auth-service,Session created for user,364,200,False
2026-05-02 05:34:31.978257,CRITICAL,api-gateway,Service unreachable after 3 retries,6611,503,True
2026-05-02 05:36:01.978257,ERROR,payment-service,Service unreachable after 3 retries,5161,500,True
2026-05-02 05:41:46.978257,INFO,inventory-service,Order status updated,410,200,False
2026-05-02 05:44:13.978257,INFO,payment-service,Cache hit for key,346,201,False
2026-05-02 05:44:17.978257,INFO,payment-service,Cache hit for key,357,201,False
2026-05-02 05:47:51.978257,WARNING,auth-service,User authenticated,338,201,False
2026-05-02 05:50:16.978257,WARNING,payment-service,Session created for user,241,200,False
2026-05-02 05:51:00.978257,ERROR,inventory-service,Memory usage exceeded threshold,8175,502,True
2026-05-02 05:51:07.978257,INFO,auth-service,User authenticated,500,200,False
2026-05-02 05:54:54.978257,INFO,notification-service,Session created for user,173,200,False
2026-05-02 06:01:36.978257,WARNING,inventory-service,Cache hit for key,489,200,False
2026-05-02 06:08:15.978257,WARNING,api-gateway,User authenticated,494,201,False
2026-05-02 06:12:02.978257,WARNING,auth-service,Health check passed,220,201,False
2026-05-02 06:14:14.978257,WARNING,notification-service,Health check passed,104,201,False
2026-05-02 06:16:24.978257,WARNING,auth-service,Session created for user,446,200,False
2026-05-02 06:23:28.978257,WARNING,payment-service,Request processed successfully,462,201,False
2026-05-02 06:30:11.978257,INFO,auth-service,Session created for user,130,201,False
2026-05-02 06:30:24.978257,INFO,api-gateway,Database query executed in 237ms,237,200,False
2026-05-02 06:31:52.978257,WARNING,payment-service,Health check passed,390,201,False
2026-05-02 06:32:25.978257,WARNING,notification-service,Request processed successfully,405,200,False
2026-05-02 06:51:37.978257,INFO,notification-service,Cache hit for key,247,201,False
2026-05-02 06:59:46.978257,INFO,api-gateway,User authenticated,191,201,False
2026-05-02 06:59:57.978257,INFO,inventory-service,Order status updated,142,201,False
2026-05-02 07:00:54.978257,INFO,notification-service,Order status updated,274,201,False
2026-05-02 07:08:09.978257,ERROR,auth-service,Unhandled exception in request pipeline,5487,502,True
2026-05-02 07:08:11.978257,INFO,api-gateway,Request processed successfully,214,200,False
2026-05-02 07:09:59.978257,INFO,api-gateway,Order status updated,359,200,False
2026-05-02 07:12:59.978257,WARNING,inventory-service,Health check passed,229,200,False
2026-05-02 07:25:04.978257,WARNING,notification-service,Database query executed in 482ms,482,201,False
2026-05-02 07:26:29.978257,WARNING,payment-service,User authenticated,389,200,False
2026-05-02 07:44:35.978257,INFO,notification-service,User authenticated,342,201,False
2026-05-02 07:46:51.978257,INFO,payment-service,Session created for user,217,200,False
2026-05-02 07:47:01.978257,ERROR,inventory-service,Database connection pool exhausted,2604,503,True
2026-05-02 07:50:34.978257,ERROR,auth-service,Connection timeout after 2019ms,2019,502,True
2026-05-02 07:54:29.978257,WARNING,api-gateway,Database query executed in 72ms,72,200,False
2026-05-02 07:57:47.978257,INFO,api-gateway,Request processed successfully,198,201,False
2026-05-02 07:58:53.978257,INFO,api-gateway,Session created for user,423,200,False
2026-05-02 07:59:01.978257,INFO,auth-service,Order status updated,249,201,False
2026-05-02 08:02:24.978257,WARNING,notification-service,Database query executed in 338ms,338,201,False
2026-05-02 08:03:11.978257,WARNING,inventory-service,Request processed successfully,463,201,False
2026-05-02 08:15:24.978257,CRITICAL,notification-service,Connection timeout after 4075ms,4075,503,True
2026-05-02 08:23:09.978257,INFO,auth-service,Database query executed in 468ms,468,201,False
2026-05-02 08:23:23.978257,WARNING,payment-service,Health check passed,272,201,False
2026-05-02 08:27:29.978257,INFO,auth-service,Request processed successfully,425,200,False
2026-05-02 08:38:17.978257,INFO,api-gateway,Order status updated,498,201,False
2026-05-02 08:41:01.978257,WARNING,payment-service,Request processed successfully,435,201,False
2026-05-02 08:47:22.978257,CRITICAL,api-gateway,Database connection pool exhausted,4379,500,True
2026-05-02 08:55:45.978257,CRITICAL,notification-service,Memory usage exceeded threshold,8932,503,True
2026-05-02 08:57:30.978257,WARNING,payment-service,Database query executed in 412ms,412,200,False
2026-05-02 09:07:37.978257,ERROR,notification-service,Connection timeout after 2848ms,2848,502,True
2026-05-02 09:21:35.978257,WARNING,api-gateway,User authenticated,474,201,False
2026-05-02 09:22:11.978257,ERROR,payment-service,Connection timeout after 3389ms,3389,503,True
2026-05-02 09:26:04.978257,INFO,auth-service,Database query executed in 261ms,261,200,False
2026-05-02 09:26:57.978257,WARNING,inventory-service,Cache hit for key,332,201,False
2026-05-02 09:28:53.978257,INFO,notification-service,Request processed successfully,433,200,False
2026-05-02 09:38:16.978257,INFO,notification-service,Request processed successfully,84,200,False
2026-05-02 09:38:22.978257,INFO,inventory-service,Health check passed,82,200,False
2026-05-02 09:43:08.978257,INFO,auth-service,Request processed successfully,380,200,False
2026-05-02 09:43:17.978257,INFO,auth-service,User authenticated,385,201,False
2026-05-02 09:46:23.978257,INFO,payment-service,Database query executed in 241ms,241,201,False
2026-05-02 09:48:06.978257,INFO,api-gateway,Database query executed in 295ms,295,201,False
2026-05-02 09:52:42.978257,INFO,notification-service,Order status updated,371,201,False
2026-05-02 09:56:23.978257,INFO,payment-service,User authenticated,160,200,False
2026-05-02 09:58:16.978257,WARNING,inventory-service,Cache hit for key,359,201,False
2026-05-02 10:13:48.978257,WARNING,api-gateway,Session created for user,154,201,False
2026-05-02 10:22:07.978257,INFO,api-gateway,Request processed successfully,338,201,False
2026-05-02 10:25:19.978257,WARNING,api-gateway,Session created for user,177,200,False
2026-05-02 10:26:56.978257,WARNING,payment-service,Database query executed in 389ms,389,201,False
2026-05-02 10:29:00.978257,WARNING,auth-service,Cache hit for key,228,200,False
2026-05-02 10:32:06.978257,INFO,inventory-service,Health check passed,336,201,False
2026-05-02 10:49:03.978257,CRITICAL,payment-service,Memory usage exceeded threshold,3247,502,True
2026-05-02 10:51:59.978257,INFO,inventory-service,Session created for user,217,201,False
2026-05-02 10:55:57.978257,WARNING,payment-service,User authenticated,255,200,False
2026-05-02 10:57:45.978257,WARNING,payment-service,Request processed successfully,480,201,False
2026-05-02 10:58:31.978257,INFO,api-gateway,Order status updated,298,200,False
2026-05-02 11:00:38.978257,ERROR,inventory-service,Service unreachable after 3 retries,3843,503,True
2026-05-02 11:07:52.978257,CRITICAL,payment-service,Service unreachable after 3 retries,5779,503,True
2026-05-02 11:08:54.978257,WARNING,api-gateway,Request processed successfully,163,200,False
2026-05-02 11:10:59.978257,WARNING,auth-service,User authenticated,109,200,False
2026-05-02 11:11:21.978257,INFO,inventory-service,Database query executed in 54ms,54,200,False
2026-05-02 11:17:21.978257,INFO,notification-service,Request processed successfully,229,200,False
2026-05-02 11:19:55.978257,INFO,inventory-service,Cache hit for key,293,200,False
2026-05-02 11:27:11.978257,CRITICAL,auth-service,Unhandled exception in request pipeline,7546,500,True
2026-05-02 11:30:41.978257,INFO,notification-service,Cache hit for key,186,200,False
2026-05-02 11:35:06.978257,WARNING,payment-service,Health check passed,470,201,False
2026-05-02 11:36:13.978257,WARNING,notification-service,Cache hit for key,312,200,False
2026-05-02 11:37:37.978257,INFO,payment-service,Database query executed in 427ms,427,201,False
2026-05-02 11:41:48.978257,INFO,auth-service,Session created for user,227,201,False
2026-05-02 11:48:29.978257,WARNING,notification-service,Database query executed in 469ms,469,201,False
2026-05-02 11:54:21.978257,INFO,auth-service,Session created for user,297,200,False
2026-05-02 12:04:10.978257,INFO,inventory-service,Order status updated,438,201,False
2026-05-02 12:07:22.978257,WARNING,auth-service,Session created for user,278,201,False
2026-05-02 12:08:52.978257,INFO,auth-service,User authenticated,374,201,False
2026-05-02 12:10:58.978257,INFO,inventory-service,Database query executed in 124ms,124,200,False
2026-05-02 12:14:45.978257,WARNING,payment-service,User authenticated,430,201,False
2026-05-02 12:15:04.978257,INFO,notification-service,Cache hit for key,479,201,False
2026-05-02 12:28:58.978257,INFO,auth-service,User authenticated,177,200,False
2026-05-02 12:29:20.978257,WARNING,notification-service,Database query executed in 284ms,284,201,False
2026-05-02 12:29:22.978257,WARNING,auth-service,Request processed successfully,313,201,False
2026-05-02 12:34:01.978257,INFO,auth-service,Session created for user,233,201,False
2026-05-02 12:53:39.978257,WARNING,api-gateway,User authenticated,266,200,False
2026-05-02 12:55:10.978257,ERROR,payment-service,Unhandled exception in request pipeline,6872,500,True
2026-05-02 12:56:43.978257,ERROR,api-gateway,Memory usage exceeded threshold,3357,502,True
2026-05-02 12:57:26.978257,WARNING,notification-service,Cache hit for key,310,201,False
2026-05-02 12:59:09.978257,INFO,payment-service,Health check passed,188,200,False
2026-05-02 13:05:22.978257,WARNING,api-gateway,Request processed successfully,327,201,False
2026-05-02 13:07:17.978257,INFO,notification-service,User authenticated,87,201,False
2026-05-02 13:09:59.978257,INFO,auth-service,Cache hit for key,148,201,False
2026-05-02 13:11:47.978257,ERROR,auth-service,Database connection pool exhausted,2306,500,True
2026-05-02 13:14:18.978257,WARNING,notification-service,Health check passed,407,200,False
2026-05-02 13:18:35.978257,INFO,auth-service,Database query executed in 463ms,463,201,False
2026-05-02 13:18:36.978257,WARNING,payment-service,Health check passed,343,200,False
2026-05-02 13:19:12.978257,CRITICAL,inventory-service,Connection timeout after 4229ms,4229,500,True
2026-05-02 13:22:06.978257,CRITICAL,notification-service,Connection timeout after 6086ms,6086,502,True
2026-05-02 13:25:05.978257,INFO,inventory-service,User authenticated,321,201,False
2026-05-02 13:26:25.978257,WARNING,inventory-service,User authenticated,194,200,False
2026-05-02 13:34:08.978257,WARNING,payment-service,Order status updated,381,201,False
2026-05-02 13:37:09.978257,INFO,api-gateway,Health check passed,394,201,False
2026-05-02 13:38:40.978257,WARNING,api-gateway,Order status updated,370,201,False
2026-05-02 13:41:50.978257,WARNING,notification-service,Cache hit for key,75,201,False
2026-05-02 13:43:08.978257,INFO,auth-service,Health check passed,470,201,False
2026-05-02 13:55:38.978257,ERROR,inventory-service,Unhandled exception in request pipeline,5695,502,True
2026-05-02 14:02:40.978257,INFO,api-gateway,Request processed successfully,151,201,False
2026-05-02 14:10:40.978257,WARNING,auth-service,Session created for user,258,201,False
2026-05-02 14:22:24.978257,INFO,notification-service,Cache hit for key,380,200,False
2026-05-02 14:34:32.978257,INFO,payment-service,Database query executed in 498ms,498,201,False
2026-05-02 14:38:21.978257,INFO,inventory-service,Session created for user,160,201,False
2026-05-02 14:42:41.978257,WARNING,api-gateway,Request processed successfully,409,201,False
2026-05-02 14:45:22.978257,WARNING,notification-service,Request processed successfully,455,200,False
2026-05-02 14:45:44.978257,INFO,api-gateway,Database query executed in 71ms,71,201,False
2026-05-02 14:51:02.978257,INFO,notification-service,Cache hit for key,374,201,False
2026-05-02 14:51:32.978257,WARNING,auth-service,User authenticated,143,201,False
2026-05-02 14:53:22.978257,INFO,payment-service,Cache hit for key,192,201,False
2026-05-02 14:54:34.978257,WARNING,payment-service,Cache hit for key,409,200,False
2026-05-02 15:08:12.978257,INFO,payment-service,User authenticated,244,201,False
2026-05-02 15:11:53.978257,INFO,auth-service,Health check passed,270,201,False
2026-05-02 15:12:54.978257,WARNING,api-gateway,Order status updated,217,201,False
2026-05-02 15:18:20.978257,WARNING,inventory-service,Session created for user,461,200,False
2026-05-02 15:22:50.978257,INFO,api-gateway,Cache hit for key,190,200,False
2026-05-02 15:25:55.978257,WARNING,notification-service,User authenticated,94,201,False
2026-05-02 15:31:42.978257,INFO,api-gateway,Order status updated,309,200,False
2026-05-02 15:39:15.978257,INFO,inventory-service,Health check passed,360,201,False
2026-05-02 15:40:57.978257,ERROR,payment-service,Database connection pool exhausted,2439,500,True
2026-05-02 15:41:02.978257,WARNING,auth-service,Session created for user,250,201,False
2026-05-02 15:43:50.978257,INFO,notification-service,Database query executed in 491ms,491,200,False
2026-05-02 15:55:39.978257,WARNING,inventory-service,Database query executed in 135ms,135,201,False
2026-05-02 16:00:07.978257,INFO,payment-service,Cache hit for key,457,200,False
2026-05-02 16:01:40.978257,WARNING,auth-service,Request processed successfully,458,201,False
2026-05-02 16:25:19.978257,CRITICAL,payment-service,Unhandled exception in request pipeline,7673,503,True
2026-05-02 16:27:07.978257,INFO,auth-service,Order status updated,138,201,False
2026-05-02 16:34:59.978257,WARNING,notification-service,Database query executed in 123ms,123,200,False
2026-05-02 16:40:09.978257,WARNING,api-gateway,Session created for user,499,201,False
2026-05-02 16:49:41.978257,ERROR,api-gateway,Database connection pool exhausted,2688,502,True
2026-05-02 17:04:52.978257,INFO,inventory-service,Database query executed in 115ms,115,200,False
2026-05-02 17:05:11.978257,ERROR,payment-service,Connection timeout after 2706ms,2706,500,True
2026-05-02 17:07:03.978257,INFO,auth-service,Database query executed in 168ms,168,200,False
2026-05-02 17:07:43.978257,INFO,inventory-service,Health check passed,317,200,False
2026-05-02 17:12:43.978257,INFO,api-gateway,Order status updated,451,201,False
2026-05-02 17:12:46.978257,INFO,notification-service,Session created for user,414,201,False
2026-05-02 17:13:23.978257,WARNING,notification-service,Database query executed in 387ms,387,201,False
2026-05-02 17:22:53.978257,WARNING,notification-service,Health check passed,421,201,False
2026-05-02 17:25:37.978257,INFO,auth-service,Health check passed,255,200,False
2026-05-02 17:32:16.978257,INFO,api-gateway,User authenticated,358,201,False
2026-05-02 17:32:21.978257,WARNING,api-gateway,Database query executed in 79ms,79,200,False
2026-05-02 17:33:27.978257,INFO,api-gateway,Health check passed,398,201,False
2026-05-02 17:36:47.978257,INFO,payment-service,Session created for user,300,201,False
2026-05-02 17:37:56.978257,INFO,auth-service,Cache hit for key,150,201,False
2026-05-02 17:43:16.978257,INFO,inventory-service,Order status updated,157,201,False
2026-05-02 17:47:58.978257,INFO,auth-service,Request processed successfully,254,201,False
2026-05-02 17:58:29.978257,INFO,auth-service,Session created for user,342,201,False
2026-05-02 17:59:03.978257,WARNING,notification-service,Database query executed in 468ms,468,200,False
2026-05-02 17:59:25.978257,ERROR,inventory-service,Memory usage exceeded threshold,6095,502,True
2026-05-02 18:12:02.978257,INFO,api-gateway,Session created for user,451,201,False
2026-05-02 18:12:41.978257,WARNING,api-gateway,Session created for user,467,201,False
2026-05-02 18:22:34.978257,ERROR,notification-service,Database connection pool exhausted,3630,500,True
2026-05-02 18:23:42.978257,INFO,payment-service,Session created for user,465,201,False
2026-05-02 18:27:57.978257,WARNING,payment-service,Order status updated,364,201,False
2026-05-02 18:33:04.978257,WARNING,notification-service,Health check passed,199,201,False
2026-05-02 18:39:51.978257,INFO,payment-service,User authenticated,276,200,False
2026-05-02 18:40:22.978257,WARNING,payment-service,Order status updated,147,201,False
2026-05-02 18:43:11.978257,INFO,api-gateway,User authenticated,268,200,False
2026-05-02 18:48:20.978257,INFO,api-gateway,Database query executed in 331ms,331,200,False
2026-05-02 18:50:08.978257,INFO,auth-service,Request processed successfully,444,201,False
2026-05-02 18:52:40.978257,WARNING,api-gateway,Cache hit for key,489,200,False
2026-05-02 18:53:27.978257,ERROR,notification-service,Database connection pool exhausted,3180,503,True
2026-05-02 18:54:35.978257,INFO,payment-service,Database query executed in 161ms,161,201,False
2026-05-02 18:54:47.978257,INFO,notification-service,Health check passed,301,200,False
2026-05-02 18:56:12.978257,INFO,inventory-service,Database query executed in 141ms,141,201,False
2026-05-02 18:58:50.978257,INFO,api-gateway,Order status updated,62,200,False
2026-05-02 19:02:19.978257,WARNING,notification-service,Cache hit for key,126,201,False
2026-05-02 19:10:18.978257,INFO,auth-service,Cache hit for key,406,200,False
2026-05-02 19:11:07.978257,CRITICAL,inventory-service,Database connection pool exhausted,3008,503,True
2026-05-02 19:16:29.978257,WARNING,notification-service,Order status updated,245,201,False
2026-05-02 19:17:16.978257,CRITICAL,notification-service,Database connection pool exhausted,4253,503,True
2026-05-02 19:19:11.978257,WARNING,payment-service,Order status updated,345,201,False
2026-05-02 19:34:55.978257,WARNING,notification-service,Request processed successfully,253,200,False
2026-05-02 19:40:40.978257,INFO,payment-service,Database query executed in 498ms,498,201,False
2026-05-02 19:45:40.978257,INFO,auth-service,Request processed successfully,300,201,False
2026-05-02 19:47:12.978257,WARNING,auth-service,Request processed successfully,365,200,False
2026-05-02 19:48:11.978257,INFO,notification-service,Session created for user,405,201,False
2026-05-02 19:50:37.978257,WARNING,payment-service,Health check passed,496,201,False
2026-05-02 19:51:09.978257,CRITICAL,inventory-service,Unhandled exception in request pipeline,4080,502,True
2026-05-02 19:54:19.978257,WARNING,api-gateway,Database query executed in 420ms,420,200,False
2026-05-02 19:57:14.978257,ERROR,inventory-service,Connection timeout after 3177ms,3177,503,True
2026-05-02 20:06:00.978257,WARNING,api-gateway,Cache hit for key,128,200,False
2026-05-02 20:08:24.978257,WARNING,api-gateway,Health check passed,220,201,False
2026-05-02 20:09:47.978257,WARNING,payment-service,Request processed successfully,214,201,False
2026-05-02 20:10:44.978257,INFO,payment-service,Health check passed,149,201,False
2026-05-02 20:10:46.978257,WARNING,payment-service,Database query executed in 225ms,225,200,False
2026-05-02 20:16:48.978257,INFO,api-gateway,Order status updated,200,201,False
2026-05-02 20:18:25.978257,WARNING,auth-service,Health check passed,358,200,False
2026-05-02 20:19:44.978257,WARNING,payment-service,Session created for user,409,201,False
2026-05-02 20:20:51.978257,WARNING,inventory-service,Request processed successfully,65,201,False
2026-05-02 20:37:01.978257,INFO,api-gateway,Request processed successfully,470,200,False
2026-05-02 20:40:43.978257,INFO,api-gateway,Session created for user,194,201,False
2026-05-02 20:41:18.978257,ERROR,api-gateway,Connection timeout after 5084ms,5084,500,True
2026-05-02 20:42:12.978257,INFO,api-gateway,Request processed successfully,110,200,False
2026-05-02 20:53:16.978257,WARNING,auth-service,Session created for user,383,201,False
2026-05-02 20:57:19.978257,WARNING,payment-service,Request processed successfully,445,201,False
2026-05-02 21:02:06.978257,WARNING,notification-service,Session created for user,158,200,False
2026-05-02 21:02:28.978257,WARNING,auth-service,Request processed successfully,116,201,False
2026-05-02 21:10:27.978257,WARNING,payment-service,Health check passed,105,201,False
2026-05-02 21:16:15.978257,WARNING,payment-service,Health check passed,200,201,False
2026-05-02 21:16:43.978257,WARNING,payment-service,User authenticated,356,201,False
2026-05-02 21:17:22.978257,WARNING,payment-service,Order status updated,136,201,False
2026-05-02 21:27:33.978257,WARNING,api-gateway,Order status updated,185,200,False
2026-05-02 21:30:47.978257,INFO,auth-service,Health check passed,419,200,False
2026-05-02 21:31:09.978257,INFO,api-gateway,User authenticated,101,201,False
2026-05-02 21:39:30.978257,INFO,auth-service,User authenticated,199,200,False
2026-05-02 21:43:05.978257,INFO,payment-service,Cache hit for key,53,201,False
2026-05-02 22:01:39.978257,INFO,inventory-service,Health check passed,320,201,False
2026-05-02 22:07:14.978257,WARNING,inventory-service,Order status updated,239,200,False
2026-05-02 22:07:54.978257,INFO,auth-service,Order status updated,129,201,False
2026-05-02 22:11:33.978257,INFO,payment-service,Cache hit for key,479,201,False
2026-05-02 22:13:07.978257,INFO,api-gateway,Health check passed,60,200,False
2026-05-02 22:13:09.978257,CRITICAL,api-gateway,Connection timeout after 4946ms,4946,500,True
2026-05-02 22:16:17.978257,WARNING,notification-service,Health check passed,337,201,False
2026-05-02 22:18:31.978257,WARNING,payment-service,Request processed successfully,499,201,False
2026-05-02 22:25:54.978257,WARNING,api-gateway,Session created for user,285,201,False
2026-05-02 22:36:30.978257,WARNING,notification-service,User authenticated,118,201,False
2026-05-02 22:36:50.978257,CRITICAL,inventory-service,Service unreachable after 3 retries,5730,502,True
2026-05-02 22:47:43.978257,WARNING,api-gateway,Request processed successfully,358,201,False
2026-05-02 22:51:34.978257,WARNING,api-gateway,Order status updated,228,201,False
2026-05-02 22:53:59.978257,INFO,payment-service,Order status updated,494,200,False
2026-05-02 23:08:05.978257,WARNING,inventory-service,Cache hit for key,186,200,False
2026-05-02 23:11:25.978257,WARNING,api-gateway,Cache hit for key,361,200,False
2026-05-02 23:12:11.978257,INFO,api-gateway,Health check passed,140,201,False
2026-05-02 23:12:23.978257,CRITICAL,inventory-service,Database connection pool exhausted,4047,503,True
2026-05-02 23:23:31.978257,INFO,api-gateway,Cache hit for key,435,200,False
2026-05-02 23:27:41.978257,INFO,auth-service,Request processed successfully,154,201,False
2026-05-02 23:30:07.978257,INFO,api-gateway,Session created for user,188,200,False
2026-05-02 23:45:36.978257,WARNING,notification-service,Database query executed in 56ms,56,200,False
2026-05-02 23:50:53.978257,WARNING,notification-service,Order status updated,472,200,False
2026-05-02 23:51:25.978257,CRITICAL,payment-service,Memory usage exceeded threshold,3603,502,True
2026-05-02 23:51:48.978257,INFO,inventory-service,Request processed successfully,376,200,False
2026-05-02 23:55:48.978257,WARNING,inventory-service,Health check passed,199,200,False
2026-05-03 00:02:19.978257,INFO,notification-service,Session created for user,474,200,False
2026-05-03 00:10:18.978257,INFO,auth-service,User authenticated,409,200,False
2026-05-03 00:14:17.978257,CRITICAL,notification-service,Connection timeout after 7026ms,7026,502,True
2026-05-03 00:17:11.978257,WARNING,api-gateway,Order status updated,76,201,False
2026-05-03 00:17:18.978257,INFO,api-gateway,Database query executed in 210ms,210,201,False
2026-05-03 00:17:36.978257,INFO,inventory-service,User authenticated,428,200,False
2026-05-03 00:22:44.978257,WARNING,payment-service,Database query executed in 489ms,489,201,False
2026-05-03 00:27:37.978257,INFO,payment-service,Order status updated,312,201,False
2026-05-03 00:28:10.978257,INFO,payment-service,Cache hit for key,288,200,False
2026-05-03 00:28:17.978257,WARNING,auth-service,Cache hit for key,254,201,False
2026-05-03 00:29:21.978257,ERROR,api-gateway,Connection timeout after 4255ms,4255,503,True
2026-05-03 00:32:06.978257,INFO,api-gateway,Health check passed,146,201,False
2026-05-03 00:33:11.978257,WARNING,api-gateway,Database query executed in 236ms,236,200,False
2026-05-03 00:38:19.978257,INFO,auth-service,User authenticated,197,200,False
2026-05-03 00:44:12.978257,INFO,api-gateway,Request processed successfully,187,201,False
2026-05-03 00:49:24.978257,INFO,api-gateway,Request processed successfully,124,200,False
2026-05-03 00:50:21.978257,INFO,auth-service,Health check passed,386,200,False
2026-05-03 00:54:49.978257,INFO,api-gateway,Database query executed in 289ms,289,200,False
2026-05-03 01:04:38.978257,WARNING,inventory-service,Request processed successfully,387,200,False
2026-05-03 01:10:59.978257,CRITICAL,api-gateway,Memory usage exceeded threshold,2913,502,True
2026-05-03 01:13:11.978257,INFO,payment-service,Cache hit for key,477,200,False
2026-05-03 01:14:41.978257,WARNING,payment-service,Order status updated,349,201,False
2026-05-03 01:15:24.978257,INFO,auth-service,User authenticated,461,201,False
2026-05-03 01:16:25.978257,WARNING,inventory-service,Cache hit for key,243,200,False
2026-05-03 01:17:34.978257,WARNING,api-gateway,Cache hit for key,438,200,False
2026-05-03 01:18:11.978257,WARNING,notification-service,Order status updated,392,200,False
2026-05-03 01:21:59.978257,WARNING,payment-service,Database query executed in 251ms,251,201,False
2026-05-03 01:27:55.978257,WARNING,inventory-service,Request processed successfully,307,200,False
2026-05-03 01:29:22.978257,WARNING,notification-service,Order status updated,59,201,False
2026-05-03 01:30:34.978257,INFO,api-gateway,Request processed successfully,158,200,False
2026-05-03 01:32:07.978257,INFO,notification-service,Order status updated,322,201,False
2026-05-03 01:40:16.978257,WARNING,notification-service,Request processed successfully,67,201,False
2026-05-03 01:52:45.978257,INFO,notification-service,Request processed successfully,324,200,False
2026-05-03 01:54:06.978257,WARNING,inventory-service,Cache hit for key,111,201,False
2026-05-03 01:55:08.978257,WARNING,inventory-service,Order status updated,144,200,False
2026-05-03 02:01:04.978257,INFO,payment-service,User authenticated,455,201,False
2026-05-03 02:05:34.978257,INFO,api-gateway,Database query executed in 498ms,498,201,False
2026-05-03 02:12:44.978257,INFO,auth-service,Cache hit for key,468,201,False
2026-05-03 02:13:45.978257,WARNING,inventory-service,Session created for user,297,201,False
2026-05-03 02:18:01.978257,INFO,payment-service,User authenticated,266,201,False
2026-05-03 02:25:58.978257,INFO,auth-service,Database query executed in 329ms,329,201,False
2026-05-03 02:30:59.978257,CRITICAL,api-gateway,Unhandled exception in request pipeline,4929,503,True
2026-05-03 02:32:18.978257,INFO,inventory-service,Session created for user,95,201,False
2026-05-03 02:42:13.978257,WARNING,payment-service,Order status updated,51,201,False
2026-05-03 02:43:56.978257,WARNING,api-gateway,Cache hit for key,296,201,False
2026-05-03 02:44:54.978257,WARNING,auth-service,Order status updated,319,200,False
2026-05-03 02:55:05.978257,WARNING,notification-service,Session created for user,300,201,False
2026-05-03 03:01:12.978257,WARNING,auth-service,Database query executed in 69ms,69,200,False
2026-05-03 03:02:32.978257,WARNING,inventory-service,Database query executed in 285ms,285,200,False
2026-05-03 03:05:27.978257,INFO,inventory-service,Request processed successfully,142,200,False
2026-05-03 03:11:16.978257,WARNING,api-gateway,User authenticated,133,201,False
2026-05-03 03:14:08.978257,WARNING,payment-service,Order status updated,124,200,False
2026-05-03 03:22:05.978257,INFO,notification-service,User authenticated,334,200,False
2026-05-03 03:22:07.978257,WARNING,api-gateway,Session created for user,74,201,False
2026-05-03 03:30:43.978257,WARNING,auth-service,Database query executed in 461ms,461,200,False
2026-05-03 03:37:51.978257,INFO,api-gateway,Session created for user,202,200,False
2026-05-03 03:40:50.978257,WARNING,api-gateway,Health check passed,123,200,False
2026-05-03 03:41:48.978257,INFO,api-gateway,Request processed successfully,340,201,False
2026-05-03 03:43:01.978257,INFO,payment-service,User authenticated,99,201,False
2026-05-03 03:54:58.978257,INFO,notification-service,Cache hit for key,446,201,False
2026-05-03 03:56:25.978257,ERROR,inventory-service,Unhandled exception in request pipeline,8887,500,True
2026-05-03 04:07:42.978257,WARNING,payment-service,Database query executed in 150ms,150,201,False
2026-05-03 04:19:41.978257,INFO,api-gateway,Cache hit for key,420,201,False
2026-05-03 04:20:31.978257,INFO,inventory-service,User authenticated,93,200,False
2026-05-03 04:28:57.978257,WARNING,api-gateway,Order status updated,404,201,False
2026-05-03 04:32:41.978257,WARNING,payment-service,Request processed successfully,379,201,False
2026-05-03 04:37:25.978257,INFO,payment-service,Request processed successfully,308,200,False
2026-05-03 04:41:54.978257,INFO,payment-service,Order status updated,360,201,False
2026-05-03 04:55:43.978257,INFO,auth-service,User authenticated,492,201,False
2026-05-03 04:57:05.978257,WARNING,auth-service,Health check passed,181,201,False
2026-05-03 04:58:41.978257,WARNING,auth-service,Request processed successfully,230,201,False
2026-05-03 05:01:11.978257,WARNING,auth-service,Order status updated,483,201,False
2026-05-03 05:01:12.978257,WARNING,api-gateway,Session created for user,224,200,False
2026-05-03 05:07:21.978257,WARNING,notification-service,Database query executed in 158ms,158,201,False
2026-05-03 05:21:10.978257,WARNING,inventory-service,Health check passed,89,201,False
2026-05-03 05:27:22.978257,INFO,notification-service,User authenticated,301,201,False
2026-05-03 05:29:44.978257,INFO,notification-service,Cache hit for key,114,200,False
2026-05-03 05:39:30.978257,WARNING,inventory-service,User authenticated,432,201,False
2026-05-03 05:41:42.978257,WARNING,notification-service,Cache hit for key,159,201,False
2026-05-03 05:41:56.978257,INFO,inventory-service,Database query executed in 244ms,244,201,False
2026-05-03 05:48:53.978257,INFO,api-gateway,Health check passed,277,201,False
2026-05-03 05:49:53.978257,INFO,api-gateway,Request processed successfully,306,201,False
2026-05-03 05:57:38.978257,WARNING,payment-service,Cache hit for key,489,201,False
2026-05-03 06:00:24.978257,WARNING,api-gateway,Session created for user,68,200,False
2026-05-03 06:22:46.978257,INFO,notification-service,Cache hit for key,429,201,False
2026-05-03 06:24:04.978257,INFO,api-gateway,Order status updated,384,200,False
2026-05-03 06:32:38.978257,INFO,payment-service,Health check passed,136,200,False
2026-05-03 06:53:58.978257,INFO,auth-service,Order status updated,486,200,False
2026-05-03 06:58:08.978257,WARNING,inventory-service,Request processed successfully,462,200,False
2026-05-03 06:59:29.978257,WARNING,payment-service,Order status updated,351,200,False
2026-05-03 06:59:42.978257,INFO,auth-service,User authenticated,229,201,False
2026-05-03 07:10:12.978257,WARNING,auth-service,Cache hit for key,272,201,False
2026-05-03 07:13:20.978257,INFO,notification-service,Cache hit for key,290,200,False
2026-05-03 07:15:56.978257,WARNING,payment-service,Database query executed in 450ms,450,200,False
2026-05-03 07:21:32.978257,CRITICAL,api-gateway,Service unreachable after 3 retries,4655,500,True
2026-05-03 07:22:55.978257,WARNING,inventory-service,Health check passed,318,201,False
2026-05-03 07:26:50.978257,INFO,inventory-service,Health check passed,103,200,False
2026-05-03 07:29:23.978257,WARNING,inventory-service,Cache hit for key,431,201,False
2026-05-03 07:40:20.978257,WARNING,api-gateway,User authenticated,418,200,False
2026-05-03 07:41:59.978257,INFO,auth-service,User authenticated,412,201,False
2026-05-03 07:52:11.978257,WARNING,payment-service,Order status updated,435,201,False
2026-05-03 07:52:54.978257,INFO,notification-service,Session created for user,371,200,False
2026-05-03 07:56:16.978257,INFO,payment-service,Order status updated,141,200,False
2026-05-03 07:58:33.978257,INFO,auth-service,Health check passed,323,201,False
2026-05-03 08:00:54.978257,INFO,inventory-service,Cache hit for key,208,201,False
2026-05-03 08:01:48.978257,INFO,payment-service,Order status updated,218,201,False
2026-05-03 08:07:21.978257,INFO,api-gateway,Request processed successfully,81,201,False
2026-05-03 08:08:32.978257,INFO,payment-service,Session created for user,236,201,False
2026-05-03 08:10:20.978257,INFO,payment-service,Request processed successfully,226,201,False
2026-05-03 08:14:18.978257,INFO,notification-service,Session created for user,204,200,False
2026-05-03 08:15:35.978257,WARNING,auth-service,Cache hit for key,229,200,False
2026-05-03 08:18:17.978257,WARNING,auth-service,Request processed successfully,162,201,False
2026-05-03 08:22:16.978257,WARNING,api-gateway,Cache hit for key,286,200,False
2026-05-03 08:24:27.978257,INFO,payment-service,Order status updated,215,201,False
2026-05-03 08:26:53.978257,WARNING,payment-service,Order status updated,226,200,False
2026-05-03 08:30:17.978257,INFO,auth-service,Order status updated,51,201,False
2026-05-03 08:39:17.978257,INFO,inventory-service,Health check passed,496,201,False
2026-05-03 08:40:33.978257,WARNING,payment-service,Health check passed,481,201,False
2026-05-03 08:43:26.978257,INFO,payment-service,Database query executed in 302ms,302,200,False
2026-05-03 08:47:30.978257,WARNING,inventory-service,Database query executed in 79ms,79,200,False
2026-05-03 08:49:11.978257,INFO,auth-service,Order status updated,92,201,False
2026-05-03 08:49:14.978257,WARNING,payment-service,Request processed successfully,474,200,False
2026-05-03 08:51:31.978257,WARNING,auth-service,User authenticated,241,200,False
2026-05-03 08:51:49.978257,ERROR,notification-service,Database connection pool exhausted,4314,503,True
2026-05-03 08:57:37.978257,WARNING,inventory-service,Order status updated,236,200,False
2026-05-03 08:58:12.978257,INFO,api-gateway,Health check passed,366,201,False
2026-05-03 09:05:10.978257,WARNING,api-gateway,Database query executed in 110ms,110,200,False
2026-05-03 09:09:13.978257,WARNING,auth-service,Database query executed in 356ms,356,200,False
2026-05-03 09:12:16.978257,WARNING,notification-service,Database query executed in 215ms,215,200,False
2026-05-03 09:13:16.978257,INFO,api-gateway,Cache hit for key,87,201,False
2026-05-03 09:15:22.978257,INFO,api-gateway,Order status updated,398,201,False
2026-05-03 09:28:03.978257,CRITICAL,notification-service,Service unreachable after 3 retries,5578,500,True
2026-05-03 09:30:42.978257,WARNING,inventory-service,Database query executed in 188ms,188,200,False
2026-05-03 09:33:54.978257,ERROR,api-gateway,Database connection pool exhausted,2160,500,True
2026-05-03 09:35:05.978257,WARNING,api-gateway,Database query executed in 164ms,164,201,False
2026-05-03 09:39:17.978257,WARNING,api-gateway,Order status updated,285,200,False
2026-05-03 09:43:44.978257,INFO,inventory-service,Order status updated,53,201,False
2026-05-03 09:49:00.978257,INFO,inventory-service,User authenticated,358,201,False
2026-05-03 09:49:35.978257,INFO,notification-service,Request processed successfully,268,200,False
2026-05-03 09:52:12.978257,WARNING,payment-service,Health check passed,398,201,False
2026-05-03 09:56:08.978257,WARNING,api-gateway,Session created for user,152,200,False
2026-05-03 10:02:50.978257,WARNING,auth-service,Request processed successfully,134,200,False
2026-05-03 10:03:00.978257,WARNING,auth-service,Request processed successfully,286,200,False
2026-05-03 10:06:16.978257,WARNING,auth-service,Order status updated,339,200,False
2026-05-03 10:10:36.978257,WARNING,notification-service,Health check passed,192,201,False
2026-05-03 10:10:49.978257,INFO,api-gateway,Database query executed in 500ms,500,201,False
2026-05-03 10:14:20.978257,INFO,inventory-service,Database query executed in 238ms,238,201,False
2026-05-03 10:24:57.978257,INFO,notification-service,Health check passed,307,200,False
2026-05-03 10:27:36.978257,WARNING,inventory-service,Request processed successfully,494,200,False
2026-05-03 10:28:34.978257,WARNING,auth-service,Health check passed,181,201,False
2026-05-03 10:30:38.978257,INFO,inventory-service,Cache hit for key,258,200,False
2026-05-03 10:33:28.978257,WARNING,auth-service,Cache hit for key,221,201,False
2026-05-03 10:35:23.978257,WARNING,payment-service,User authenticated,198,200,False
2026-05-03 10:36:12.978257,INFO,inventory-service,User authenticated,308,200,False
2026-05-03 10:37:04.978257,ERROR,api-gateway,Memory usage exceeded threshold,5942,500,True
2026-05-03 10:38:22.978257,WARNING,inventory-service,Request processed successfully,277,201,False
2026-05-03 10:41:29.978257,INFO,api-gateway,Session created for user,401,200,False
2026-05-03 10:46:13.978257,WARNING,inventory-service,Health check passed,337,201,False
2026-05-03 10:53:07.978257,WARNING,inventory-service,Request processed successfully,89,200,False
2026-05-03 11:03:45.978257,INFO,inventory-service,Health check passed,419,200,False
2026-05-03 11:07:15.978257,INFO,notification-service,Session created for user,499,200,False
2026-05-03 11:08:11.978257,WARNING,api-gateway,Cache hit for key,168,200,False
2026-05-03 11:10:47.978257,WARNING,payment-service,Session created for user,384,201,False
2026-05-03 11:13:24.978257,INFO,payment-service,Database query executed in 241ms,241,201,False
2026-05-03 11:14:18.978257,WARNING,inventory-service,Session created for user,308,200,False
2026-05-03 11:20:05.978257,INFO,notification-service,Health check passed,487,201,False
2026-05-03 11:25:32.978257,INFO,notification-service,Health check passed,137,200,False
2026-05-03 11:28:01.978257,CRITICAL,notification-service,Connection timeout after 3619ms,3619,502,True
2026-05-03 11:32:52.978257,INFO,payment-service,Request processed successfully,275,201,False
2026-05-03 11:34:05.978257,INFO,auth-service,Health check passed,317,200,False
2026-05-03 11:34:47.978257,CRITICAL,inventory-service,Service unreachable after 3 retries,2936,503,True
2026-05-03 11:36:58.978257,INFO,notification-service,Health check passed,335,201,False
2026-05-03 11:39:35.978257,WARNING,api-gateway,Request processed successfully,293,201,False
2026-05-03 11:42:24.978257,WARNING,notification-service,Cache hit for key,363,201,False
2026-05-03 11:44:24.978257,INFO,auth-service,Request processed successfully,165,201,False
2026-05-03 11:45:34.978257,WARNING,payment-service,Database query executed in 418ms,418,200,False
2026-05-03 11:46:39.978257,INFO,payment-service,Session created for user,264,201,False
2026-05-03 11:48:16.978257,WARNING,api-gateway,Health check passed,202,201,False
2026-05-03 12:07:06.978257,WARNING,api-gateway,User authenticated,332,200,False
2026-05-03 12:14:13.978257,INFO,inventory-service,Session created for user,143,201,False
2026-05-03 12:20:33.978257,INFO,inventory-service,Session created for user,58,201,False
2026-05-03 12:37:49.978257,INFO,auth-service,Database query executed in 167ms,167,200,False
2026-05-03 12:38:56.978257,INFO,notification-service,Request processed successfully,355,200,False
2026-05-03 12:45:54.978257,WARNING,inventory-service,Health check passed,73,200,False
2026-05-03 12:46:31.978257,WARNING,api-gateway,Cache hit for key,492,200,False
2026-05-03 12:47:46.978257,INFO,payment-service,Health check passed,176,201,False
2026-05-03 12:54:46.978257,ERROR,payment-service,Database connection pool exhausted,6289,503,True
2026-05-03 12:56:51.978257,INFO,auth-service,Cache hit for key,439,200,False
2026-05-03 12:58:09.978257,INFO,inventory-service,Order status updated,374,201,False
2026-05-03 13:02:44.978257,ERROR,inventory-service,Connection timeout after 6216ms,6216,503,True
2026-05-03 13:09:26.978257,INFO,payment-service,Order status updated,310,201,False
2026-05-03 13:12:19.978257,WARNING,api-gateway,User authenticated,320,200,False
2026-05-03 13:20:09.978257,INFO,auth-service,Session created for user,96,200,False
2026-05-03 13:31:17.978257,CRITICAL,auth-service,Database connection pool exhausted,8834,502,True
2026-05-03 13:38:03.978257,WARNING,api-gateway,Request processed successfully,137,201,False
2026-05-03 13:38:24.978257,WARNING,notification-service,Cache hit for key,291,200,False
2026-05-03 13:39:51.978257,ERROR,notification-service,Unhandled exception in request pipeline,2435,503,True
2026-05-03 13:41:59.978257,INFO,payment-service,Session created for user,70,201,False
2026-05-03 13:43:39.978257,WARNING,payment-service,Request processed successfully,336,201,False
2026-05-03 13:44:18.978257,WARNING,payment-service,Request processed successfully,461,200,False
2026-05-03 13:45:31.978257,INFO,notification-service,Session created for user,283,200,False
2026-05-03 13:49:53.978257,WARNING,inventory-service,User authenticated,298,200,False
2026-05-03 13:55:47.978257,WARNING,auth-service,Health check passed,143,201,False
2026-05-03 13:58:49.978257,INFO,payment-service,Health check passed,276,200,False
2026-05-03 14:09:58.978257,WARNING,inventory-service,Session created for user,306,200,False
2026-05-03 14:13:24.978257,INFO,payment-service,Cache hit for key,265,201,False
2026-05-03 14:14:02.978257,WARNING,notification-service,Cache hit for key,160,201,False
2026-05-03 14:23:16.978257,WARNING,notification-service,Database query executed in 99ms,99,200,False
2026-05-03 14:23:23.978257,INFO,auth-service,Database query executed in 308ms,308,200,False
2026-05-03 14:36:02.978257,WARNING,auth-service,Health check passed,455,201,False
2026-05-03 14:37:22.978257,INFO,inventory-service,Session created for user,321,200,False
2026-05-03 14:42:41.978257,WARNING,payment-service,User authenticated,326,200,False
2026-05-03 14:54:54.978257,INFO,auth-service,User authenticated,500,201,False
2026-05-03 14:56:42.978257,WARNING,payment-service,Request processed successfully,320,201,False
2026-05-03 14:59:25.978257,INFO,payment-service,Request processed successfully,236,200,False
2026-05-03 15:02:54.978257,WARNING,inventory-service,Health check passed,422,200,False
2026-05-03 15:03:16.978257,CRITICAL,inventory-service,Connection timeout after 8641ms,8641,503,True
2026-05-03 15:06:48.978257,WARNING,notification-service,Cache hit for key,114,201,False
2026-05-03 15:10:02.978257,WARNING,notification-service,Cache hit for key,428,201,False
2026-05-03 15:12:54.978257,INFO,notification-service,Health check passed,188,201,False
2026-05-03 15:13:31.978257,WARNING,notification-service,User authenticated,87,200,False
2026-05-03 15:15:05.978257,WARNING,api-gateway,Order status updated,378,201,False
2026-05-03 15:15:42.978257,WARNING,payment-service,User authenticated,75,201,False
2026-05-03 15:17:29.978257,INFO,auth-service,User authenticated,259,200,False
2026-05-03 15:20:35.978257,WARNING,notification-service,Health check passed,309,200,False
2026-05-03 15:27:07.978257,INFO,payment-service,Database query executed in 124ms,124,201,False
2026-05-03 15:41:16.978257,WARNING,api-gateway,Database query executed in 200ms,200,201,False
2026-05-03 15:41:51.978257,ERROR,auth-service,Unhandled exception in request pipeline,5006,500,True
2026-05-03 15:43:03.978257,INFO,payment-service,Database query executed in 287ms,287,200,False
2026-05-03 15:44:26.978257,INFO,api-gateway,Session created for user,364,200,False
2026-05-03 15:44:51.978257,INFO,notification-service,Session created for user,409,200,False
2026-05-03 15:46:30.978257,INFO,notification-service,User authenticated,315,200,False
2026-05-03 15:48:39.978257,INFO,auth-service,Database query executed in 457ms,457,200,False
2026-05-03 15:50:22.978257,INFO,inventory-service,User authenticated,413,201,False
2026-05-03 15:51:07.978257,INFO,notification-service,Database query executed in 395ms,395,201,False
2026-05-03 15:51:47.978257,WARNING,api-gateway,Order status updated,292,201,False
2026-05-03 15:54:46.978257,INFO,payment-service,Order status updated,201,201,False
2026-05-03 15:56:33.978257,INFO,payment-service,User authenticated,244,200,False
2026-05-03 16:04:54.978257,WARNING,inventory-service,Order status updated,256,201,False
2026-05-03 16:05:06.978257,INFO,payment-service,Cache hit for key,71,201,False
2026-05-03 16:07:32.978257,INFO,inventory-service,Database query executed in 255ms,255,200,False
2026-05-03 16:08:10.978257,INFO,inventory-service,Session created for user,66,201,False
2026-05-03 16:20:01.978257,INFO,payment-service,Database query executed in 80ms,80,200,False
2026-05-03 16:21:23.978257,INFO,inventory-service,Database query executed in 461ms,461,201,False
2026-05-03 16:31:02.978257,INFO,inventory-service,Database query executed in 120ms,120,201,False
2026-05-03 16:31:32.978257,WARNING,auth-service,Order status updated,249,200,False
2026-05-03 16:34:06.978257,INFO,auth-service,Health check passed,351,200,False
2026-05-03 16:37:51.978257,INFO,inventory-service,Database query executed in 428ms,428,200,False
2026-05-03 16:40:24.978257,INFO,api-gateway,User authenticated,53,200,False
2026-05-03 16:41:20.978257,CRITICAL,notification-service,Unhandled exception in request pipeline,6323,503,True
2026-05-03 16:44:02.978257,INFO,inventory-service,Session created for user,114,201,False
2026-05-03 16:46:10.978257,WARNING,inventory-service,Request processed successfully,363,200,False
2026-05-03 16:50:13.978257,WARNING,api-gateway,User authenticated,82,201,False
2026-05-03 16:55:47.978257,INFO,notification-service,Order status updated,360,201,False
2026-05-03 17:05:35.978257,INFO,auth-service,Request processed successfully,338,201,False
2026-05-03 17:09:57.978257,WARNING,auth-service,Order status updated,270,201,False
2026-05-03 17:10:58.978257,INFO,notification-service,Order status updated,366,201,False
2026-05-03 17:18:48.978257,INFO,notification-service,Request processed successfully,235,200,False
2026-05-03 17:22:32.978257,WARNING,api-gateway,User authenticated,195,201,False
2026-05-03 17:24:13.978257,INFO,notification-service,Request processed successfully,247,200,False
2026-05-03 17:25:18.978257,INFO,payment-service,Session created for user,132,200,False
2026-05-03 17:26:25.978257,INFO,notification-service,Request processed successfully,279,201,False
2026-05-03 17:26:53.978257,WARNING,inventory-service,User authenticated,306,200,False
2026-05-03 17:35:00.978257,WARNING,notification-service,User authenticated,305,200,False
2026-05-03 17:40:06.978257,WARNING,auth-service,Health check passed,408,201,False
2026-05-03 17:41:57.978257,INFO,api-gateway,Cache hit for key,184,200,False
2026-05-03 17:42:04.978257,WARNING,auth-service,User authenticated,80,200,False
2026-05-03 17:47:58.978257,INFO,auth-service,Session created for user,458,200,False
2026-05-03 17:48:45.978257,INFO,payment-service,Order status updated,214,201,False
2026-05-03 17:54:20.978257,INFO,auth-service,Order status updated,100,200,False
2026-05-03 17:55:33.978257,ERROR,inventory-service,Unhandled exception in request pipeline,4796,502,True
2026-05-03 18:03:40.978257,WARNING,auth-service,Session created for user,266,200,False
2026-05-03 18:07:13.978257,WARNING,notification-service,Request processed successfully,165,200,False
2026-05-03 18:08:52.978257,WARNING,api-gateway,Session created for user,403,201,False
2026-05-03 18:08:58.978257,INFO,notification-service,Health check passed,496,200,False
2026-05-03 18:11:49.978257,INFO,inventory-service,User authenticated,304,201,False
2026-05-03 18:13:45.978257,WARNING,auth-service,Cache hit for key,329,200,False
2026-05-03 18:13:54.978257,INFO,auth-service,User authenticated,140,200,False
2026-05-03 18:21:07.978257,WARNING,payment-service,Session created for user,357,200,False
2026-05-03 18:21:08.978257,INFO,notification-service,Request processed successfully,80,200,False
2026-05-03 18:24:25.978257,WARNING,auth-service,Session created for user,195,201,False
2026-05-03 18:34:49.978257,CRITICAL,payment-service,Database connection pool exhausted,5015,503,True
2026-05-03 18:36:53.978257,WARNING,api-gateway,User authenticated,351,201,False
2026-05-03 18:45:55.978257,WARNING,inventory-service,Request processed successfully,84,200,False
2026-05-03 18:48:07.978257,INFO,inventory-service,Session created for user,292,201,False
2026-05-03 18:48:38.978257,INFO,inventory-service,Request processed successfully,259,201,False
2026-05-03 18:51:32.978257,WARNING,api-gateway,Request processed successfully,199,201,False
2026-05-03 18:55:45.978257,WARNING,api-gateway,Session created for user,222,201,False
2026-05-03 19:09:42.978257,INFO,inventory-service,Order status updated,473,201,False
2026-05-03 19:14:51.978257,INFO,inventory-service,User authenticated,53,200,False
2026-05-03 19:15:04.978257,WARNING,auth-service,Order status updated,87,200,False
2026-05-03 19:15:41.978257,WARNING,payment-service,Request processed successfully,384,201,False
2026-05-03 19:16:22.978257,WARNING,api-gateway,Order status updated,449,200,False
2026-05-03 19:30:45.978257,ERROR,inventory-service,Unhandled exception in request pipeline,7148,503,True
2026-05-03 19:31:57.978257,INFO,payment-service,Request processed successfully,213,201,False
2026-05-03 19:34:55.978257,INFO,inventory-service,User authenticated,101,201,False
2026-05-03 19:45:04.978257,WARNING,payment-service,Database query executed in 212ms,212,201,False
2026-05-03 19:49:43.978257,INFO,auth-service,Cache hit for key,107,200,False
2026-05-03 19:50:15.978257,INFO,payment-service,User authenticated,319,200,False
2026-05-03 19:53:23.978257,ERROR,inventory-service,Connection timeout after 5403ms,5403,503,True
2026-05-03 19:55:09.978257,INFO,payment-service,Health check passed,142,200,False
2026-05-03 19:55:31.978257,WARNING,inventory-service,Order status updated,253,200,False
2026-05-03 19:55:34.978257,INFO,auth-service,Order status updated,365,201,False
2026-05-03 20:01:57.978257,INFO,auth-service,Order status updated,158,201,False
2026-05-03 20:03:54.978257,INFO,payment-service,User authenticated,194,201,False
2026-05-03 20:14:16.978257,INFO,inventory-service,User authenticated,406,201,False
2026-05-03 20:15:59.978257,INFO,notification-service,Request processed successfully,96,200,False
2026-05-03 20:18:48.978257,INFO,auth-service,Session created for user,461,200,False
2026-05-03 20:27:19.978257,WARNING,auth-service,Session created for user,490,200,False
2026-05-03 20:30:33.978257,ERROR,payment-service,Memory usage exceeded threshold,2074,502,True
2026-05-03 20:34:17.978257,WARNING,api-gateway,Cache hit for key,207,201,False
2026-05-03 20:37:42.978257,INFO,auth-service,Database query executed in 237ms,237,200,False
2026-05-03 20:40:27.978257,INFO,notification-service,User authenticated,89,200,False
2026-05-03 20:49:39.978257,WARNING,auth-service,Session created for user,186,200,False
2026-05-03 20:52:40.978257,INFO,payment-service,Request processed successfully,413,200,False
2026-05-03 20:55:44.978257,INFO,auth-service,Cache hit for key,409,200,False
2026-05-03 20:58:14.978257,WARNING,payment-service,Cache hit for key,233,200,False
2026-05-03 21:00:51.978257,INFO,inventory-service,Database query executed in 495ms,495,200,False
2026-05-03 21:05:08.978257,INFO,payment-service,Order status updated,183,201,False
2026-05-03 21:17:04.978257,WARNING,notification-service,User authenticated,353,201,False
2026-05-03 21:20:27.978257,INFO,auth-service,Order status updated,134,200,False
2026-05-03 21:24:43.978257,INFO,api-gateway,Order status updated,282,201,False
2026-05-03 21:30:36.978257,CRITICAL,inventory-service,Database connection pool exhausted,6422,503,True
2026-05-03 21:45:38.978257,INFO,notification-service,Session created for user,264,200,False
2026-05-03 21:53:37.978257,WARNING,payment-service,User authenticated,353,201,False
2026-05-03 22:02:59.978257,WARNING,notification-service,Session created for user,440,201,False
2026-05-03 22:04:16.978257,ERROR,inventory-service,Database connection pool exhausted,4740,500,True
2026-05-03 22:08:06.978257,INFO,auth-service,Order status updated,190,201,False
2026-05-03 22:08:51.978257,INFO,inventory-service,Session created for user,87,200,False
2026-05-03 22:10:55.978257,ERROR,api-gateway,Service unreachable after 3 retries,2544,502,True
2026-05-03 22:20:31.978257,INFO,inventory-service,Cache hit for key,392,201,False
2026-05-03 22:21:11.978257,WARNING,inventory-service,Health check passed,435,200,False
2026-05-03 22:22:54.978257,WARNING,auth-service,User authenticated,188,201,False
2026-05-03 22:25:57.978257,WARNING,payment-service,Session created for user,407,200,False
2026-05-03 22:33:40.978257,INFO,auth-service,User authenticated,474,201,False
2026-05-03 22:35:10.978257,WARNING,payment-service,Request processed successfully,192,200,False
2026-05-03 22:35:47.978257,WARNING,inventory-service,Order status updated,234,200,False
2026-05-03 22:43:23.978257,ERROR,auth-service,Connection timeout after 8880ms,8880,502,True
2026-05-03 22:45:28.978257,INFO,notification-service,Cache hit for key,303,201,False
2026-05-03 22:49:55.978257,WARNING,auth-service,Cache hit for key,103,200,False
2026-05-03 22:58:17.978257,WARNING,auth-service,Session created for user,305,201,False
2026-05-03 23:00:02.978257,INFO,payment-service,Database query executed in 216ms,216,200,False
2026-05-03 23:03:44.978257,INFO,payment-service,Database query executed in 174ms,174,200,False
2026-05-03 23:05:51.978257,CRITICAL,auth-service,Database connection pool exhausted,5107,502,True
2026-05-03 23:08:41.978257,ERROR,api-gateway,Service unreachable after 3 retries,5755,502,True
2026-05-03 23:19:15.978257,INFO,api-gateway,Session created for user,424,201,False
2026-05-03 23:26:17.978257,ERROR,payment-service,Database connection pool exhausted,6978,503,True
2026-05-03 23:27:04.978257,INFO,inventory-service,Order status updated,267,201,False
2026-05-03 23:31:46.978257,INFO,notification-service,Database query executed in 407ms,407,200,False
2026-05-03 23:33:40.978257,WARNING,payment-service,Session created for user,78,201,False
2026-05-03 23:38:05.978257,WARNING,inventory-service,Health check passed,197,200,False
2026-05-03 23:49:03.978257,WARNING,payment-service,Health check passed,81,200,False
2026-05-03 23:52:22.978257,INFO,auth-service,Health check passed,499,201,False
2026-05-03 23:56:43.978257,WARNING,api-gateway,User authenticated,245,201,False
2026-05-04 00:01:50.978257,INFO,api-gateway,Health check passed,252,200,False
2026-05-04 00:02:20.978257,INFO,payment-service,Database query executed in 309ms,309,201,False
2026-05-04 00:13:52.978257,INFO,notification-service,Session created for user,347,200,False
2026-05-04 00:18:26.978257,INFO,api-gateway,Health check passed,445,200,False
2026-05-04 00:19:18.978257,INFO,inventory-service,Database query executed in 102ms,102,200,False
2026-05-04 00:22:48.978257,WARNING,payment-service,Request processed successfully,461,201,False
2026-05-04 00:23:18.978257,WARNING,inventory-service,Health check passed,382,201,False
2026-05-04 00:24:33.978257,INFO,inventory-service,Session created for user,279,201,False
2026-05-04 00:30:03.978257,INFO,inventory-service,Cache hit for key,199,201,False
2026-05-04 00:35:59.978257,WARNING,inventory-service,Order status updated,207,200,False
2026-05-04 00:38:31.978257,INFO,api-gateway,Database query executed in 238ms,238,200,False
2026-05-04 00:46:09.978257,WARNING,notification-service,Database query executed in 253ms,253,200,False
2026-05-04 00:47:14.978257,WARNING,notification-service,Order status updated,290,201,False
2026-05-04 00:54:46.978257,INFO,auth-service,Session created for user,262,201,False
2026-05-04 00:56:13.978257,WARNING,payment-service,User authenticated,179,200,False
2026-05-04 01:01:29.978257,WARNING,inventory-service,User authenticated,395,201,False
2026-05-04 01:08:40.978257,INFO,auth-service,Cache hit for key,344,200,False
2026-05-04 01:16:13.978257,WARNING,payment-service,Request processed successfully,296,200,False
2026-05-04 01:31:04.978257,WARNING,inventory-service,Order status updated,278,200,False
2026-05-04 01:31:20.978257,INFO,payment-service,Request processed successfully,52,200,False
2026-05-04 01:35:17.978257,WARNING,api-gateway,Request processed successfully,351,201,False
2026-05-04 01:40:42.978257,CRITICAL,inventory-service,Connection timeout after 5157ms,5157,502,True
2026-05-04 01:48:05.978257,INFO,inventory-service,Database query executed in 264ms,264,201,False
2026-05-04 01:48:16.978257,INFO,auth-service,Database query executed in 475ms,475,201,False
2026-05-04 01:48:40.978257,INFO,payment-service,User authenticated,82,201,False
2026-05-04 01:50:51.978257,WARNING,notification-service,Health check passed,347,201,False
2026-05-04 01:52:11.978257,INFO,inventory-service,Database query executed in 247ms,247,200,False
2026-05-04 01:55:18.978257,WARNING,api-gateway,User authenticated,325,201,False
2026-05-04 01:57:46.978257,WARNING,auth-service,Order status updated,150,200,False
2026-05-04 01:59:12.978257,WARNING,notification-service,Database query executed in 444ms,444,200,False
2026-05-04 01:59:37.978257,INFO,inventory-service,User authenticated,395,201,False
2026-05-04 02:00:52.978257,INFO,api-gateway,Order status updated,202,201,False
2026-05-04 02:03:18.978257,WARNING,payment-service,Request processed successfully,104,200,False
2026-05-04 02:06:08.978257,INFO,notification-service,Database query executed in 145ms,145,200,False
2026-05-04 02:06:52.978257,INFO,api-gateway,User authenticated,356,201,False
2026-05-04 02:15:38.978257,INFO,notification-service,User authenticated,359,201,False
2026-05-04 02:45:51.978257,INFO,notification-service,Order status updated,157,201,False
2026-05-04 02:50:35.978257,WARNING,payment-service,Session created for user,129,201,False
2026-05-04 02:52:25.978257,ERROR,notification-service,Unhandled exception in request pipeline,3162,503,True
2026-05-04 02:52:49.978257,INFO,auth-service,Database query executed in 467ms,467,200,False
2026-05-04 02:56:29.978257,WARNING,auth-service,Request processed successfully,300,200,False
2026-05-04 03:01:29.978257,INFO,notification-service,Database query executed in 261ms,261,200,False
2026-05-04 03:01:45.978257,INFO,auth-service,Health check passed,83,200,False
2026-05-04 03:02:34.978257,WARNING,inventory-service,Cache hit for key,177,200,False
2026-05-04 03:12:25.978257,INFO,notification-service,Cache hit for key,465,200,False
2026-05-04 03:12:30.978257,WARNING,api-gateway,User authenticated,397,200,False
2026-05-04 03:19:36.978257,WARNING,payment-service,Request processed successfully,197,200,False
2026-05-04 03:20:24.978257,INFO,api-gateway,Request processed successfully,357,201,False
2026-05-04 03:25:30.978257,WARNING,notification-service,Database query executed in 323ms,323,200,False
2026-05-04 03:30:02.978257,INFO,auth-service,Cache hit for key,330,200,False
2026-05-04 03:30:08.978257,WARNING,auth-service,Session created for user,401,200,False
2026-05-04 03:32:50.978257,INFO,inventory-service,User authenticated,67,200,False
2026-05-04 03:35:47.978257,INFO,auth-service,Order status updated,64,201,False
2026-05-04 03:36:08.978257,INFO,inventory-service,Order status updated,236,201,False
2026-05-04 03:37:14.978257,ERROR,api-gateway,Database connection pool exhausted,5531,503,True
2026-05-04 03:46:48.978257,WARNING,inventory-service,Database query executed in 161ms,161,201,False
2026-05-04 03:50:40.978257,WARNING,payment-service,Session created for user,409,201,False
2026-05-04 03:56:45.978257,INFO,payment-service,Session created for user,338,201,False
2026-05-04 03:59:27.978257,INFO,auth-service,Request processed successfully,264,201,False
2026-05-04 04:00:22.978257,WARNING,notification-service,Cache hit for key,445,201,False
2026-05-04 04:06:56.978257,INFO,inventory-service,Request processed successfully,221,201,False
2026-05-04 04:18:47.978257,INFO,payment-service,Database query executed in 111ms,111,201,False
2026-05-04 04:18:53.978257,INFO,notification-service,User authenticated,151,200,False
2026-05-04 04:27:06.978257,INFO,inventory-service,Request processed successfully,408,201,False
2026-05-04 04:36:50.978257,INFO,api-gateway,Health check passed,176,201,False
2026-05-04 04:41:43.978257,WARNING,notification-service,Database query executed in 367ms,367,200,False
2026-05-04 04:48:37.978257,WARNING,api-gateway,Session created for user,122,200,False
2026-05-04 04:57:18.978257,WARNING,auth-service,Database query executed in 260ms,260,201,False
2026-05-04 05:01:31.978257,INFO,inventory-service,Session created for user,53,200,False
2026-05-04 05:03:47.978257,WARNING,notification-service,Request processed successfully,349,200,False
2026-05-04 05:09:57.978257,WARNING,api-gateway,Health check passed,246,200,False
2026-05-04 05:16:04.978257,WARNING,inventory-service,Request processed successfully,149,200,False
2026-05-04 05:16:23.978257,WARNING,inventory-service,Order status updated,319,201,False
2026-05-04 05:19:43.978257,WARNING,inventory-service,Cache hit for key,162,201,False
2026-05-04 05:27:21.978257,INFO,api-gateway,Health check passed,136,201,False
2026-05-04 05:27:24.978257,WARNING,payment-service,Cache hit for key,260,201,False
2026-05-04 05:28:01.978257,WARNING,auth-service,Session created for user,173,200,False
2026-05-04 05:28:50.978257,INFO,payment-service,Order status updated,400,200,False
2026-05-04 05:36:53.978257,INFO,api-gateway,Order status updated,71,200,False
2026-05-04 05:37:17.978257,INFO,notification-service,Request processed successfully,314,200,False
2026-05-04 05:39:51.978257,INFO,notification-service,Health check passed,362,200,False
2026-05-04 05:44:18.978257,WARNING,api-gateway,Health check passed,274,200,False
2026-05-04 05:44:45.978257,WARNING,notification-service,Session created for user,278,200,False
2026-05-04 05:45:28.978257,INFO,inventory-service,Order status updated,216,200,False
2026-05-04 05:49:03.978257,WARNING,notification-service,Health check passed,385,201,False
2026-05-04 05:49:26.978257,WARNING,auth-service,Session created for user,108,200,False
2026-05-04 05:50:32.978257,INFO,notification-service,Order status updated,382,200,False
2026-05-04 05:52:09.978257,CRITICAL,api-gateway,Connection timeout after 4810ms,4810,502,True
2026-05-04 06:05:38.978257,WARNING,api-gateway,Session created for user,381,200,False
2026-05-04 06:17:51.978257,WARNING,payment-service,Health check passed,324,201,False
2026-05-04 06:21:34.978257,INFO,auth-service,Session created for user,486,201,False
2026-05-04 06:24:13.978257,WARNING,inventory-service,Cache hit for key,468,201,False
2026-05-04 06:30:29.978257,INFO,api-gateway,Session created for user,86,201,False
2026-05-04 06:31:54.978257,INFO,inventory-service,Database query executed in 385ms,385,200,False
2026-05-04 06:33:17.978257,WARNING,notification-service,Cache hit for key,448,200,False
2026-05-04 06:36:57.978257,INFO,auth-service,Request processed successfully,454,200,False
2026-05-04 06:42:02.978257,WARNING,api-gateway,Order status updated,391,201,False
2026-05-04 06:42:04.978257,CRITICAL,auth-service,Service unreachable after 3 retries,4634,503,True
2026-05-04 06:47:38.978257,CRITICAL,payment-service,Unhandled exception in request pipeline,7200,502,True
2026-05-04 06:56:46.978257,INFO,api-gateway,Session created for user,240,200,False
2026-05-04 06:57:04.978257,CRITICAL,payment-service,Unhandled exception in request pipeline,2125,500,True
2026-05-04 07:01:58.978257,INFO,notification-service,Request processed successfully,151,200,False
2026-05-04 07:02:15.978257,WARNING,inventory-service,User authenticated,247,200,False
2026-05-04 07:02:17.978257,WARNING,notification-service,Health check passed,388,201,False
2026-05-04 07:03:35.978257,WARNING,notification-service,Cache hit for key,154,200,False
2026-05-04 07:10:45.978257,INFO,inventory-service,Request processed successfully,190,200,False
2026-05-04 07:14:50.978257,WARNING,payment-service,Order status updated,162,200,False
2026-05-04 07:17:58.978257,INFO,api-gateway,Order status updated,283,200,False
2026-05-04 07:21:15.978257,INFO,payment-service,Request processed successfully,61,201,False
2026-05-04 07:21:38.978257,INFO,notification-service,Health check passed,385,200,False
2026-05-04 07:28:30.978257,CRITICAL,notification-service,Database connection pool exhausted,5793,502,True
2026-05-04 07:28:58.978257,WARNING,notification-service,Cache hit for key,225,200,False
2026-05-04 07:29:08.978257,WARNING,auth-service,Session created for user,146,201,False
2026-05-04 07:36:19.978257,INFO,inventory-service,Cache hit for key,167,200,False
2026-05-04 07:37:49.978257,ERROR,notification-service,Memory usage exceeded threshold,2894,500,True
2026-05-04 07:43:08.978257,INFO,inventory-service,Session created for user,343,200,False
2026-05-04 07:46:22.978257,INFO,notification-service,Database query executed in 450ms,450,201,False
2026-05-04 07:46:57.978257,INFO,notification-service,Cache hit for key,397,201,False
2026-05-04 07:54:49.978257,ERROR,payment-service,Database connection pool exhausted,6027,503,True
2026-05-04 07:55:40.978257,INFO,api-gateway,Cache hit for key,140,200,False
2026-05-04 07:56:13.978257,ERROR,inventory-service,Connection timeout after 5549ms,5549,502,True
2026-05-04 07:58:30.978257,WARNING,api-gateway,Session created for user,302,201,False
2026-05-04 08:02:29.978257,WARNING,auth-service,Cache hit for key,109,201,False
2026-05-04 08:07:09.978257,ERROR,inventory-service,Memory usage exceeded threshold,6111,503,True
2026-05-04 08:08:15.978257,CRITICAL,notification-service,Memory usage exceeded threshold,4485,503,True
2026-05-04 08:09:30.978257,INFO,auth-service,User authenticated,306,200,False
2026-05-04 08:09:58.978257,WARNING,payment-service,Database query executed in 87ms,87,201,False
2026-05-04 08:11:02.978257,CRITICAL,notification-service,Service unreachable after 3 retries,3814,503,True
2026-05-04 08:16:42.978257,INFO,api-gateway,Order status updated,369,200,False
2026-05-04 08:18:08.978257,WARNING,payment-service,Request processed successfully,399,200,False
2026-05-04 08:21:13.978257,CRITICAL,inventory-service,Connection timeout after 2779ms,2779,500,True
2026-05-04 08:30:24.978257,INFO,payment-service,Health check passed,245,201,False
2026-05-04 08:31:45.978257,INFO,inventory-service,Order status updated,53,200,False
2026-05-04 08:32:50.978257,INFO,auth-service,Database query executed in 279ms,279,200,False
2026-05-04 08:39:45.978257,WARNING,notification-service,Session created for user,192,200,False
2026-05-04 08:39:45.978257,WARNING,api-gateway,Health check passed,61,201,False
2026-05-04 08:42:46.978257,WARNING,auth-service,Database query executed in 281ms,281,200,False
2026-05-04 08:43:02.978257,WARNING,inventory-service,Cache hit for key,464,201,False
2026-05-04 08:43:47.978257,WARNING,inventory-service,User authenticated,77,201,False
2026-05-04 08:48:09.978257,INFO,api-gateway,Health check passed,181,200,False
2026-05-04 08:51:10.978257,INFO,auth-service,Request processed successfully,352,201,False
2026-05-04 08:58:26.978257,INFO,notification-service,User authenticated,103,200,False
2026-05-04 08:59:24.978257,WARNING,payment-service,Health check passed,146,200,False
2026-05-04 09:14:07.978257,WARNING,payment-service,Order status updated,331,200,False
2026-05-04 09:18:46.978257,WARNING,payment-service,Order status updated,451,201,False
2026-05-04 09:30:43.978257,WARNING,api-gateway,Order status updated,223,201,False
2026-05-04 09:36:18.978257,INFO,inventory-service,Database query executed in 423ms,423,201,False
2026-05-04 09:37:26.978257,WARNING,api-gateway,Session created for user,146,201,False
2026-05-04 09:38:57.978257,INFO,inventory-service,Cache hit for key,140,200,False
2026-05-04 09:39:31.978257,INFO,inventory-service,Order status updated,216,201,False
2026-05-04 09:42:04.978257,WARNING,inventory-service,Health check passed,241,200,False
2026-05-04 09:43:35.978257,INFO,api-gateway,Database query executed in 79ms,79,201,False
2026-05-04 09:44:13.978257,WARNING,payment-service,Order status updated,179,201,False
2026-05-04 09:45:07.978257,INFO,api-gateway,Database query executed in 213ms,213,200,False
2026-05-04 09:50:21.978257,INFO,auth-service,Request processed successfully,439,200,False
2026-05-04 09:54:26.978257,WARNING,payment-service,Request processed successfully,439,201,False
2026-05-04 10:09:17.978257,INFO,inventory-service,Order status updated,361,200,False
2026-05-04 10:12:55.978257,INFO,api-gateway,Order status updated,303,200,False
2026-05-04 10:13:57.978257,WARNING,payment-service,Database query executed in 177ms,177,201,False
2026-05-04 10:30:33.978257,WARNING,payment-service,Database query executed in 170ms,170,200,False
2026-05-04 10:41:38.978257,WARNING,auth-service,Health check passed,57,201,False
2026-05-04 10:43:13.978257,INFO,auth-service,Health check passed,413,201,False
2026-05-04 10:44:24.978257,INFO,auth-service,Database query executed in 454ms,454,201,False
2026-05-04 10:52:56.978257,INFO,api-gateway,Order status updated,392,201,False
2026-05-04 10:54:05.978257,INFO,notification-service,Cache hit for key,443,201,False
2026-05-04 10:54:59.978257,WARNING,inventory-service,Cache hit for key,490,200,False
2026-05-04 10:56:14.978257,INFO,inventory-service,Order status updated,403,200,False
2026-05-04 10:56:44.978257,INFO,inventory-service,User authenticated,112,200,False
2026-05-04 10:57:26.978257,INFO,auth-service,Health check passed,367,200,False
2026-05-04 11:00:58.978257,WARNING,inventory-service,Health check passed,113,200,False
2026-05-04 11:03:16.978257,INFO,payment-service,Health check passed,476,201,False
2026-05-04 11:06:16.978257,WARNING,payment-service,Session created for user,112,201,False
2026-05-04 11:10:48.978257,WARNING,api-gateway,Cache hit for key,289,200,False
2026-05-04 11:31:24.978257,WARNING,payment-service,Database query executed in 125ms,125,200,False
2026-05-04 11:31:57.978257,INFO,payment-service,Session created for user,403,201,False
2026-05-04 11:39:25.978257,ERROR,auth-service,Connection timeout after 2880ms,2880,502,True
2026-05-04 11:41:38.978257,ERROR,notification-service,Database connection pool exhausted,4303,502,True
2026-05-04 11:41:49.978257,WARNING,payment-service,Session created for user,386,201,False
2026-05-04 11:48:42.978257,WARNING,auth-service,Cache hit for key,382,201,False
2026-05-04 11:54:56.978257,INFO,notification-service,Request processed successfully,282,201,False
2026-05-04 11:56:32.978257,INFO,notification-service,Order status updated,123,201,False
2026-05-04 11:57:25.978257,INFO,inventory-service,Request processed successfully,485,200,False
2026-05-04 12:04:01.978257,ERROR,api-gateway,Database connection pool exhausted,2649,503,True
2026-05-04 12:17:26.978257,INFO,api-gateway,Order status updated,174,200,False
2026-05-04 12:25:22.978257,INFO,notification-service,Database query executed in 209ms,209,200,False
2026-05-04 12:26:57.978257,INFO,payment-service,User authenticated,178,201,False
2026-05-04 12:29:43.978257,WARNING,api-gateway,Session created for user,425,200,False
2026-05-04 12:34:17.978257,WARNING,api-gateway,Session created for user,456,200,False
2026-05-04 12:36:06.978257,INFO,auth-service,Request processed successfully,437,200,False
2026-05-04 12:37:44.978257,WARNING,auth-service,Request processed successfully,444,201,False
2026-05-04 12:39:28.978257,INFO,auth-service,Database query executed in 461ms,461,201,False
2026-05-04 12:41:25.978257,ERROR,payment-service,Database connection pool exhausted,4539,503,True
2026-05-04 12:42:22.978257,INFO,auth-service,Order status updated,461,200,False
2026-05-04 12:53:43.978257,INFO,payment-service,Order status updated,481,200,False
2026-05-04 12:58:06.978257,INFO,payment-service,Cache hit for key,499,200,False
2026-05-04 13:00:44.978257,INFO,payment-service,Health check passed,419,201,False
2026-05-04 13:06:44.978257,INFO,api-gateway,Cache hit for key,90,201,False
2026-05-04 13:08:07.978257,WARNING,inventory-service,Health check passed,398,200,False
2026-05-04 13:08:35.978257,INFO,notification-service,Database query executed in 415ms,415,201,False
2026-05-04 13:25:36.978257,INFO,auth-service,Session created for user,482,200,False
2026-05-04 13:26:33.978257,WARNING,api-gateway,Database query executed in 345ms,345,200,False
2026-05-04 13:38:05.978257,WARNING,auth-service,Health check passed,90,200,False
2026-05-04 13:38:47.978257,INFO,payment-service,User authenticated,78,200,False
2026-05-04 13:40:52.978257,CRITICAL,notification-service,Connection timeout after 6276ms,6276,500,True
2026-05-04 13:40:57.978257,WARNING,inventory-service,User authenticated,476,200,False
2026-05-04 13:49:30.978257,INFO,notification-service,Session created for user,85,201,False
2026-05-04 13:52:42.978257,WARNING,notification-service,Session created for user,476,201,False
2026-05-04 13:54:31.978257,INFO,payment-service,Request processed successfully,145,200,False
2026-05-04 13:55:39.978257,INFO,auth-service,Cache hit for key,444,201,False
2026-05-04 13:56:43.978257,CRITICAL,inventory-service,Connection timeout after 2129ms,2129,500,True
2026-05-04 13:57:39.978257,INFO,auth-service,Database query executed in 485ms,485,201,False
2026-05-04 13:59:38.978257,INFO,auth-service,Cache hit for key,244,200,False
2026-05-04 14:06:56.978257,WARNING,payment-service,Database query executed in 288ms,288,201,False
2026-05-04 14:12:34.978257,WARNING,api-gateway,Order status updated,427,201,False
2026-05-04 14:13:06.978257,INFO,notification-service,Session created for user,149,200,False
2026-05-04 14:14:37.978257,INFO,notification-service,Order status updated,227,200,False
2026-05-04 14:14:41.978257,WARNING,api-gateway,Session created for user,337,200,False
2026-05-04 14:26:22.978257,INFO,api-gateway,Health check passed,144,201,False
2026-05-04 14:35:03.978257,WARNING,api-gateway,Order status updated,395,201,False
2026-05-04 14:37:49.978257,INFO,notification-service,Order status updated,278,200,False
2026-05-04 14:37:56.978257,INFO,notification-service,Session created for user,489,200,False
2026-05-04 14:53:32.978257,WARNING,inventory-service,User authenticated,82,200,False
2026-05-04 14:57:50.978257,INFO,payment-service,Health check passed,171,200,False
2026-05-04 15:02:36.978257,WARNING,api-gateway,Cache hit for key,172,200,False
2026-05-04 15:04:39.978257,WARNING,api-gateway,Database query executed in 144ms,144,201,False
2026-05-04 15:11:19.978257,WARNING,api-gateway,User authenticated,172,201,False
2026-05-04 15:12:35.978257,WARNING,inventory-service,Order status updated,297,201,False
2026-05-04 15:15:46.978257,WARNING,api-gateway,Health check passed,455,200,False
2026-05-04 15:21:19.978257,INFO,auth-service,Session created for user,267,201,False
2026-05-04 15:24:24.978257,INFO,notification-service,Cache hit for key,333,200,False
2026-05-04 15:27:56.978257,INFO,auth-service,Session created for user,377,200,False
2026-05-04 15:32:41.978257,INFO,inventory-service,User authenticated,351,200,False
2026-05-04 15:34:42.978257,WARNING,api-gateway,Request processed successfully,398,200,False
2026-05-04 15:44:30.978257,INFO,inventory-service,Database query executed in 237ms,237,200,False
2026-05-04 15:45:00.978257,CRITICAL,auth-service,Database connection pool exhausted,2593,502,True
2026-05-04 15:49:25.978257,WARNING,inventory-service,Session created for user,309,200,False
2026-05-04 15:49:48.978257,INFO,inventory-service,Request processed successfully,430,200,False
2026-05-04 15:51:04.978257,CRITICAL,auth-service,Connection timeout after 6215ms,6215,503,True
2026-05-04 15:53:51.978257,INFO,auth-service,Request processed successfully,346,201,False
2026-05-04 16:11:30.978257,INFO,inventory-service,Session created for user,327,201,False
2026-05-04 16:12:46.978257,WARNING,payment-service,Order status updated,246,201,False
2026-05-04 16:13:19.978257,INFO,inventory-service,Database query executed in 118ms,118,201,False
2026-05-04 16:23:00.978257,INFO,auth-service,Database query executed in 289ms,289,201,False
2026-05-04 16:23:05.978257,INFO,auth-service,Session created for user,495,201,False
2026-05-04 16:28:08.978257,CRITICAL,notification-service,Memory usage exceeded threshold,7707,503,True
2026-05-04 16:33:57.978257,INFO,inventory-service,Health check passed,325,201,False
2026-05-04 16:34:32.978257,ERROR,inventory-service,Database connection pool exhausted,4632,500,True
2026-05-04 16:41:10.978257,WARNING,auth-service,User authenticated,124,200,False
2026-05-04 16:41:56.978257,INFO,auth-service,Session created for user,181,201,False
2026-05-04 16:57:10.978257,INFO,inventory-service,Order status updated,250,201,False
2026-05-04 17:01:20.978257,WARNING,inventory-service,Health check passed,158,200,False
2026-05-04 17:04:14.978257,INFO,payment-service,Order status updated,201,201,False
2026-05-04 17:22:42.978257,INFO,auth-service,Request processed successfully,387,200,False
2026-05-04 17:33:39.978257,WARNING,inventory-service,Order status updated,87,200,False
2026-05-04 17:39:08.978257,INFO,notification-service,Request processed successfully,58,200,False
2026-05-04 17:40:40.978257,WARNING,inventory-service,Database query executed in 219ms,219,201,False
2026-05-04 17:45:45.978257,INFO,auth-service,Health check passed,94,200,False
2026-05-04 17:46:21.978257,INFO,payment-service,Cache hit for key,57,201,False
2026-05-04 17:54:44.978257,WARNING,payment-service,User authenticated,287,200,False
2026-05-04 18:02:15.978257,INFO,notification-service,Request processed successfully,181,201,False
2026-05-04 18:02:51.978257,INFO,payment-service,Session created for user,479,200,False
2026-05-04 18:04:10.978257,WARNING,payment-service,Order status updated,385,200,False
2026-05-04 18:05:12.978257,INFO,auth-service,Health check passed,307,201,False
2026-05-04 18:05:49.978257,INFO,auth-service,Cache hit for key,132,201,False
2026-05-04 18:32:36.978257,WARNING,payment-service,Health check passed,301,201,False
2026-05-04 18:32:51.978257,INFO,inventory-service,Cache hit for key,150,201,False
2026-05-04 18:34:12.978257,WARNING,inventory-service,Cache hit for key,120,200,False
2026-05-04 18:36:18.978257,WARNING,notification-service,Database query executed in 110ms,110,200,False
2026-05-04 18:36:49.978257,INFO,auth-service,Database query executed in 76ms,76,200,False
2026-05-04 18:36:49.978257,WARNING,notification-service,Session created for user,54,200,False
2026-05-04 18:40:25.978257,WARNING,notification-service,Database query executed in 78ms,78,201,False
2026-05-04 18:40:41.978257,INFO,auth-service,Request processed successfully,348,201,False
2026-05-04 18:45:41.978257,INFO,inventory-service,Request processed successfully,294,201,False
2026-05-04 18:47:20.978257,INFO,api-gateway,Request processed successfully,167,201,False
2026-05-04 18:49:43.978257,ERROR,auth-service,Connection timeout after 3132ms,3132,500,True
2026-05-04 18:50:46.978257,CRITICAL,payment-service,Unhandled exception in request pipeline,8486,500,True
2026-05-04 18:54:38.978257,WARNING,inventory-service,Health check passed,351,201,False
2026-05-04 18:58:58.978257,INFO,auth-service,Order status updated,324,200,False
2026-05-04 18:59:10.978257,WARNING,notification-service,Session created for user,441,201,False
2026-05-04 19:05:14.978257,INFO,auth-service,Health check passed,103,201,False
2026-05-04 19:06:01.978257,INFO,api-gateway,Request processed successfully,61,201,False
2026-05-04 19:11:40.978257,INFO,payment-service,Health check passed,455,200,False
2026-05-04 19:13:26.978257,WARNING,api-gateway,Database query executed in 435ms,435,200,False
2026-05-04 19:13:39.978257,INFO,payment-service,Cache hit for key,222,200,False
2026-05-04 19:15:10.978257,ERROR,payment-service,Memory usage exceeded threshold,8690,502,True
2026-05-04 19:20:01.978257,WARNING,api-gateway,Cache hit for key,496,201,False
2026-05-04 19:25:47.978257,INFO,auth-service,Session created for user,156,201,False
2026-05-04 19:27:44.978257,INFO,auth-service,Cache hit for key,288,201,False
2026-05-04 19:40:34.978257,INFO,auth-service,Health check passed,229,201,False
2026-05-04 19:49:58.978257,WARNING,inventory-service,Request processed successfully,453,200,False
2026-05-04 19:54:00.978257,INFO,inventory-service,Request processed successfully,159,200,False
2026-05-04 19:55:41.978257,INFO,inventory-service,Session created for user,348,200,False
2026-05-04 20:10:19.978257,INFO,api-gateway,Order status updated,99,201,False
2026-05-04 20:12:17.978257,ERROR,notification-service,Database connection pool exhausted,3374,503,True
2026-05-04 20:14:57.978257,WARNING,inventory-service,Request processed successfully,122,201,False
2026-05-04 20:21:00.978257,INFO,notification-service,Order status updated,75,200,False
2026-05-04 20:21:22.978257,INFO,api-gateway,User authenticated,169,200,False
2026-05-04 20:24:38.978257,WARNING,payment-service,Database query executed in 150ms,150,200,False
2026-05-04 20:30:41.978257,INFO,notification-service,Database query executed in 115ms,115,200,False
2026-05-04 20:32:10.978257,WARNING,notification-service,Database query executed in 307ms,307,200,False
2026-05-04 20:32:31.978257,WARNING,auth-service,Request processed successfully,242,200,False
2026-05-04 20:32:57.978257,INFO,api-gateway,Database query executed in 477ms,477,201,False
2026-05-04 20:32:58.978257,WARNING,payment-service,Database query executed in 271ms,271,201,False
2026-05-04 20:33:39.978257,WARNING,auth-service,Database query executed in 255ms,255,200,False
2026-05-04 20:37:59.978257,INFO,api-gateway,Order status updated,236,201,False
2026-05-04 20:43:51.978257,WARNING,auth-service,Health check passed,226,200,False
2026-05-04 20:44:00.978257,INFO,auth-service,Session created for user,66,200,False
2026-05-04 20:44:53.978257,INFO,notification-service,Database query executed in 248ms,248,201,False
2026-05-04 20:49:55.978257,WARNING,notification-service,Session created for user,202,201,False
2026-05-04 20:52:24.978257,INFO,payment-service,Cache hit for key,57,200,False
2026-05-04 21:02:59.978257,WARNING,payment-service,Session created for user,146,201,False
2026-05-04 21:07:01.978257,WARNING,auth-service,Cache hit for key,256,201,False
2026-05-04 21:07:40.978257,INFO,auth-service,Order status updated,195,200,False
2026-05-04 21:12:23.978257,WARNING,payment-service,Request processed successfully,231,201,False
2026-05-04 21:19:22.978257,INFO,payment-service,Request processed successfully,85,201,False
2026-05-04 21:20:55.978257,WARNING,inventory-service,Health check passed,335,200,False
2026-05-04 21:31:57.978257,WARNING,api-gateway,Order status updated,154,201,False
2026-05-04 21:32:34.978257,WARNING,notification-service,Health check passed,276,200,False
2026-05-04 21:35:23.978257,WARNING,notification-service,User authenticated,188,200,False
2026-05-04 21:35:52.978257,INFO,auth-service,Health check passed,116,200,False
2026-05-04 21:36:43.978257,INFO,inventory-service,Request processed successfully,235,201,False
2026-05-04 21:36:49.978257,WARNING,inventory-service,User authenticated,305,201,False
2026-05-04 21:38:06.978257,WARNING,inventory-service,Database query executed in 105ms,105,200,False
2026-05-04 21:46:21.978257,INFO,api-gateway,Session created for user,107,201,False
2026-05-04 21:46:35.978257,ERROR,notification-service,Memory usage exceeded threshold,6761,503,True
2026-05-04 21:49:03.978257,WARNING,auth-service,User authenticated,262,200,False
2026-05-04 21:49:31.978257,INFO,auth-service,Cache hit for key,364,200,False
2026-05-04 21:53:37.978257,WARNING,inventory-service,Health check passed,240,200,False
2026-05-04 22:04:43.978257,INFO,api-gateway,Health check passed,158,201,False
2026-05-04 22:05:02.978257,WARNING,payment-service,User authenticated,452,201,False
2026-05-04 22:12:52.978257,INFO,notification-service,Session created for user,270,201,False
2026-05-04 22:14:33.978257,WARNING,inventory-service,Health check passed,98,200,False
2026-05-04 22:15:17.978257,INFO,notification-service,Session created for user,189,201,False
2026-05-04 22:25:45.978257,INFO,payment-service,Cache hit for key,66,200,False
2026-05-04 22:26:10.978257,WARNING,notification-service,Request processed successfully,491,200,False
2026-05-04 22:27:56.978257,CRITICAL,auth-service,Unhandled exception in request pipeline,3109,500,True
2026-05-04 22:29:04.978257,INFO,api-gateway,Cache hit for key,409,201,False
2026-05-04 22:30:53.978257,WARNING,api-gateway,User authenticated,165,201,False
2026-05-04 22:31:32.978257,INFO,payment-service,Health check passed,254,201,False
2026-05-04 22:37:30.978257,WARNING,inventory-service,Cache hit for key,358,201,False
2026-05-04 22:43:12.978257,WARNING,inventory-service,User authenticated,473,200,False
2026-05-04 22:44:40.978257,WARNING,inventory-service,Order status updated,205,201,False
2026-05-04 22:48:59.978257,INFO,inventory-service,Health check passed,55,201,False
2026-05-04 22:52:18.978257,WARNING,notification-service,User authenticated,431,200,False
2026-05-04 22:59:56.978257,WARNING,auth-service,Order status updated,220,201,False
2026-05-04 23:05:32.978257,INFO,payment-service,Order status updated,380,200,False
2026-05-04 23:09:01.978257,WARNING,inventory-service,Request processed successfully,458,201,False
2026-05-04 23:17:22.978257,WARNING,api-gateway,Database query executed in 348ms,348,200,False
2026-05-04 23:18:51.978257,INFO,payment-service,Database query executed in 283ms,283,201,False
2026-05-04 23:34:38.978257,INFO,inventory-service,Cache hit for key,182,200,False
2026-05-04 23:37:02.978257,WARNING,payment-service,User authenticated,267,200,False
2026-05-04 23:40:35.978257,INFO,api-gateway,Order status updated,352,201,False
2026-05-04 23:49:00.978257,WARNING,inventory-service,Database query executed in 152ms,152,201,False
2026-05-04 23:49:44.978257,WARNING,auth-service,Request processed successfully,118,200,False
2026-05-04 23:56:01.978257,INFO,inventory-service,User authenticated,175,201,False
2026-05-04 23:58:04.978257,INFO,notification-service,Order status updated,142,200,False
2026-05-04 23:58:19.978257,CRITICAL,notification-service,Memory usage exceeded threshold,2068,500,True
2026-05-05 00:01:13.978257,WARNING,auth-service,Health check passed,153,201,False
2026-05-05 00:04:22.978257,ERROR,payment-service,Connection timeout after 6841ms,6841,502,True
2026-05-05 00:12:44.978257,INFO,payment-service,Cache hit for key,64,200,False
2026-05-05 00:18:04.978257,WARNING,notification-service,Request processed successfully,276,201,False
2026-05-05 00:26:18.978257,WARNING,inventory-service,Cache hit for key,414,200,False
2026-05-05 00:26:58.978257,INFO,auth-service,Cache hit for key,279,201,False
2026-05-05 00:29:31.978257,INFO,inventory-service,Cache hit for key,394,200,False
2026-05-05 00:34:12.978257,CRITICAL,inventory-service,Memory usage exceeded threshold,3517,503,True
2026-05-05 00:34:38.978257,WARNING,auth-service,Cache hit for key,88,200,False
2026-05-05 00:34:52.978257,INFO,inventory-service,Session created for user,402,200,False
2026-05-05 00:35:06.978257,WARNING,api-gateway,Database query executed in 440ms,440,201,False
2026-05-05 00:36:50.978257,WARNING,api-gateway,Cache hit for key,105,200,False
2026-05-05 00:49:00.978257,WARNING,auth-service,Order status updated,75,200,False
2026-05-05 00:49:06.978257,ERROR,auth-service,Database connection pool exhausted,5791,503,True
2026-05-05 00:51:52.978257,WARNING,payment-service,Request processed successfully,373,200,False
2026-05-05 00:54:37.978257,WARNING,payment-service,Session created for user,124,201,False
2026-05-05 01:02:11.978257,INFO,auth-service,Request processed successfully,250,200,False
2026-05-05 01:09:42.978257,WARNING,auth-service,Order status updated,263,200,False
2026-05-05 01:11:43.978257,WARNING,api-gateway,Session created for user,340,200,False
2026-05-05 01:13:23.978257,INFO,inventory-service,Session created for user,129,201,False
2026-05-05 01:15:06.978257,CRITICAL,api-gateway,Service unreachable after 3 retries,6744,503,True
2026-05-05 01:24:24.978257,INFO,auth-service,Session created for user,299,200,False
2026-05-05 01:25:31.978257,ERROR,inventory-service,Service unreachable after 3 retries,8905,503,True
2026-05-05 01:32:07.978257,WARNING,api-gateway,Cache hit for key,498,201,False
2026-05-05 01:41:51.978257,INFO,api-gateway,Cache hit for key,81,201,False
2026-05-05 01:42:16.978257,ERROR,inventory-service,Connection timeout after 4573ms,4573,502,True
2026-05-05 01:46:31.978257,INFO,inventory-service,Session created for user,242,201,False
2026-05-05 01:51:00.978257,WARNING,api-gateway,Database query executed in 446ms,446,201,False
2026-05-05 01:57:04.978257,WARNING,auth-service,Order status updated,232,201,False
2026-05-05 02:03:00.978257,WARNING,inventory-service,Request processed successfully,299,200,False
2026-05-05 02:13:08.978257,CRITICAL,payment-service,Memory usage exceeded threshold,3686,502,True
2026-05-05 02:13:29.978257,INFO,inventory-service,Order status updated,64,201,False
2026-05-05 02:18:42.978257,WARNING,notification-service,Request processed successfully,377,201,False
2026-05-05 02:28:15.978257,CRITICAL,notification-service,Service unreachable after 3 retries,4061,500,True
2026-05-05 02:30:46.978257,CRITICAL,payment-service,Database connection pool exhausted,6714,502,True
2026-05-05 02:30:51.978257,WARNING,inventory-service,Request processed successfully,307,200,False
2026-05-05 02:31:02.978257,WARNING,api-gateway,Session created for user,441,201,False
2026-05-05 02:38:19.978257,WARNING,api-gateway,User authenticated,324,201,False
2026-05-05 02:39:02.978257,INFO,payment-service,Session created for user,371,201,False
2026-05-05 02:44:11.978257,INFO,inventory-service,Session created for user,134,200,False
2026-05-05 02:52:31.978257,WARNING,payment-service,Session created for user,334,201,False
2026-05-05 03:05:15.978257,ERROR,auth-service,Service unreachable after 3 retries,7185,500,True
2026-05-05 03:07:05.978257,WARNING,auth-service,User authenticated,211,201,False
2026-05-05 03:07:19.978257,ERROR,inventory-service,Service unreachable after 3 retries,5006,503,True
2026-05-05 03:08:49.978257,INFO,notification-service,Health check passed,52,201,False
2026-05-05 03:12:13.978257,INFO,auth-service,Request processed successfully,311,200,False
2026-05-05 03:14:20.978257,WARNING,notification-service,Cache hit for key,148,201,False
2026-05-05 03:16:29.978257,WARNING,inventory-service,User authenticated,233,200,False
2026-05-05 03:20:40.978257,CRITICAL,inventory-service,Service unreachable after 3 retries,8320,500,True
2026-05-05 03:22:15.978257,ERROR,payment-service,Unhandled exception in request pipeline,5895,502,True
2026-05-05 03:38:40.978257,WARNING,notification-service,Health check passed,261,200,False
2026-05-05 03:41:25.978257,CRITICAL,payment-service,Connection timeout after 7380ms,7380,500,True
2026-05-05 03:51:57.978257,WARNING,auth-service,Request processed successfully,244,200,False
2026-05-05 03:55:37.978257,WARNING,api-gateway,Order status updated,208,200,False
2026-05-05 03:57:05.978257,WARNING,notification-service,Order status updated,97,201,False
2026-05-05 04:06:54.978257,WARNING,api-gateway,Cache hit for key,453,200,False
2026-05-05 04:07:43.978257,WARNING,notification-service,User authenticated,184,200,False
2026-05-05 04:10:26.978257,INFO,auth-service,Health check passed,252,200,False
2026-05-05 04:10:50.978257,INFO,api-gateway,Request processed successfully,182,201,False
2026-05-05 04:11:05.978257,INFO,inventory-service,Database query executed in 289ms,289,200,False
2026-05-05 04:22:49.978257,ERROR,notification-service,Service unreachable after 3 retries,6160,503,True
2026-05-05 04:25:19.978257,WARNING,payment-service,Request processed successfully,137,201,False
2026-05-05 04:25:41.978257,INFO,inventory-service,Order status updated,223,201,False
2026-05-05 04:25:43.978257,INFO,inventory-service,Health check passed,304,200,False
2026-05-05 04:32:45.978257,WARNING,notification-service,Health check passed,287,200,False
2026-05-05 04:35:07.978257,INFO,api-gateway,Cache hit for key,249,200,False
2026-05-05 04:39:40.978257,WARNING,notification-service,Cache hit for key,186,200,False
2026-05-05 04:47:41.978257,WARNING,auth-service,Request processed successfully,256,201,False
2026-05-05 04:52:09.978257,INFO,notification-service,User authenticated,160,201,False
2026-05-05 05:09:01.978257,INFO,payment-service,Order status updated,281,200,False
2026-05-05 05:11:46.978257,INFO,notification-service,Session created for user,64,200,False
2026-05-05 05:15:28.978257,WARNING,auth-service,Health check passed,313,201,False
2026-05-05 05:16:34.978257,WARNING,payment-service,Database query executed in 467ms,467,200,False
2026-05-05 05:18:34.978257,WARNING,api-gateway,Request processed successfully,373,200,False
2026-05-05 05:23:06.978257,INFO,auth-service,Request processed successfully,214,200,False
2026-05-05 05:24:16.978257,WARNING,notification-service,Session created for user,335,200,False
2026-05-05 05:35:00.978257,INFO,auth-service,Health check passed,348,200,False
2026-05-05 05:37:32.978257,WARNING,inventory-service,Session created for user,423,201,False
2026-05-05 05:37:36.978257,WARNING,payment-service,Cache hit for key,426,201,False
2026-05-05 05:47:06.978257,INFO,notification-service,Cache hit for key,248,200,False
2026-05-05 05:48:16.978257,WARNING,inventory-service,Request processed successfully,180,201,False
2026-05-05 05:49:12.978257,INFO,payment-service,Health check passed,491,201,False
2026-05-05 05:51:48.978257,WARNING,payment-service,User authenticated,201,200,False
2026-05-05 05:53:41.978257,WARNING,inventory-service,Cache hit for key,69,201,False
2026-05-05 05:55:48.978257,ERROR,inventory-service,Unhandled exception in request pipeline,8568,502,True
2026-05-05 05:56:35.978257,WARNING,auth-service,Request processed successfully,160,200,False
2026-05-05 06:02:41.978257,WARNING,payment-service,Order status updated,82,201,False
2026-05-05 06:03:19.978257,INFO,api-gateway,Health check passed,369,200,False
2026-05-05 06:03:56.978257,ERROR,notification-service,Service unreachable after 3 retries,4924,503,True
2026-05-05 06:08:31.978257,INFO,api-gateway,Database query executed in 91ms,91,200,False
2026-05-05 06:17:38.978257,INFO,inventory-service,Session created for user,391,200,False
2026-05-05 06:18:36.978257,INFO,notification-service,Session created for user,456,200,False
2026-05-05 06:25:44.978257,WARNING,payment-service,Cache hit for key,344,201,False
2026-05-05 06:26:08.978257,CRITICAL,notification-service,Service unreachable after 3 retries,7178,502,True
2026-05-05 06:32:21.978257,WARNING,notification-service,User authenticated,206,201,False
2026-05-05 06:36:00.978257,WARNING,api-gateway,User authenticated,285,201,False
2026-05-05 06:39:21.978257,WARNING,inventory-service,Request processed successfully,82,200,False
2026-05-05 06:50:26.978257,INFO,auth-service,Request processed successfully,198,200,False
2026-05-05 06:50:51.978257,WARNING,notification-service,User authenticated,198,201,False
2026-05-05 06:58:14.978257,WARNING,payment-service,Database query executed in 457ms,457,200,False
2026-05-05 07:00:30.978257,WARNING,notification-service,Order status updated,426,200,False
2026-05-05 07:00:50.978257,WARNING,notification-service,Cache hit for key,130,201,False
2026-05-05 07:01:38.978257,INFO,notification-service,Request processed successfully,383,200,False
2026-05-05 07:03:07.978257,WARNING,auth-service,Database query executed in 304ms,304,200,False
2026-05-05 07:04:58.978257,INFO,inventory-service,Health check passed,322,200,False
2026-05-05 07:17:06.978257,ERROR,auth-service,Service unreachable after 3 retries,8793,502,True
2026-05-05 07:29:49.978257,WARNING,notification-service,Database query executed in 158ms,158,200,False
2026-05-05 07:34:03.978257,WARNING,inventory-service,Session created for user,346,201,False
2026-05-05 07:36:02.978257,WARNING,payment-service,Database query executed in 96ms,96,201,False
2026-05-05 07:48:51.978257,INFO,notification-service,Session created for user,452,201,False
2026-05-05 07:50:45.978257,INFO,inventory-service,Request processed successfully,455,201,False
2026-05-05 07:50:48.978257,WARNING,auth-service,Database query executed in 127ms,127,201,False
2026-05-05 07:51:14.978257,INFO,payment-service,Request processed successfully,277,200,False
2026-05-05 07:51:15.978257,INFO,api-gateway,Request processed successfully,62,201,False
2026-05-05 08:01:20.978257,ERROR,auth-service,Database connection pool exhausted,7590,500,True
2026-05-05 08:05:06.978257,INFO,auth-service,User authenticated,355,201,False
2026-05-05 08:18:02.978257,INFO,payment-service,Request processed successfully,97,201,False
2026-05-05 08:21:05.978257,INFO,notification-service,Session created for user,259,201,False
2026-05-05 08:21:41.978257,INFO,api-gateway,Request processed successfully,282,201,False
2026-05-05 08:28:15.978257,WARNING,api-gateway,Order status updated,375,200,False
2026-05-05 08:36:14.978257,WARNING,api-gateway,Order status updated,221,200,False
2026-05-05 08:36:34.978257,WARNING,notification-service,Order status updated,172,200,False
2026-05-05 08:38:19.978257,WARNING,notification-service,Session created for user,149,201,False
2026-05-05 08:38:44.978257,WARNING,payment-service,Health check passed,78,201,False
2026-05-05 08:38:49.978257,INFO,notification-service,User authenticated,272,200,False
2026-05-05 08:41:41.978257,INFO,payment-service,Order status updated,282,200,False
2026-05-05 08:43:31.978257,INFO,auth-service,Session created for user,87,201,False
2026-05-05 08:50:18.978257,INFO,inventory-service,Health check passed,183,201,False
2026-05-05 08:50:25.978257,INFO,api-gateway,Cache hit for key,192,200,False
2026-05-05 08:52:11.978257,WARNING,inventory-service,Database query executed in 139ms,139,201,False
2026-05-05 08:54:08.978257,WARNING,api-gateway,Cache hit for key,261,200,False
2026-05-05 08:55:09.978257,INFO,api-gateway,Database query executed in 101ms,101,201,False
2026-05-05 09:06:59.978257,CRITICAL,api-gateway,Database connection pool exhausted,7922,500,True
2026-05-05 09:09:44.978257,ERROR,auth-service,Database connection pool exhausted,3881,500,True
2026-05-05 09:09:47.978257,WARNING,auth-service,Database query executed in 480ms,480,200,False
2026-05-05 09:12:05.978257,INFO,auth-service,User authenticated,208,200,False
2026-05-05 09:16:50.978257,WARNING,api-gateway,Request processed successfully,133,201,False
2026-05-05 09:17:45.978257,WARNING,api-gateway,Request processed successfully,63,200,False
2026-05-05 09:18:05.978257,WARNING,payment-service,Request processed successfully,468,200,False
2026-05-05 09:23:25.978257,INFO,notification-service,Health check passed,384,201,False
2026-05-05 09:31:34.978257,INFO,notification-service,Database query executed in 327ms,327,200,False
2026-05-05 09:41:57.978257,INFO,auth-service,Session created for user,321,201,False
2026-05-05 09:45:33.978257,INFO,api-gateway,Health check passed,190,201,False
2026-05-05 09:59:27.978257,INFO,payment-service,Health check passed,293,201,False
2026-05-05 10:00:52.978257,WARNING,notification-service,User authenticated,114,201,False
2026-05-05 10:05:58.978257,WARNING,inventory-service,Order status updated,140,201,False
2026-05-05 10:12:14.978257,INFO,api-gateway,Request processed successfully,377,201,False
2026-05-05 10:14:13.978257,INFO,api-gateway,Health check passed,166,201,False
2026-05-05 10:14:24.978257,WARNING,api-gateway,Health check passed,499,201,False
2026-05-05 10:16:25.978257,INFO,auth-service,Session created for user,441,200,False
2026-05-05 10:23:17.978257,INFO,inventory-service,Health check passed,461,200,False
2026-05-05 10:23:33.978257,INFO,payment-service,Health check passed,247,201,False
2026-05-05 10:30:44.978257,INFO,notification-service,Cache hit for key,172,201,False
2026-05-05 10:33:09.978257,WARNING,notification-service,Request processed successfully,93,201,False
2026-05-05 10:34:10.978257,WARNING,api-gateway,Session created for user,215,200,False
2026-05-05 10:36:18.978257,INFO,api-gateway,Order status updated,263,200,False
2026-05-05 10:36:26.978257,WARNING,inventory-service,Cache hit for key,98,200,False
2026-05-05 10:41:32.978257,WARNING,payment-service,Cache hit for key,371,201,False
2026-05-05 10:47:12.978257,WARNING,inventory-service,Cache hit for key,471,201,False
2026-05-05 10:48:05.978257,INFO,api-gateway,Cache hit for key,494,201,False
2026-05-05 10:50:44.978257,WARNING,auth-service,Health check passed,348,200,False
2026-05-05 10:53:42.978257,WARNING,payment-service,Database query executed in 155ms,155,200,False
2026-05-05 10:54:38.978257,CRITICAL,notification-service,Memory usage exceeded threshold,7362,500,True
2026-05-05 11:07:22.978257,INFO,payment-service,Cache hit for key,301,200,False
2026-05-05 11:11:26.978257,INFO,auth-service,Health check passed,98,201,False
2026-05-05 11:13:30.978257,INFO,inventory-service,Cache hit for key,378,201,False
2026-05-05 11:19:29.978257,WARNING,payment-service,Cache hit for key,53,200,False
2026-05-05 11:21:20.978257,WARNING,inventory-service,Cache hit for key,232,201,False
2026-05-05 11:22:56.978257,WARNING,payment-service,Request processed successfully,469,200,False
2026-05-05 11:28:04.978257,WARNING,notification-service,Database query executed in 141ms,141,200,False
2026-05-05 11:28:14.978257,ERROR,payment-service,Unhandled exception in request pipeline,2135,503,True
2026-05-05 11:34:57.978257,INFO,api-gateway,Cache hit for key,393,201,False
2026-05-05 11:42:04.978257,WARNING,api-gateway,Request processed successfully,143,200,False
2026-05-05 11:51:52.978257,WARNING,api-gateway,User authenticated,375,201,False
2026-05-05 12:06:09.978257,INFO,api-gateway,Order status updated,471,201,False
2026-05-05 12:08:03.978257,WARNING,auth-service,Health check passed,292,200,False
2026-05-05 12:12:53.978257,WARNING,notification-service,User authenticated,470,201,False
2026-05-05 12:20:31.978257,WARNING,auth-service,Order status updated,394,201,False
2026-05-05 12:24:51.978257,INFO,payment-service,Order status updated,496,201,False
2026-05-05 12:25:51.978257,WARNING,auth-service,Order status updated,144,201,False
2026-05-05 12:28:08.978257,INFO,api-gateway,Order status updated,329,201,False
2026-05-05 12:35:45.978257,INFO,payment-service,Request processed successfully,437,200,False
2026-05-05 12:40:25.978257,WARNING,api-gateway,Database query executed in 233ms,233,201,False
2026-05-05 12:42:38.978257,WARNING,api-gateway,Database query executed in 125ms,125,200,False
2026-05-05 12:49:35.978257,INFO,inventory-service,Request processed successfully,315,201,False
2026-05-05 12:49:39.978257,WARNING,inventory-service,Order status updated,98,200,False
2026-05-05 12:57:51.978257,INFO,inventory-service,Cache hit for key,421,200,False
2026-05-05 12:58:44.978257,INFO,inventory-service,Request processed successfully,241,201,False
2026-05-05 13:05:38.978257,WARNING,auth-service,Session created for user,200,201,False
2026-05-05 13:07:28.978257,INFO,payment-service,Cache hit for key,98,200,False
2026-05-05 13:12:38.978257,WARNING,inventory-service,Cache hit for key,221,201,False
2026-05-05 13:13:51.978257,WARNING,auth-service,User authenticated,89,201,False
2026-05-05 13:15:20.978257,WARNING,auth-service,Cache hit for key,148,201,False
2026-05-05 13:18:10.978257,INFO,inventory-service,Order status updated,311,200,False
2026-05-05 13:19:26.978257,INFO,payment-service,User authenticated,498,200,False
2026-05-05 13:25:13.978257,WARNING,auth-service,Request processed successfully,322,200,False
2026-05-05 13:41:00.978257,WARNING,payment-service,Request processed successfully,298,200,False
2026-05-05 13:42:47.978257,WARNING,payment-service,User authenticated,181,201,False
2026-05-05 13:58:36.978257,ERROR,payment-service,Service unreachable after 3 retries,2426,500,True
2026-05-05 13:59:51.978257,WARNING,payment-service,Database query executed in 220ms,220,200,False
2026-05-05 14:01:27.978257,INFO,payment-service,Session created for user,93,201,False
2026-05-05 14:02:49.978257,INFO,inventory-service,Session created for user,377,200,False
2026-05-05 14:11:27.978257,INFO,auth-service,Database query executed in 335ms,335,200,False
2026-05-05 14:16:53.978257,WARNING,payment-service,Order status updated,308,201,False
2026-05-05 14:19:46.978257,WARNING,inventory-service,Order status updated,255,200,False
2026-05-05 14:22:58.978257,WARNING,api-gateway,Order status updated,358,200,False
2026-05-05 14:22:59.978257,INFO,payment-service,Cache hit for key,310,201,False
2026-05-05 14:24:52.978257,ERROR,api-gateway,Unhandled exception in request pipeline,3044,503,True
2026-05-05 14:25:07.978257,CRITICAL,payment-service,Database connection pool exhausted,3575,500,True
2026-05-05 14:26:51.978257,WARNING,notification-service,Request processed successfully,51,200,False
2026-05-05 14:34:33.978257,INFO,api-gateway,Database query executed in 306ms,306,200,False
2026-05-05 14:40:12.978257,INFO,auth-service,Request processed successfully,319,201,False
2026-05-05 14:40:56.978257,WARNING,payment-service,Health check passed,84,200,False
2026-05-05 14:51:57.978257,INFO,notification-service,Order status updated,428,201,False
2026-05-05 14:52:05.978257,WARNING,notification-service,Cache hit for key,297,201,False
2026-05-05 14:57:18.978257,INFO,auth-service,Health check passed,397,200,False
2026-05-05 14:59:20.978257,INFO,payment-service,User authenticated,468,200,False
2026-05-05 15:05:29.978257,INFO,auth-service,Request processed successfully,86,201,False
2026-05-05 15:09:34.978257,INFO,notification-service,Health check passed,260,200,False
2026-05-05 15:09:45.978257,WARNING,inventory-service,User authenticated,351,201,False
2026-05-05 15:10:50.978257,INFO,api-gateway,Session created for user,320,200,False
2026-05-05 15:12:18.978257,WARNING,auth-service,Database query executed in 364ms,364,200,False
2026-05-05 15:12:40.978257,WARNING,api-gateway,Order status updated,241,200,False
2026-05-05 15:13:38.978257,INFO,notification-service,Cache hit for key,471,200,False
2026-05-05 15:15:14.978257,INFO,inventory-service,User authenticated,258,200,False
2026-05-05 15:18:30.978257,WARNING,notification-service,Health check passed,468,200,False
2026-05-05 15:18:37.978257,WARNING,notification-service,User authenticated,211,200,False
2026-05-05 15:28:26.978257,CRITICAL,auth-service,Memory usage exceeded threshold,8444,502,True
2026-05-05 15:34:31.978257,WARNING,auth-service,Order status updated,426,201,False
2026-05-05 15:35:52.978257,WARNING,api-gateway,User authenticated,343,200,False
2026-05-05 15:38:10.978257,INFO,inventory-service,Database query executed in 171ms,171,200,False
2026-05-05 15:46:09.978257,INFO,notification-service,Session created for user,314,200,False
2026-05-05 15:54:17.978257,WARNING,auth-service,Health check passed,330,201,False
2026-05-05 15:55:52.978257,INFO,payment-service,Request processed successfully,495,200,False
2026-05-05 16:00:13.978257,INFO,inventory-service,Cache hit for key,215,201,False
2026-05-05 16:00:18.978257,WARNING,api-gateway,Cache hit for key,483,201,False
2026-05-05 16:04:31.978257,CRITICAL,api-gateway,Unhandled exception in request pipeline,8080,503,True
2026-05-05 16:08:15.978257,WARNING,payment-service,Health check passed,207,200,False
2026-05-05 16:08:58.978257,WARNING,payment-service,Request processed successfully,202,200,False
2026-05-05 16:10:44.978257,CRITICAL,inventory-service,Service unreachable after 3 retries,5780,502,True
2026-05-05 16:14:02.978257,INFO,payment-service,Database query executed in 274ms,274,201,False
2026-05-05 16:21:38.978257,WARNING,api-gateway,Request processed successfully,260,201,False
2026-05-05 16:23:00.978257,WARNING,payment-service,Database query executed in 276ms,276,200,False
2026-05-05 16:30:24.978257,INFO,inventory-service,Session created for user,165,200,False
2026-05-05 16:30:58.978257,INFO,api-gateway,User authenticated,484,200,False
2026-05-05 16:34:42.978257,INFO,auth-service,Session created for user,153,200,False
2026-05-05 16:35:08.978257,INFO,api-gateway,Health check passed,342,201,False
2026-05-05 16:45:15.978257,WARNING,api-gateway,Cache hit for key,484,200,False
2026-05-05 16:56:03.978257,INFO,inventory-service,Session created for user,220,201,False
2026-05-05 16:58:04.978257,CRITICAL,notification-service,Connection timeout after 6206ms,6206,502,True
2026-05-05 17:03:43.978257,INFO,api-gateway,Request processed successfully,104,200,False
2026-05-05 17:05:49.978257,WARNING,payment-service,Cache hit for key,313,200,False
2026-05-05 17:06:09.978257,WARNING,auth-service,Session created for user,53,200,False
2026-05-05 17:07:08.978257,WARNING,inventory-service,User authenticated,224,200,False
2026-05-05 17:26:14.978257,INFO,api-gateway,Session created for user,160,201,False
2026-05-05 17:32:06.978257,INFO,notification-service,Cache hit for key,276,201,False
2026-05-05 17:42:26.978257,CRITICAL,api-gateway,Memory usage exceeded threshold,4445,503,True
2026-05-05 17:45:39.978257,INFO,auth-service,Health check passed,197,201,False
2026-05-05 17:47:41.978257,INFO,notification-service,Database query executed in 437ms,437,200,False
2026-05-05 17:48:26.978257,INFO,payment-service,Database query executed in 64ms,64,201,False
2026-05-05 17:59:21.978257,INFO,auth-service,Order status updated,418,200,False
2026-05-05 17:59:40.978257,WARNING,payment-service,User authenticated,375,200,False
2026-05-05 18:00:38.978257,CRITICAL,auth-service,Database connection pool exhausted,7597,502,True
2026-05-05 18:13:00.978257,INFO,inventory-service,Health check passed,448,200,False
2026-05-05 18:15:46.978257,WARNING,notification-service,Session created for user,229,201,False
2026-05-05 18:17:44.978257,INFO,payment-service,Database query executed in 381ms,381,201,False
2026-05-05 18:25:43.978257,INFO,api-gateway,Request processed successfully,97,200,False
2026-05-05 18:36:46.978257,INFO,api-gateway,Session created for user,244,201,False
2026-05-05 18:42:19.978257,WARNING,inventory-service,Session created for user,387,200,False
2026-05-05 18:43:53.978257,INFO,api-gateway,Cache hit for key,499,200,False
2026-05-05 18:44:23.978257,WARNING,auth-service,Database query executed in 185ms,185,200,False
2026-05-05 18:49:26.978257,WARNING,auth-service,Cache hit for key,340,201,False
2026-05-05 18:51:01.978257,INFO,payment-service,Request processed successfully,246,201,False
2026-05-05 19:04:16.978257,INFO,inventory-service,Database query executed in 402ms,402,200,False
2026-05-05 19:13:39.978257,WARNING,api-gateway,Order status updated,391,200,False
2026-05-05 19:14:06.978257,WARNING,notification-service,Order status updated,59,200,False
2026-05-05 19:31:40.978257,INFO,payment-service,Database query executed in 157ms,157,201,False
2026-05-05 19:45:32.978257,ERROR,api-gateway,Unhandled exception in request pipeline,2204,503,True
2026-05-05 19:50:48.978257,INFO,auth-service,Request processed successfully,106,200,False
2026-05-05 19:52:33.978257,WARNING,inventory-service,Request processed successfully,123,200,False
2026-05-05 19:57:44.978257,WARNING,payment-service,Database query executed in 325ms,325,200,False
2026-05-05 20:01:49.978257,INFO,auth-service,Cache hit for key,180,201,False
2026-05-05 20:03:39.978257,WARNING,payment-service,Database query executed in 279ms,279,201,False
2026-05-05 20:08:28.978257,INFO,payment-service,Health check passed,86,200,False
2026-05-05 20:12:00.978257,WARNING,auth-service,Request processed successfully,192,201,False
2026-05-05 20:13:44.978257,INFO,auth-service,Session created for user,151,200,False
2026-05-05 20:28:54.978257,INFO,payment-service,Order status updated,297,200,False
2026-05-05 20:34:22.978257,WARNING,inventory-service,Order status updated,92,200,False
2026-05-05 20:38:20.978257,WARNING,api-gateway,Health check passed,272,201,False
2026-05-05 20:40:35.978257,INFO,inventory-service,Session created for user,404,200,False
2026-05-05 20:47:27.978257,INFO,inventory-service,User authenticated,382,201,False
2026-05-05 20:47:58.978257,WARNING,auth-service,Order status updated,406,200,False
2026-05-05 20:51:16.978257,WARNING,api-gateway,User authenticated,184,201,False
2026-05-05 20:54:23.978257,WARNING,payment-service,Request processed successfully,319,200,False
2026-05-05 20:55:12.978257,WARNING,auth-service,Request processed successfully,284,200,False
2026-05-05 21:03:35.978257,INFO,payment-service,Cache hit for key,99,201,False
2026-05-05 21:09:33.978257,INFO,auth-service,User authenticated,270,201,False
2026-05-05 21:11:46.978257,INFO,api-gateway,Health check passed,338,201,False
2026-05-05 21:17:35.978257,WARNING,payment-service,Request processed successfully,252,200,False
2026-05-05 21:17:51.978257,INFO,api-gateway,Health check passed,386,200,False
2026-05-05 21:18:26.978257,WARNING,auth-service,Health check passed,281,201,False
2026-05-05 21:19:04.978257,WARNING,api-gateway,Session created for user,229,201,False
2026-05-05 21:24:34.978257,WARNING,payment-service,Order status updated,144,201,False
2026-05-05 21:26:10.978257,WARNING,auth-service,Cache hit for key,377,200,False
2026-05-05 21:27:02.978257,INFO,payment-service,Cache hit for key,155,200,False
2026-05-05 21:32:08.978257,INFO,notification-service,Order status updated,487,200,False
2026-05-05 21:41:08.978257,CRITICAL,auth-service,Service unreachable after 3 retries,8739,500,True
2026-05-05 21:47:18.978257,WARNING,auth-service,Order status updated,223,201,False
2026-05-05 22:13:03.978257,INFO,inventory-service,Request processed successfully,352,200,False
2026-05-05 22:14:58.978257,INFO,auth-service,Database query executed in 493ms,493,200,False
2026-05-05 22:21:21.978257,INFO,api-gateway,Session created for user,208,201,False
2026-05-05 22:24:16.978257,WARNING,inventory-service,Cache hit for key,464,201,False
2026-05-05 22:27:49.978257,INFO,inventory-service,Request processed successfully,386,200,False
2026-05-05 22:29:11.978257,WARNING,api-gateway,Database query executed in 458ms,458,201,False
2026-05-05 22:32:17.978257,WARNING,api-gateway,Order status updated,115,201,False
2026-05-05 22:33:20.978257,WARNING,payment-service,Request processed successfully,290,201,False
2026-05-05 22:35:38.978257,INFO,notification-service,Order status updated,405,201,False
2026-05-05 22:41:44.978257,INFO,notification-service,Health check passed,99,200,False
2026-05-05 22:42:14.978257,CRITICAL,payment-service,Memory usage exceeded threshold,6107,502,True
2026-05-05 22:46:56.978257,WARNING,inventory-service,Request processed successfully,214,201,False
2026-05-05 22:49:04.978257,WARNING,api-gateway,Cache hit for key,59,201,False
2026-05-05 22:52:06.978257,WARNING,notification-service,Order status updated,331,201,False
2026-05-05 22:53:40.978257,WARNING,inventory-service,Database query executed in 109ms,109,201,False
2026-05-05 22:59:13.978257,WARNING,api-gateway,Cache hit for key,175,200,False
2026-05-05 22:59:37.978257,INFO,auth-service,Order status updated,120,200,False
2026-05-05 23:00:54.978257,WARNING,notification-service,Cache hit for key,277,200,False
2026-05-05 23:18:34.978257,INFO,api-gateway,Database query executed in 118ms,118,200,False
2026-05-05 23:25:09.978257,WARNING,auth-service,Session created for user,205,201,False
2026-05-05 23:30:03.978257,INFO,inventory-service,Request processed successfully,136,200,False
2026-05-05 23:39:12.978257,INFO,notification-service,User authenticated,368,201,False
2026-05-05 23:43:11.978257,ERROR,payment-service,Service unreachable after 3 retries,2270,502,True
2026-05-05 23:43:48.978257,INFO,payment-service,User authenticated,233,200,False
2026-05-05 23:48:42.978257,WARNING,api-gateway,Session created for user,460,200,False
2026-05-05 23:57:35.978257,INFO,notification-service,Health check passed,85,201,False
2026-05-06 00:12:08.978257,INFO,notification-service,User authenticated,483,200,False
2026-05-06 00:14:34.978257,INFO,inventory-service,Cache hit for key,270,201,False
2026-05-06 00:18:08.978257,WARNING,inventory-service,Health check passed,206,200,False
2026-05-06 00:21:53.978257,INFO,inventory-service,Health check passed,425,200,False
2026-05-06 00:26:09.978257,INFO,api-gateway,User authenticated,227,200,False
2026-05-06 00:36:12.978257,INFO,auth-service,Health check passed,466,200,False
2026-05-06 00:38:17.978257,INFO,notification-service,Cache hit for key,142,200,False
2026-05-06 00:46:35.978257,INFO,payment-service,Health check passed,283,201,False
2026-05-06 00:49:11.978257,WARNING,notification-service,User authenticated,144,200,False
2026-05-06 00:52:33.978257,INFO,auth-service,Request processed successfully,350,201,False
2026-05-06 00:54:01.978257,WARNING,api-gateway,Session created for user,292,201,False
2026-05-06 01:01:53.978257,WARNING,notification-service,Cache hit for key,411,200,False
2026-05-06 01:09:00.978257,INFO,inventory-service,Request processed successfully,458,201,False
2026-05-06 01:13:08.978257,WARNING,auth-service,Session created for user,246,200,False
2026-05-06 01:17:30.978257,WARNING,notification-service,Session created for user,221,200,False
2026-05-06 01:18:25.978257,ERROR,api-gateway,Unhandled exception in request pipeline,8342,502,True
2026-05-06 01:20:25.978257,INFO,notification-service,Database query executed in 357ms,357,200,False
2026-05-06 01:20:49.978257,CRITICAL,notification-service,Database connection pool exhausted,3036,502,True
2026-05-06 01:36:51.978257,WARNING,api-gateway,Request processed successfully,289,200,False
2026-05-06 01:37:28.978257,INFO,notification-service,Health check passed,353,200,False
2026-05-06 01:43:57.978257,INFO,auth-service,Health check passed,129,201,False
2026-05-06 01:52:54.978257,INFO,notification-service,Request processed successfully,261,201,False
2026-05-06 01:54:30.978257,WARNING,payment-service,Session created for user,455,201,False
2026-05-06 01:55:57.978257,WARNING,inventory-service,Session created for user,461,200,False
2026-05-06 01:56:49.978257,INFO,auth-service,Cache hit for key,66,200,False
2026-05-06 01:59:51.978257,INFO,notification-service,Database query executed in 102ms,102,201,False
2026-05-06 02:01:38.978257,INFO,inventory-service,Order status updated,313,200,False
2026-05-06 02:05:56.978257,INFO,inventory-service,Order status updated,142,200,False
2026-05-06 02:09:02.978257,WARNING,inventory-service,Request processed successfully,229,201,False
2026-05-06 02:09:13.978257,INFO,inventory-service,Cache hit for key,59,201,False
2026-05-06 02:16:07.978257,INFO,inventory-service,Request processed successfully,90,201,False
2026-05-06 02:17:58.978257,INFO,notification-service,Cache hit for key,92,200,False
2026-05-06 02:25:58.978257,INFO,notification-service,Session created for user,173,200,False
2026-05-06 02:26:01.978257,WARNING,auth-service,Database query executed in 304ms,304,201,False
2026-05-06 02:29:46.978257,WARNING,auth-service,Health check passed,277,200,False
2026-05-06 02:31:25.978257,WARNING,api-gateway,Session created for user,473,200,False
2026-05-06 02:31:28.978257,INFO,auth-service,Request processed successfully,65,201,False
2026-05-06 02:32:05.978257,WARNING,inventory-service,Order status updated,486,200,False
2026-05-06 02:32:56.978257,INFO,auth-service,Order status updated,102,200,False
2026-05-06 02:34:07.978257,WARNING,auth-service,Health check passed,493,201,False
2026-05-06 02:39:22.978257,WARNING,inventory-service,User authenticated,81,200,False
2026-05-06 02:59:23.978257,CRITICAL,inventory-service,Unhandled exception in request pipeline,7282,500,True
2026-05-06 03:13:30.978257,WARNING,auth-service,User authenticated,135,200,False
2026-05-06 03:15:44.978257,ERROR,inventory-service,Service unreachable after 3 retries,4860,500,True
2026-05-06 03:21:00.978257,WARNING,auth-service,Health check passed,272,201,False
2026-05-06 03:27:01.978257,WARNING,api-gateway,Cache hit for key,85,200,False
2026-05-06 03:29:22.978257,INFO,payment-service,Request processed successfully,500,201,False
2026-05-06 03:31:46.978257,INFO,api-gateway,Request processed successfully,441,201,False
2026-05-06 03:47:10.978257,WARNING,payment-service,Database query executed in 218ms,218,200,False
2026-05-06 03:48:50.978257,INFO,auth-service,Session created for user,366,201,False
2026-05-06 03:59:18.978257,WARNING,api-gateway,Order status updated,215,200,False
2026-05-06 04:01:42.978257,WARNING,inventory-service,Health check passed,360,200,False
2026-05-06 04:02:52.978257,WARNING,inventory-service,Session created for user,159,200,False
2026-05-06 04:02:58.978257,INFO,auth-service,Session created for user,385,201,False
2026-05-06 04:08:11.978257,WARNING,inventory-service,User authenticated,491,201,False
2026-05-06 04:10:49.978257,WARNING,api-gateway,Request processed successfully,344,200,False
2026-05-06 04:15:52.978257,WARNING,inventory-service,Request processed successfully,279,201,False
2026-05-06 04:17:07.978257,WARNING,inventory-service,Health check passed,97,200,False
2026-05-06 04:22:49.978257,INFO,inventory-service,Cache hit for key,460,200,False
2026-05-06 04:26:56.978257,INFO,inventory-service,Order status updated,382,200,False
2026-05-06 04:29:22.978257,WARNING,payment-service,Request processed successfully,98,200,False
2026-05-06 04:47:56.978257,INFO,inventory-service,Health check passed,323,201,False
2026-05-06 04:51:47.978257,INFO,notification-service,Database query executed in 99ms,99,201,False
2026-05-06 04:57:23.978257,WARNING,api-gateway,Health check passed,330,200,False
2026-05-06 04:58:00.978257,INFO,notification-service,Request processed successfully,68,201,False
2026-05-06 05:00:12.978257,CRITICAL,notification-service,Service unreachable after 3 retries,7845,502,True
2026-05-06 05:00:59.978257,WARNING,inventory-service,Request processed successfully,257,200,False
2026-05-06 05:08:36.978257,INFO,api-gateway,Database query executed in 386ms,386,200,False
2026-05-06 05:11:40.978257,INFO,notification-service,Order status updated,351,201,False
2026-05-06 05:19:58.978257,WARNING,api-gateway,Request processed successfully,123,201,False
2026-05-06 05:23:00.978257,INFO,auth-service,Database query executed in 491ms,491,200,False
2026-05-06 05:24:10.978257,WARNING,payment-service,Health check passed,486,201,False
2026-05-06 05:26:59.978257,INFO,notification-service,Database query executed in 394ms,394,201,False
2026-05-06 05:29:13.978257,INFO,api-gateway,Cache hit for key,167,201,False
2026-05-06 05:30:47.978257,INFO,payment-service,User authenticated,457,201,False
2026-05-06 05:33:33.978257,WARNING,notification-service,Request processed successfully,184,201,False
2026-05-06 05:40:00.978257,INFO,inventory-service,Request processed successfully,441,200,False
2026-05-06 05:45:08.978257,WARNING,inventory-service,Order status updated,359,200,False
2026-05-06 05:49:57.978257,INFO,auth-service,Health check passed,453,201,False
2026-05-06 05:59:35.978257,WARNING,payment-service,Health check passed,172,201,False
2026-05-06 06:03:44.978257,WARNING,notification-service,Health check passed,94,201,False
2026-05-06 06:04:49.978257,INFO,inventory-service,Session created for user,281,201,False
2026-05-06 06:05:01.978257,WARNING,api-gateway,Database query executed in 387ms,387,201,False
2026-05-06 06:05:33.978257,WARNING,inventory-service,Database query executed in 78ms,78,200,False
2026-05-06 06:06:06.978257,ERROR,api-gateway,Unhandled exception in request pipeline,5235,503,True
2026-05-06 06:17:44.978257,ERROR,payment-service,Service unreachable after 3 retries,2485,503,True
2026-05-06 06:20:46.978257,WARNING,inventory-service,Database query executed in 145ms,145,201,False
2026-05-06 06:23:11.978257,INFO,inventory-service,Order status updated,258,201,False
2026-05-06 06:25:57.978257,CRITICAL,api-gateway,Unhandled exception in request pipeline,4590,500,True
2026-05-06 06:27:45.978257,INFO,api-gateway,Request processed successfully,307,201,False
2026-05-06 06:27:58.978257,ERROR,auth-service,Connection timeout after 2259ms,2259,500,True
2026-05-06 06:31:07.978257,WARNING,api-gateway,User authenticated,165,201,False
2026-05-06 06:31:59.978257,INFO,api-gateway,Cache hit for key,217,200,False
2026-05-06 06:32:03.978257,INFO,api-gateway,Request processed successfully,181,200,False
2026-05-06 06:35:28.978257,INFO,notification-service,Order status updated,83,200,False
2026-05-06 06:38:41.978257,INFO,inventory-service,Health check passed,419,200,False
2026-05-06 06:43:49.978257,INFO,inventory-service,Request processed successfully,172,200,False
2026-05-06 06:48:25.978257,INFO,auth-service,Health check passed,353,200,False
2026-05-06 07:06:20.978257,WARNING,auth-service,Session created for user,63,201,False
2026-05-06 07:12:36.978257,WARNING,notification-service,Cache hit for key,473,200,False
2026-05-06 07:18:37.978257,WARNING,auth-service,Order status updated,263,200,False
2026-05-06 07:19:01.978257,INFO,notification-service,User authenticated,250,200,False
2026-05-06 07:25:27.978257,WARNING,payment-service,Order status updated,391,201,False
2026-05-06 07:28:02.978257,INFO,api-gateway,Order status updated,417,200,False
2026-05-06 07:30:59.978257,WARNING,auth-service,Session created for user,216,200,False
2026-05-06 07:45:14.978257,WARNING,api-gateway,Session created for user,240,201,False
2026-05-06 07:50:33.978257,WARNING,auth-service,Session created for user,271,201,False
2026-05-06 07:56:41.978257,INFO,inventory-service,Database query executed in 441ms,441,201,False
2026-05-06 08:01:52.978257,WARNING,auth-service,Order status updated,208,201,False
2026-05-06 08:04:50.978257,WARNING,api-gateway,Session created for user,91,200,False
2026-05-06 08:07:46.978257,CRITICAL,payment-service,Memory usage exceeded threshold,7876,500,True
2026-05-06 08:11:41.978257,WARNING,notification-service,Cache hit for key,153,200,False
2026-05-06 08:19:00.978257,INFO,inventory-service,Session created for user,393,200,False
2026-05-06 08:23:10.978257,INFO,payment-service,Session created for user,495,201,False
2026-05-06 08:23:45.978257,WARNING,notification-service,Request processed successfully,85,200,False
2026-05-06 08:25:25.978257,WARNING,api-gateway,Database query executed in 423ms,423,200,False
2026-05-06 08:30:06.978257,WARNING,auth-service,Request processed successfully,279,200,False
2026-05-06 08:37:09.978257,INFO,api-gateway,Database query executed in 57ms,57,201,False
2026-05-06 08:38:25.978257,WARNING,api-gateway,User authenticated,360,201,False
2026-05-06 08:44:40.978257,INFO,payment-service,User authenticated,318,201,False
2026-05-06 08:48:34.978257,INFO,inventory-service,Health check passed,435,201,False
2026-05-06 08:50:55.978257,WARNING,notification-service,Session created for user,165,201,False
2026-05-06 08:53:09.978257,INFO,auth-service,User authenticated,54,201,False
2026-05-06 08:56:31.978257,WARNING,auth-service,Database query executed in 467ms,467,200,False
2026-05-06 08:57:56.978257,INFO,api-gateway,Cache hit for key,312,200,False
2026-05-06 09:00:14.978257,INFO,payment-service,Session created for user,115,200,False
2026-05-06 09:15:07.978257,INFO,notification-service,Order status updated,84,201,False
2026-05-06 09:29:06.978257,WARNING,payment-service,Health check passed,494,201,False
2026-05-06 09:36:52.978257,WARNING,notification-service,User authenticated,259,200,False
2026-05-06 09:45:50.978257,WARNING,payment-service,Health check passed,92,200,False
2026-05-06 09:48:38.978257,INFO,api-gateway,Health check passed,499,201,False
2026-05-06 09:55:26.978257,WARNING,auth-service,Health check passed,393,200,False
2026-05-06 09:58:46.978257,INFO,inventory-service,Order status updated,206,200,False
2026-05-06 10:01:51.978257,WARNING,notification-service,Request processed successfully,73,200,False
2026-05-06 10:03:38.978257,INFO,api-gateway,Database query executed in 322ms,322,201,False
2026-05-06 10:07:58.978257,CRITICAL,payment-service,Memory usage exceeded threshold,6453,503,True
2026-05-06 10:08:52.978257,WARNING,payment-service,User authenticated,460,200,False
2026-05-06 10:13:48.978257,WARNING,api-gateway,Database query executed in 368ms,368,201,False
2026-05-06 10:15:35.978257,WARNING,api-gateway,Cache hit for key,371,200,False
2026-05-06 10:21:38.978257,INFO,payment-service,Session created for user,394,201,False
2026-05-06 10:26:01.978257,WARNING,auth-service,User authenticated,423,201,False
2026-05-06 10:30:19.978257,INFO,auth-service,Session created for user,96,201,False
2026-05-06 10:35:47.978257,INFO,notification-service,Session created for user,260,201,False
2026-05-06 10:45:51.978257,INFO,api-gateway,Cache hit for key,80,200,False
2026-05-06 10:48:14.978257,WARNING,auth-service,Cache hit for key,68,201,False
2026-05-06 10:50:59.978257,WARNING,notification-service,Request processed successfully,461,201,False
2026-05-06 10:56:34.978257,WARNING,api-gateway,Session created for user,51,201,False
2026-05-06 11:03:14.978257,WARNING,notification-service,Database query executed in 369ms,369,200,False
2026-05-06 11:03:17.978257,WARNING,payment-service,Order status updated,218,201,False
2026-05-06 11:07:00.978257,INFO,notification-service,Session created for user,361,201,False
2026-05-06 11:07:49.978257,WARNING,payment-service,Cache hit for key,288,201,False
2026-05-06 11:23:20.978257,CRITICAL,payment-service,Memory usage exceeded threshold,3423,500,True
2026-05-06 11:27:59.978257,INFO,notification-service,User authenticated,97,200,False
2026-05-06 11:31:18.978257,INFO,notification-service,Request processed successfully,388,201,False
2026-05-06 11:45:01.978257,WARNING,api-gateway,Request processed successfully,204,200,False
2026-05-06 11:53:24.978257,WARNING,inventory-service,Cache hit for key,111,200,False
2026-05-06 11:57:10.978257,WARNING,api-gateway,Session created for user,334,201,False
2026-05-06 12:00:03.978257,WARNING,api-gateway,Request processed successfully,498,201,False
2026-05-06 12:11:40.978257,WARNING,inventory-service,User authenticated,210,200,False
2026-05-06 12:21:41.978257,INFO,auth-service,Cache hit for key,277,201,False
2026-05-06 12:23:49.978257,INFO,api-gateway,Order status updated,299,201,False
2026-05-06 12:24:22.978257,INFO,auth-service,User authenticated,374,201,False
2026-05-06 12:28:44.978257,WARNING,auth-service,User authenticated,109,201,False
2026-05-06 12:29:49.978257,INFO,notification-service,Order status updated,52,200,False
2026-05-06 12:30:48.978257,WARNING,auth-service,Cache hit for key,365,200,False
2026-05-06 12:35:51.978257,INFO,payment-service,Cache hit for key,441,200,False
2026-05-06 12:42:14.978257,INFO,payment-service,Request processed successfully,185,201,False
2026-05-06 12:47:43.978257,INFO,auth-service,Database query executed in 130ms,130,201,False
2026-05-06 12:52:53.978257,WARNING,payment-service,Request processed successfully,201,200,False
2026-05-06 13:02:00.978257,WARNING,api-gateway,Session created for user,61,201,False
2026-05-06 13:08:05.978257,WARNING,payment-service,Database query executed in 441ms,441,200,False
2026-05-06 13:11:29.978257,ERROR,auth-service,Database connection pool exhausted,7177,503,True
2026-05-06 13:13:49.978257,WARNING,notification-service,Session created for user,72,201,False
2026-05-06 13:16:10.978257,INFO,payment-service,Request processed successfully,265,201,False
2026-05-06 13:21:12.978257,CRITICAL,api-gateway,Memory usage exceeded threshold,7613,503,True
2026-05-06 13:21:16.978257,WARNING,notification-service,Order status updated,241,200,False
2026-05-06 13:22:45.978257,WARNING,api-gateway,User authenticated,102,200,False
2026-05-06 13:38:14.978257,INFO,payment-service,User authenticated,423,200,False
2026-05-06 13:38:59.978257,WARNING,inventory-service,Health check passed,291,200,False
2026-05-06 13:39:16.978257,WARNING,payment-service,User authenticated,73,200,False
2026-05-06 13:45:14.978257,INFO,notification-service,Database query executed in 441ms,441,201,False
2026-05-06 13:50:58.978257,WARNING,notification-service,Database query executed in 332ms,332,201,False
2026-05-06 13:54:51.978257,WARNING,notification-service,Cache hit for key,401,200,False
2026-05-06 14:03:07.978257,INFO,auth-service,Order status updated,230,201,False
2026-05-06 14:08:16.978257,INFO,notification-service,Request processed successfully,164,200,False
2026-05-06 14:11:38.978257,ERROR,api-gateway,Database connection pool exhausted,5164,500,True
2026-05-06 14:16:03.978257,CRITICAL,auth-service,Unhandled exception in request pipeline,8526,503,True
2026-05-06 14:20:01.978257,WARNING,payment-service,Cache hit for key,494,200,False
2026-05-06 14:20:14.978257,WARNING,inventory-service,Database query executed in 222ms,222,200,False
2026-05-06 14:37:40.978257,INFO,auth-service,Order status updated,184,201,False
2026-05-06 14:43:35.978257,WARNING,payment-service,Cache hit for key,395,200,False
2026-05-06 14:44:47.978257,WARNING,api-gateway,Cache hit for key,208,200,False
2026-05-06 14:48:25.978257,INFO,payment-service,Session created for user,338,201,False
2026-05-06 14:56:03.978257,INFO,payment-service,Session created for user,452,200,False
2026-05-06 15:02:35.978257,WARNING,payment-service,Order status updated,479,200,False
2026-05-06 15:11:56.978257,WARNING,auth-service,Order status updated,302,201,False
2026-05-06 15:12:51.978257,WARNING,payment-service,Database query executed in 172ms,172,201,False
2026-05-06 15:17:37.978257,WARNING,notification-service,Database query executed in 361ms,361,200,False
2026-05-06 15:19:54.978257,INFO,auth-service,Order status updated,254,201,False
2026-05-06 15:28:52.978257,INFO,api-gateway,Health check passed,98,201,False
2026-05-06 15:34:48.978257,INFO,api-gateway,Health check passed,375,200,False
2026-05-06 15:38:39.978257,WARNING,inventory-service,Cache hit for key,404,200,False
2026-05-06 15:42:15.978257,INFO,notification-service,Session created for user,435,200,False
2026-05-06 15:46:55.978257,INFO,inventory-service,Request processed successfully,100,200,False
2026-05-06 15:49:49.978257,INFO,auth-service,Request processed successfully,418,200,False
2026-05-06 15:57:22.978257,WARNING,auth-service,Session created for user,434,201,False
2026-05-06 15:58:26.978257,CRITICAL,payment-service,Unhandled exception in request pipeline,8447,502,True
2026-05-06 15:59:25.978257,WARNING,api-gateway,Cache hit for key,88,200,False
2026-05-06 16:00:45.978257,INFO,inventory-service,Request processed successfully,441,201,False
2026-05-06 16:03:41.978257,INFO,payment-service,Database query executed in 275ms,275,201,False
2026-05-06 16:11:27.978257,WARNING,auth-service,Request processed successfully,296,200,False
2026-05-06 16:12:28.978257,WARNING,notification-service,Order status updated,162,200,False
2026-05-06 16:14:33.978257,INFO,inventory-service,Health check passed,214,201,False
2026-05-06 16:15:10.978257,INFO,inventory-service,Database query executed in 392ms,392,200,False
2026-05-06 16:32:56.978257,INFO,inventory-service,Order status updated,159,200,False
2026-05-06 16:34:45.978257,INFO,inventory-service,Database query executed in 84ms,84,201,False
2026-05-06 16:35:49.978257,WARNING,inventory-service,Database query executed in 383ms,383,201,False
2026-05-06 16:36:07.978257,INFO,payment-service,Request processed successfully,93,200,False
2026-05-06 16:36:21.978257,WARNING,notification-service,Order status updated,232,201,False
2026-05-06 16:46:15.978257,INFO,payment-service,Database query executed in 290ms,290,201,False
2026-05-06 16:51:28.978257,WARNING,inventory-service,User authenticated,153,200,False
2026-05-06 16:51:58.978257,WARNING,inventory-service,User authenticated,270,201,False
2026-05-06 16:59:46.978257,INFO,payment-service,User authenticated,227,201,False
2026-05-06 17:08:03.978257,WARNING,notification-service,Order status updated,368,201,False
2026-05-06 17:08:25.978257,INFO,payment-service,Cache hit for key,218,200,False
2026-05-06 17:12:46.978257,INFO,payment-service,Health check passed,382,200,False
2026-05-06 17:26:05.978257,WARNING,notification-service,Request processed successfully,214,201,False
2026-05-06 17:26:50.978257,WARNING,auth-service,Database query executed in 171ms,171,201,False
2026-05-06 17:29:33.978257,WARNING,api-gateway,Health check passed,468,200,False
2026-05-06 17:30:21.978257,INFO,payment-service,User authenticated,234,201,False
2026-05-06 17:31:20.978257,WARNING,auth-service,Session created for user,150,201,False
2026-05-06 17:41:14.978257,WARNING,payment-service,Request processed successfully,431,201,False
2026-05-06 17:50:43.978257,WARNING,api-gateway,Health check passed,116,200,False
2026-05-06 17:54:49.978257,WARNING,api-gateway,Request processed successfully,71,200,False
2026-05-06 18:08:35.978257,INFO,inventory-service,Order status updated,151,200,False
2026-05-06 18:11:19.978257,WARNING,notification-service,Health check passed,388,200,False
2026-05-06 18:14:07.978257,INFO,payment-service,Session created for user,382,201,False
2026-05-06 18:14:12.978257,INFO,payment-service,User authenticated,353,201,False
2026-05-06 18:17:09.978257,INFO,notification-service,Cache hit for key,270,201,False
2026-05-06 18:19:28.978257,INFO,auth-service,Request processed successfully,56,201,False
2026-05-06 18:20:14.978257,INFO,auth-service,Session created for user,173,201,False
2026-05-06 18:20:36.978257,INFO,auth-service,User authenticated,77,201,False
2026-05-06 18:31:48.978257,WARNING,notification-service,Order status updated,383,200,False
2026-05-06 18:43:28.978257,WARNING,payment-service,User authenticated,375,200,False
2026-05-06 18:43:50.978257,WARNING,inventory-service,Database query executed in 194ms,194,200,False
2026-05-06 18:44:55.978257,WARNING,api-gateway,Request processed successfully,73,201,False
2026-05-06 18:48:51.978257,WARNING,auth-service,Database query executed in 113ms,113,201,False
2026-05-06 18:52:33.978257,WARNING,auth-service,Cache hit for key,303,201,False
2026-05-06 18:55:54.978257,CRITICAL,inventory-service,Connection timeout after 2505ms,2505,500,True
2026-05-06 18:58:32.978257,INFO,api-gateway,Request processed successfully,388,200,False
2026-05-06 19:08:52.978257,CRITICAL,api-gateway,Memory usage exceeded threshold,8587,500,True
2026-05-06 19:10:36.978257,INFO,inventory-service,Health check passed,450,200,False
2026-05-06 19:20:19.978257,WARNING,payment-service,Cache hit for key,152,201,False
2026-05-06 19:25:50.978257,WARNING,inventory-service,Request processed successfully,367,201,False
2026-05-06 19:27:22.978257,WARNING,payment-service,Database query executed in 468ms,468,200,False
2026-05-06 19:27:59.978257,INFO,payment-service,Order status updated,353,200,False
2026-05-06 19:30:44.978257,WARNING,auth-service,Session created for user,293,201,False
2026-05-06 19:37:22.978257,WARNING,auth-service,Order status updated,427,201,False
2026-05-06 19:42:09.978257,INFO,notification-service,Order status updated,199,200,False
2026-05-06 19:42:55.978257,INFO,api-gateway,Database query executed in 75ms,75,201,False
2026-05-06 19:47:44.978257,WARNING,inventory-service,Health check passed,336,200,False
2026-05-06 19:51:05.978257,INFO,payment-service,Session created for user,261,201,False
2026-05-06 19:52:20.978257,INFO,payment-service,Request processed successfully,472,200,False
2026-05-06 19:54:20.978257,ERROR,notification-service,Database connection pool exhausted,6615,500,True
2026-05-06 19:55:41.978257,INFO,payment-service,Session created for user,283,200,False
2026-05-06 19:59:05.978257,WARNING,api-gateway,Request processed successfully,258,200,False
2026-05-06 20:07:28.978257,WARNING,auth-service,Cache hit for key,94,200,False
2026-05-06 20:08:25.978257,WARNING,inventory-service,Cache hit for key,91,201,False
2026-05-06 20:12:30.978257,INFO,notification-service,Database query executed in 130ms,130,200,False
2026-05-06 20:22:47.978257,INFO,api-gateway,Database query executed in 338ms,338,201,False
2026-05-06 20:32:42.978257,WARNING,notification-service,Request processed successfully,90,201,False
2026-05-06 20:47:22.978257,INFO,notification-service,Session created for user,415,200,False
2026-05-06 20:48:03.978257,WARNING,auth-service,Session created for user,225,201,False
2026-05-06 20:48:55.978257,WARNING,inventory-service,Request processed successfully,251,201,False
2026-05-06 20:49:49.978257,WARNING,notification-service,Cache hit for key,165,201,False
2026-05-06 20:51:28.978257,WARNING,payment-service,Order status updated,410,200,False
2026-05-06 20:54:32.978257,WARNING,payment-service,Health check passed,93,201,False
2026-05-06 21:05:38.978257,WARNING,api-gateway,User authenticated,166,201,False
2026-05-06 21:11:45.978257,WARNING,inventory-service,Database query executed in 410ms,410,201,False
2026-05-06 21:14:43.978257,WARNING,auth-service,Database query executed in 52ms,52,201,False
2026-05-06 21:16:24.978257,WARNING,api-gateway,User authenticated,108,200,False
2026-05-06 21:16:33.978257,INFO,auth-service,User authenticated,221,201,False
2026-05-06 21:29:30.978257,WARNING,payment-service,Health check passed,247,200,False
2026-05-06 21:31:40.978257,CRITICAL,notification-service,Memory usage exceeded threshold,7768,500,True
2026-05-06 21:34:04.978257,INFO,notification-service,Session created for user,250,201,False
2026-05-06 21:41:30.978257,INFO,api-gateway,User authenticated,140,200,False
2026-05-06 21:46:31.978257,INFO,inventory-service,Health check passed,401,201,False
2026-05-06 21:50:57.978257,WARNING,inventory-service,Request processed successfully,61,200,False
2026-05-06 22:02:36.978257,INFO,inventory-service,Database query executed in 348ms,348,201,False
2026-05-06 22:03:35.978257,WARNING,api-gateway,Health check passed,346,200,False
2026-05-06 22:03:53.978257,WARNING,inventory-service,Health check passed,237,201,False
2026-05-06 22:05:53.978257,INFO,payment-service,Session created for user,496,200,False
2026-05-06 22:12:20.978257,INFO,inventory-service,Database query executed in 82ms,82,200,False
2026-05-06 22:14:21.978257,WARNING,payment-service,Order status updated,64,201,False
2026-05-06 22:16:40.978257,INFO,auth-service,Cache hit for key,84,201,False
2026-05-06 22:17:03.978257,WARNING,notification-service,Request processed successfully,383,201,False
2026-05-06 22:18:11.978257,WARNING,api-gateway,Cache hit for key,351,200,False
2026-05-06 22:24:51.978257,WARNING,auth-service,User authenticated,198,200,False
2026-05-06 22:32:14.978257,CRITICAL,auth-service,Memory usage exceeded threshold,3249,500,True
2026-05-06 22:34:14.978257,ERROR,notification-service,Service unreachable after 3 retries,3893,500,True
2026-05-06 22:34:47.978257,CRITICAL,api-gateway,Connection timeout after 8105ms,8105,502,True
2026-05-06 22:43:00.978257,WARNING,payment-service,Database query executed in 386ms,386,201,False
2026-05-06 22:47:16.978257,INFO,auth-service,Health check passed,187,201,False
2026-05-06 22:47:58.978257,WARNING,payment-service,Session created for user,51,200,False
2026-05-06 23:02:11.978257,WARNING,auth-service,Request processed successfully,220,200,False
2026-05-06 23:04:47.978257,WARNING,api-gateway,Session created for user,382,200,False
2026-05-06 23:06:46.978257,INFO,payment-service,Session created for user,392,201,False
2026-05-06 23:07:05.978257,INFO,inventory-service,Health check passed,373,201,False
2026-05-06 23:07:58.978257,ERROR,inventory-service,Unhandled exception in request pipeline,5872,503,True
2026-05-06 23:09:40.978257,WARNING,api-gateway,Health check passed,393,201,False
2026-05-06 23:13:52.978257,INFO,payment-service,Health check passed,117,200,False
2026-05-06 23:17:41.978257,INFO,inventory-service,Health check passed,353,200,False
2026-05-06 23:22:35.978257,INFO,notification-service,Order status updated,387,201,False
2026-05-06 23:29:28.978257,WARNING,notification-service,User authenticated,226,201,False
2026-05-06 23:38:18.978257,WARNING,notification-service,Request processed successfully,491,200,False
2026-05-06 23:55:06.978257,CRITICAL,auth-service,Database connection pool exhausted,3605,502,True
2026-05-06 23:56:52.978257,WARNING,notification-service,Cache hit for key,184,201,False
2026-05-06 23:59:25.978257,INFO,api-gateway,Request processed successfully,491,200,False
2026-05-07 00:01:26.978257,WARNING,auth-service,Database query executed in 191ms,191,201,False
2026-05-07 00:04:28.978257,WARNING,api-gateway,Database query executed in 148ms,148,200,False
2026-05-07 00:09:30.978257,INFO,notification-service,Request processed successfully,396,201,False
2026-05-07 00:12:34.978257,WARNING,notification-service,Session created for user,126,201,False
2026-05-07 00:17:20.978257,INFO,notification-service,Session created for user,222,201,False
2026-05-07 00:20:53.978257,WARNING,inventory-service,Request processed successfully,376,200,False
2026-05-07 00:24:27.978257,WARNING,payment-service,Cache hit for key,257,200,False
2026-05-07 00:24:27.978257,WARNING,payment-service,Order status updated,188,200,False
2026-05-07 00:29:01.978257,WARNING,api-gateway,Health check passed,119,201,False
2026-05-07 00:30:48.978257,WARNING,inventory-service,Session created for user,394,201,False
2026-05-07 00:31:03.978257,INFO,inventory-service,Cache hit for key,73,201,False
2026-05-07 00:33:01.978257,WARNING,payment-service,Session created for user,357,201,False
2026-05-07 00:38:51.978257,INFO,payment-service,Session created for user,50,200,False
2026-05-07 00:41:33.978257,WARNING,notification-service,Health check passed,53,200,False
2026-05-07 00:44:20.978257,WARNING,api-gateway,Session created for user,483,201,False
2026-05-07 00:51:57.978257,WARNING,api-gateway,Order status updated,225,200,False
2026-05-07 00:57:00.978257,WARNING,api-gateway,Order status updated,191,201,False
2026-05-07 01:07:26.978257,WARNING,api-gateway,Session created for user,306,200,False
2026-05-07 01:30:31.978257,INFO,api-gateway,Order status updated,465,200,False
2026-05-07 01:32:42.978257,WARNING,notification-service,Health check passed,186,201,False
2026-05-07 01:38:32.978257,WARNING,payment-service,Session created for user,460,201,False
2026-05-07 01:44:53.978257,WARNING,auth-service,Order status updated,191,201,False
2026-05-07 01:52:26.978257,WARNING,api-gateway,Health check passed,127,201,False
2026-05-07 01:52:42.978257,WARNING,notification-service,Database query executed in 434ms,434,201,False
2026-05-07 01:55:23.978257,WARNING,inventory-service,Session created for user,196,201,False
2026-05-07 01:57:01.978257,INFO,notification-service,Request processed successfully,386,200,False
2026-05-07 02:00:33.978257,INFO,payment-service,Cache hit for key,416,200,False
2026-05-07 02:01:46.978257,WARNING,api-gateway,Order status updated,107,200,False
2026-05-07 02:07:20.978257,WARNING,notification-service,Database query executed in 325ms,325,200,False
2026-05-07 02:10:45.978257,WARNING,api-gateway,User authenticated,499,200,False
2026-05-07 02:16:32.978257,INFO,auth-service,Order status updated,489,201,False
2026-05-07 02:21:24.978257,ERROR,payment-service,Connection timeout after 5256ms,5256,503,True
2026-05-07 02:22:30.978257,WARNING,payment-service,Cache hit for key,494,200,False
2026-05-07 02:31:07.978257,INFO,inventory-service,User authenticated,214,200,False
2026-05-07 02:32:23.978257,INFO,notification-service,Database query executed in 81ms,81,200,False
2026-05-07 02:33:28.978257,WARNING,inventory-service,Cache hit for key,142,200,False
2026-05-07 02:39:38.978257,INFO,auth-service,Cache hit for key,318,200,False
2026-05-07 02:52:38.978257,WARNING,auth-service,Cache hit for key,272,200,False
2026-05-07 02:53:05.978257,INFO,api-gateway,Health check passed,482,201,False
2026-05-07 02:59:34.978257,INFO,inventory-service,Cache hit for key,374,200,False
2026-05-07 03:00:37.978257,WARNING,payment-service,User authenticated,413,200,False
2026-05-07 03:08:56.978257,INFO,payment-service,Database query executed in 306ms,306,200,False
2026-05-07 03:11:44.978257,WARNING,notification-service,Session created for user,226,201,False
2026-05-07 03:24:18.978257,WARNING,api-gateway,Session created for user,265,200,False
2026-05-07 03:29:47.978257,WARNING,payment-service,User authenticated,93,200,False
2026-05-07 03:41:14.978257,INFO,payment-service,Order status updated,481,200,False
2026-05-07 03:41:29.978257,WARNING,inventory-service,Cache hit for key,238,201,False
2026-05-07 03:47:01.978257,CRITICAL,inventory-service,Connection timeout after 6497ms,6497,500,True
2026-05-07 03:56:17.978257,WARNING,notification-service,Health check passed,373,200,False
2026-05-07 03:57:04.978257,INFO,api-gateway,Database query executed in 155ms,155,200,False
2026-05-07 03:59:18.978257,WARNING,inventory-service,User authenticated,341,201,False
2026-05-07 04:07:07.978257,WARNING,payment-service,Order status updated,170,200,False
2026-05-07 04:14:05.978257,INFO,api-gateway,Request processed successfully,292,201,False
2026-05-07 04:17:18.978257,INFO,notification-service,Health check passed,239,200,False
2026-05-07 04:18:29.978257,INFO,api-gateway,Order status updated,241,201,False
2026-05-07 04:22:14.978257,WARNING,inventory-service,Order status updated,481,200,False
2026-05-07 04:28:25.978257,WARNING,auth-service,Health check passed,86,200,False
2026-05-07 04:38:58.978257,INFO,auth-service,Health check passed,310,201,False
2026-05-07 04:39:22.978257,WARNING,notification-service,Cache hit for key,386,200,False
2026-05-07 04:42:48.978257,INFO,api-gateway,User authenticated,245,201,False
2026-05-07 04:43:37.978257,WARNING,api-gateway,User authenticated,109,201,False
2026-05-07 04:48:36.978257,INFO,notification-service,Request processed successfully,97,201,False
2026-05-07 04:50:56.978257,INFO,inventory-service,User authenticated,344,200,False
2026-05-07 04:56:09.978257,INFO,payment-service,Order status updated,217,200,False
2026-05-07 05:01:08.978257,WARNING,payment-service,Health check passed,435,200,False
2026-05-07 05:01:52.978257,ERROR,inventory-service,Unhandled exception in request pipeline,8845,502,True
2026-05-07 05:03:45.978257,WARNING,payment-service,Database query executed in 499ms,499,200,False
2026-05-07 05:07:28.978257,WARNING,inventory-service,Order status updated,448,200,False
2026-05-07 05:08:30.978257,INFO,inventory-service,Request processed successfully,400,201,False
2026-05-07 05:10:23.978257,WARNING,inventory-service,Cache hit for key,471,201,False
2026-05-07 05:23:14.978257,INFO,api-gateway,Order status updated,262,201,False
2026-05-07 05:28:40.978257,ERROR,notification-service,Memory usage exceeded threshold,4289,500,True
2026-05-07 05:30:53.978257,INFO,inventory-service,Request processed successfully,223,201,False
2026-05-07 05:34:37.978257,INFO,payment-service,User authenticated,438,200,False
2026-05-07 05:35:21.978257,INFO,auth-service,User authenticated,337,201,False
2026-05-07 05:37:41.978257,INFO,auth-service,Request processed successfully,125,200,False
2026-05-07 05:41:32.978257,WARNING,inventory-service,Request processed successfully,496,200,False
2026-05-07 05:43:06.978257,INFO,notification-service,User authenticated,372,200,False
2026-05-07 05:43:12.978257,INFO,notification-service,Cache hit for key,145,201,False
2026-05-07 05:50:38.978257,WARNING,inventory-service,Cache hit for key,158,201,False
2026-05-07 05:52:03.978257,WARNING,notification-service,Request processed successfully,373,201,False
2026-05-07 06:00:30.978257,INFO,payment-service,Cache hit for key,332,201,False
2026-05-07 06:01:14.978257,INFO,inventory-service,User authenticated,369,201,False
2026-05-07 06:01:18.978257,INFO,inventory-service,User authenticated,453,201,False
2026-05-07 06:19:21.978257,WARNING,notification-service,Health check passed,104,201,False
2026-05-07 06:20:28.978257,WARNING,payment-service,Request processed successfully,476,200,False
2026-05-07 06:26:00.978257,INFO,api-gateway,Cache hit for key,449,201,False
2026-05-07 06:26:17.978257,CRITICAL,payment-service,Database connection pool exhausted,7462,503,True
2026-05-07 06:28:10.978257,INFO,inventory-service,Request processed successfully,496,200,False
2026-05-07 06:50:53.978257,INFO,api-gateway,Health check passed,297,200,False
2026-05-07 06:57:18.978257,WARNING,auth-service,Session created for user,249,201,False
2026-05-07 07:00:00.978257,WARNING,payment-service,Health check passed,364,201,False
2026-05-07 07:00:29.978257,ERROR,notification-service,Database connection pool exhausted,5896,503,True
2026-05-07 07:04:51.978257,INFO,notification-service,Database query executed in 96ms,96,201,False
2026-05-07 07:06:17.978257,INFO,api-gateway,Database query executed in 247ms,247,201,False
2026-05-07 07:07:47.978257,WARNING,auth-service,Request processed successfully,309,200,False
2026-05-07 07:09:14.978257,INFO,notification-service,Health check passed,422,200,False
2026-05-07 07:09:41.978257,INFO,inventory-service,Request processed successfully,144,201,False
2026-05-07 07:19:50.978257,WARNING,payment-service,Session created for user,172,201,False
2026-05-07 07:33:00.978257,WARNING,inventory-service,User authenticated,372,200,False
2026-05-07 07:40:43.978257,WARNING,inventory-service,Session created for user,301,201,False
2026-05-07 07:46:24.978257,WARNING,auth-service,Session created for user,399,200,False
2026-05-07 07:52:34.978257,INFO,payment-service,Order status updated,134,201,False
2026-05-07 08:01:26.978257,WARNING,notification-service,Cache hit for key,244,201,False
2026-05-07 08:04:50.978257,WARNING,inventory-service,Session created for user,84,201,False
2026-05-07 08:09:50.978257,INFO,auth-service,Health check passed,54,201,False
2026-05-07 08:11:37.978257,WARNING,auth-service,Database query executed in 292ms,292,200,False
2026-05-07 08:14:21.978257,WARNING,notification-service,User authenticated,275,201,False
2026-05-07 08:14:27.978257,INFO,notification-service,User authenticated,296,201,False
2026-05-07 08:16:25.978257,WARNING,auth-service,Health check passed,268,200,False
2026-05-07 08:16:40.978257,WARNING,api-gateway,Cache hit for key,85,200,False
2026-05-07 08:28:44.978257,WARNING,inventory-service,Session created for user,340,201,False
2026-05-07 08:29:23.978257,WARNING,auth-service,User authenticated,348,201,False
2026-05-07 08:30:29.978257,WARNING,auth-service,Session created for user,55,200,False
2026-05-07 08:38:35.978257,INFO,notification-service,Health check passed,224,200,False
2026-05-07 08:45:11.978257,WARNING,notification-service,User authenticated,154,201,False
2026-05-07 08:46:14.978257,WARNING,auth-service,Database query executed in 388ms,388,200,False
2026-05-07 08:48:53.978257,INFO,notification-service,User authenticated,280,200,False
2026-05-07 09:03:16.978257,WARNING,api-gateway,Order status updated,91,200,False
2026-05-07 09:08:05.978257,INFO,inventory-service,Order status updated,284,200,False
2026-05-07 09:09:46.978257,WARNING,inventory-service,Request processed successfully,220,200,False
2026-05-07 09:10:46.978257,INFO,notification-service,Database query executed in 257ms,257,200,False
2026-05-07 09:14:23.978257,WARNING,api-gateway,Health check passed,199,200,False
2026-05-07 09:15:24.978257,INFO,inventory-service,Health check passed,218,201,False
2026-05-07 09:17:51.978257,INFO,api-gateway,Health check passed,235,201,False
2026-05-07 09:18:48.978257,INFO,api-gateway,User authenticated,241,200,False
2026-05-07 09:20:19.978257,INFO,auth-service,Database query executed in 139ms,139,201,False
2026-05-07 09:23:46.978257,INFO,notification-service,Health check passed,286,201,False
2026-05-07 09:24:08.978257,INFO,payment-service,Request processed successfully,455,201,False
2026-05-07 09:26:03.978257,WARNING,notification-service,Request processed successfully,416,200,False
2026-05-07 09:28:03.978257,ERROR,notification-service,Database connection pool exhausted,5372,503,True
2026-05-07 09:33:53.978257,WARNING,notification-service,Session created for user,236,201,False
2026-05-07 09:34:08.978257,INFO,inventory-service,Health check passed,216,201,False
2026-05-07 09:36:14.978257,WARNING,payment-service,Order status updated,191,201,False
2026-05-07 09:37:37.978257,WARNING,payment-service,Session created for user,353,201,False
2026-05-07 09:41:51.978257,INFO,notification-service,Session created for user,249,201,False
2026-05-07 09:42:33.978257,ERROR,inventory-service,Database connection pool exhausted,2021,503,True
2026-05-07 09:49:30.978257,INFO,payment-service,Database query executed in 244ms,244,200,False
2026-05-07 09:50:15.978257,WARNING,inventory-service,Session created for user,326,201,False
2026-05-07 09:51:18.978257,ERROR,api-gateway,Database connection pool exhausted,2510,503,True
2026-05-07 09:53:07.978257,CRITICAL,api-gateway,Database connection pool exhausted,6375,500,True
2026-05-07 09:54:28.978257,INFO,notification-service,Cache hit for key,410,201,False
2026-05-07 09:56:12.978257,INFO,inventory-service,Health check passed,186,200,False
2026-05-07 09:59:08.978257,INFO,inventory-service,Order status updated,206,200,False
2026-05-07 10:07:54.978257,WARNING,auth-service,Database query executed in 498ms,498,200,False
2026-05-07 10:07:55.978257,INFO,auth-service,Cache hit for key,398,200,False
2026-05-07 10:15:14.978257,INFO,inventory-service,Request processed successfully,55,200,False
2026-05-07 10:17:10.978257,INFO,notification-service,Order status updated,201,201,False
2026-05-07 10:28:10.978257,WARNING,notification-service,Database query executed in 101ms,101,201,False
2026-05-07 10:29:36.978257,INFO,payment-service,Session created for user,278,201,False
2026-05-07 10:30:27.978257,ERROR,payment-service,Memory usage exceeded threshold,5580,500,True
2026-05-07 10:31:22.978257,INFO,inventory-service,Request processed successfully,233,201,False
2026-05-07 10:37:23.978257,WARNING,api-gateway,Order status updated,195,201,False
2026-05-07 10:38:08.978257,WARNING,inventory-service,Session created for user,361,200,False
2026-05-07 10:48:28.978257,WARNING,notification-service,Database query executed in 166ms,166,201,False
2026-05-07 10:50:38.978257,WARNING,payment-service,Session created for user,486,201,False
2026-05-07 10:51:16.978257,WARNING,payment-service,Cache hit for key,259,201,False
2026-05-07 10:54:45.978257,INFO,payment-service,Cache hit for key,264,200,False
2026-05-07 10:56:36.978257,INFO,payment-service,Request processed successfully,179,201,False
2026-05-07 11:02:25.978257,WARNING,inventory-service,Session created for user,139,201,False
2026-05-07 11:05:39.978257,WARNING,notification-service,Database query executed in 358ms,358,200,False
2026-05-07 11:08:35.978257,WARNING,api-gateway,Order status updated,294,201,False
2026-05-07 11:12:35.978257,WARNING,api-gateway,Health check passed,205,200,False
2026-05-07 11:16:29.978257,INFO,payment-service,Cache hit for key,472,200,False
2026-05-07 11:34:03.978257,WARNING,payment-service,Database query executed in 116ms,116,201,False
2026-05-07 11:40:16.978257,WARNING,api-gateway,Request processed successfully,341,200,False
2026-05-07 11:46:24.978257,WARNING,auth-service,User authenticated,221,200,False
2026-05-07 11:46:27.978257,WARNING,api-gateway,Session created for user,144,201,False
2026-05-07 11:46:41.978257,ERROR,inventory-service,Database connection pool exhausted,2629,502,True
2026-05-07 11:47:32.978257,INFO,api-gateway,Database query executed in 415ms,415,201,False
2026-05-07 11:49:08.978257,INFO,auth-service,Request processed successfully,91,201,False
2026-05-07 11:49:51.978257,WARNING,api-gateway,Session created for user,99,201,False
2026-05-07 11:51:42.978257,WARNING,payment-service,User authenticated,164,200,False
2026-05-07 11:53:59.978257,INFO,notification-service,Health check passed,171,200,False
2026-05-07 12:00:10.978257,WARNING,notification-service,User authenticated,431,200,False
2026-05-07 12:00:14.978257,INFO,payment-service,Cache hit for key,282,200,False
2026-05-07 12:00:45.978257,INFO,notification-service,User authenticated,191,201,False
2026-05-07 12:02:41.978257,WARNING,notification-service,User authenticated,283,201,False
2026-05-07 12:13:35.978257,INFO,notification-service,Database query executed in 491ms,491,201,False
2026-05-07 12:22:14.978257,WARNING,payment-service,Session created for user,358,201,False
2026-05-07 12:24:13.978257,INFO,payment-service,Health check passed,318,200,False
2026-05-07 12:31:37.978257,WARNING,notification-service,Database query executed in 148ms,148,201,False
2026-05-07 12:34:45.978257,WARNING,notification-service,User authenticated,207,201,False
2026-05-07 12:34:47.978257,WARNING,payment-service,Session created for user,410,201,False
2026-05-07 12:36:47.978257,INFO,inventory-service,Health check passed,308,200,False
2026-05-07 12:46:35.978257,WARNING,notification-service,User authenticated,177,200,False
2026-05-07 12:52:57.978257,WARNING,notification-service,Cache hit for key,430,201,False
2026-05-07 12:53:57.978257,INFO,api-gateway,User authenticated,203,200,False
2026-05-07 12:59:29.978257,ERROR,payment-service,Connection timeout after 5053ms,5053,502,True
2026-05-07 13:09:18.978257,WARNING,payment-service,User authenticated,130,201,False
2026-05-07 13:09:47.978257,INFO,api-gateway,User authenticated,211,201,False
2026-05-07 13:13:44.978257,WARNING,notification-service,Request processed successfully,135,200,False
2026-05-07 13:13:57.978257,WARNING,notification-service,User authenticated,403,201,False
2026-05-07 13:16:31.978257,WARNING,auth-service,Cache hit for key,311,201,False
2026-05-07 13:16:59.978257,WARNING,inventory-service,Database query executed in 392ms,392,201,False
2026-05-07 13:26:43.978257,CRITICAL,payment-service,Database connection pool exhausted,8191,502,True
2026-05-07 13:28:13.978257,WARNING,inventory-service,Cache hit for key,176,201,False
2026-05-07 13:37:20.978257,WARNING,auth-service,Order status updated,375,201,False
2026-05-07 13:37:25.978257,WARNING,auth-service,Session created for user,214,200,False
2026-05-07 13:40:49.978257,ERROR,inventory-service,Unhandled exception in request pipeline,7333,503,True
2026-05-07 13:45:13.978257,WARNING,payment-service,Database query executed in 153ms,153,200,False
2026-05-07 13:45:30.978257,WARNING,notification-service,Database query executed in 80ms,80,201,False
2026-05-07 13:50:55.978257,INFO,payment-service,Cache hit for key,245,201,False
2026-05-07 14:00:56.978257,INFO,auth-service,Order status updated,279,201,False
2026-05-07 14:02:36.978257,INFO,payment-service,Request processed successfully,459,200,False
2026-05-07 14:02:51.978257,INFO,inventory-service,Session created for user,353,200,False
2026-05-07 14:27:10.978257,INFO,api-gateway,User authenticated,411,200,False
2026-05-07 14:32:21.978257,WARNING,api-gateway,Database query executed in 144ms,144,201,False
2026-05-07 14:32:24.978257,WARNING,payment-service,Database query executed in 211ms,211,200,False
2026-05-07 14:35:10.978257,INFO,inventory-service,Order status updated,315,201,False
2026-05-07 14:52:26.978257,INFO,api-gateway,Health check passed,58,201,False
2026-05-07 14:54:14.978257,CRITICAL,payment-service,Memory usage exceeded threshold,5237,500,True
2026-05-07 14:57:24.978257,INFO,inventory-service,Cache hit for key,330,200,False
2026-05-07 15:00:22.978257,WARNING,payment-service,User authenticated,316,201,False
2026-05-07 15:04:21.978257,WARNING,auth-service,User authenticated,97,200,False
2026-05-07 15:05:28.978257,INFO,api-gateway,Health check passed,125,200,False
2026-05-07 15:07:32.978257,WARNING,api-gateway,User authenticated,265,200,False
2026-05-07 15:07:59.978257,WARNING,inventory-service,Cache hit for key,111,200,False
2026-05-07 15:13:22.978257,INFO,payment-service,Cache hit for key,92,200,False
2026-05-07 15:18:06.978257,INFO,api-gateway,Request processed successfully,124,200,False
2026-05-07 15:28:03.978257,WARNING,notification-service,Health check passed,317,201,False
2026-05-07 15:29:15.978257,INFO,notification-service,Health check passed,297,201,False
2026-05-07 15:32:56.978257,INFO,inventory-service,Order status updated,149,200,False
2026-05-07 15:40:11.978257,WARNING,auth-service,User authenticated,490,201,False
2026-05-07 15:43:52.978257,INFO,api-gateway,Health check passed,295,200,False
2026-05-07 15:47:25.978257,WARNING,api-gateway,Health check passed,139,201,False
2026-05-07 15:51:41.978257,INFO,auth-service,Order status updated,382,201,False
2026-05-07 15:53:19.978257,WARNING,notification-service,Database query executed in 485ms,485,200,False
2026-05-07 15:58:03.978257,WARNING,auth-service,Session created for user,302,200,False
2026-05-07 16:03:06.978257,WARNING,api-gateway,Order status updated,151,201,False
2026-05-07 16:03:32.978257,WARNING,api-gateway,Order status updated,151,201,False
2026-05-07 16:08:40.978257,CRITICAL,notification-service,Database connection pool exhausted,8467,500,True
2026-05-07 16:13:13.978257,WARNING,payment-service,Cache hit for key,268,201,False
2026-05-07 16:14:50.978257,WARNING,auth-service,Order status updated,321,201,False
2026-05-07 16:18:29.978257,INFO,inventory-service,Cache hit for key,111,201,False
2026-05-07 16:25:07.978257,WARNING,inventory-service,Order status updated,59,200,False
2026-05-07 16:25:25.978257,INFO,auth-service,Health check passed,244,201,False
2026-05-07 16:26:47.978257,INFO,notification-service,Order status updated,493,201,False
2026-05-07 16:29:09.978257,INFO,payment-service,Request processed successfully,267,200,False
2026-05-07 16:38:16.978257,ERROR,inventory-service,Unhandled exception in request pipeline,5043,503,True
2026-05-07 16:39:23.978257,INFO,auth-service,Cache hit for key,81,201,False
2026-05-07 16:39:48.978257,INFO,inventory-service,Session created for user,433,201,False
2026-05-07 16:40:13.978257,INFO,api-gateway,Session created for user,467,201,False
2026-05-07 16:41:29.978257,INFO,auth-service,Cache hit for key,497,201,False
2026-05-07 16:43:35.978257,WARNING,payment-service,Session created for user,385,201,False
2026-05-07 16:52:16.978257,WARNING,auth-service,Database query executed in 129ms,129,200,False
2026-05-07 16:53:30.978257,WARNING,inventory-service,Cache hit for key,393,201,False
2026-05-07 16:54:09.978257,WARNING,auth-service,Session created for user,91,200,False
2026-05-07 16:54:36.978257,INFO,api-gateway,Session created for user,153,201,False
2026-05-07 16:57:03.978257,WARNING,payment-service,Order status updated,61,201,False
2026-05-07 16:57:14.978257,WARNING,payment-service,Database query executed in 98ms,98,201,False
2026-05-07 17:06:56.978257,ERROR,api-gateway,Memory usage exceeded threshold,7665,502,True
2026-05-07 17:13:35.978257,WARNING,notification-service,Order status updated,436,200,False
2026-05-07 17:13:52.978257,WARNING,api-gateway,Order status updated,176,200,False
2026-05-07 17:16:31.978257,INFO,notification-service,Health check passed,64,201,False
2026-05-07 17:18:56.978257,INFO,auth-service,Order status updated,383,200,False
2026-05-07 17:28:40.978257,WARNING,inventory-service,Request processed successfully,104,200,False
2026-05-07 17:30:03.978257,INFO,auth-service,Health check passed,457,201,False
2026-05-07 17:36:36.978257,WARNING,payment-service,Health check passed,442,200,False
2026-05-07 17:38:44.978257,INFO,api-gateway,Order status updated,179,201,False
2026-05-07 17:42:28.978257,WARNING,auth-service,Database query executed in 284ms,284,200,False
2026-05-07 17:44:42.978257,ERROR,api-gateway,Service unreachable after 3 retries,6411,500,True
2026-05-07 17:46:33.978257,WARNING,api-gateway,Session created for user,215,200,False
2026-05-07 17:47:56.978257,WARNING,payment-service,Session created for user,237,200,False
2026-05-07 17:54:17.978257,INFO,notification-service,Request processed successfully,306,200,False
2026-05-07 18:01:05.978257,INFO,api-gateway,Request processed successfully,253,200,False
2026-05-07 18:08:22.978257,INFO,notification-service,Health check passed,208,200,False
2026-05-07 18:08:52.978257,INFO,notification-service,Request processed successfully,68,201,False
2026-05-07 18:19:08.978257,WARNING,notification-service,Order status updated,453,200,False
2026-05-07 18:23:56.978257,WARNING,inventory-service,Database query executed in 380ms,380,201,False
2026-05-07 18:26:34.978257,INFO,payment-service,User authenticated,314,201,False
2026-05-07 18:30:23.978257,WARNING,auth-service,Cache hit for key,173,201,False
2026-05-07 18:38:23.978257,INFO,auth-service,Health check passed,178,200,False
2026-05-07 18:43:35.978257,CRITICAL,auth-service,Memory usage exceeded threshold,6974,503,True
2026-05-07 18:45:33.978257,WARNING,api-gateway,Request processed successfully,195,201,False
2026-05-07 18:48:04.978257,WARNING,api-gateway,Health check passed,120,201,False
2026-05-07 18:50:42.978257,WARNING,api-gateway,Database query executed in 138ms,138,201,False
2026-05-07 18:53:15.978257,WARNING,inventory-service,Session created for user,301,201,False
2026-05-07 18:57:03.978257,WARNING,auth-service,Order status updated,284,200,False
2026-05-07 18:58:54.978257,WARNING,inventory-service,Database query executed in 177ms,177,200,False
2026-05-07 18:59:36.978257,WARNING,api-gateway,Request processed successfully,309,200,False
2026-05-07 19:00:10.978257,WARNING,auth-service,Health check passed,87,201,False
2026-05-07 19:11:39.978257,INFO,auth-service,Cache hit for key,470,200,False
2026-05-07 19:22:52.978257,WARNING,api-gateway,Health check passed,320,201,False
2026-05-07 19:26:09.978257,INFO,auth-service,Request processed successfully,329,201,False
2026-05-07 19:35:53.978257,INFO,auth-service,Order status updated,60,201,False
2026-05-07 19:36:30.978257,INFO,api-gateway,Order status updated,163,201,False
2026-05-07 19:38:23.978257,WARNING,auth-service,Session created for user,335,200,False
2026-05-07 19:40:19.978257,INFO,payment-service,Order status updated,438,201,False
2026-05-07 19:40:52.978257,WARNING,inventory-service,Order status updated,292,200,False
2026-05-07 19:41:47.978257,INFO,payment-service,Request processed successfully,245,201,False
2026-05-07 19:44:33.978257,INFO,payment-service,Database query executed in 351ms,351,201,False
2026-05-07 19:44:56.978257,INFO,api-gateway,Health check passed,188,200,False
2026-05-07 19:51:47.978257,WARNING,api-gateway,Health check passed,193,200,False
2026-05-07 20:01:04.978257,INFO,notification-service,Database query executed in 209ms,209,201,False
2026-05-07 20:02:28.978257,CRITICAL,auth-service,Service unreachable after 3 retries,2577,503,True
2026-05-07 20:03:19.978257,INFO,payment-service,User authenticated,211,200,False
2026-05-07 20:07:02.978257,WARNING,payment-service,Order status updated,68,201,False
2026-05-07 20:07:57.978257,WARNING,auth-service,Request processed successfully,486,201,False
2026-05-07 20:11:33.978257,INFO,notification-service,Request processed successfully,371,201,False
2026-05-07 20:12:32.978257,INFO,payment-service,Health check passed,123,201,False
2026-05-07 20:15:30.978257,INFO,payment-service,Request processed successfully,393,200,False
2026-05-07 20:21:37.978257,INFO,notification-service,Request processed successfully,114,201,False
2026-05-07 20:23:27.978257,ERROR,auth-service,Connection timeout after 8741ms,8741,502,True
2026-05-07 20:24:58.978257,INFO,inventory-service,Health check passed,388,201,False
2026-05-07 20:36:01.978257,INFO,auth-service,Health check passed,172,200,False
2026-05-07 20:40:10.978257,INFO,payment-service,Session created for user,462,201,False
2026-05-07 20:57:03.978257,INFO,payment-service,Health check passed,253,201,False
2026-05-07 21:00:58.978257,INFO,api-gateway,User authenticated,58,201,False
2026-05-07 21:01:11.978257,WARNING,auth-service,Health check passed,315,200,False
2026-05-07 21:03:04.978257,WARNING,api-gateway,Session created for user,304,200,False
2026-05-07 21:07:38.978257,WARNING,inventory-service,Cache hit for key,297,200,False
2026-05-07 21:08:04.978257,ERROR,payment-service,Database connection pool exhausted,4856,500,True
2026-05-07 21:10:47.978257,INFO,api-gateway,Session created for user,274,201,False
2026-05-07 21:14:22.978257,WARNING,api-gateway,Cache hit for key,406,201,False
2026-05-07 21:25:30.978257,INFO,payment-service,Order status updated,53,201,False
2026-05-07 21:25:41.978257,INFO,payment-service,Session created for user,419,200,False
2026-05-07 21:27:49.978257,WARNING,notification-service,User authenticated,308,201,False
2026-05-07 21:31:26.978257,INFO,payment-service,Database query executed in 193ms,193,200,False
2026-05-07 21:32:27.978257,WARNING,api-gateway,Request processed successfully,309,201,False
2026-05-07 21:36:30.978257,WARNING,inventory-service,Request processed successfully,148,201,False
2026-05-07 21:51:29.978257,WARNING,payment-service,Request processed successfully,466,200,False
2026-05-07 22:06:10.978257,WARNING,inventory-service,Request processed successfully,292,201,False
2026-05-07 22:12:19.978257,INFO,api-gateway,Session created for user,121,200,False
2026-05-07 22:12:27.978257,CRITICAL,payment-service,Connection timeout after 7737ms,7737,502,True
2026-05-07 22:18:37.978257,INFO,api-gateway,Cache hit for key,112,201,False
2026-05-07 22:19:33.978257,INFO,payment-service,Database query executed in 128ms,128,201,False
2026-05-07 22:21:09.978257,WARNING,notification-service,Cache hit for key,307,200,False
2026-05-07 22:27:11.978257,WARNING,api-gateway,Session created for user,240,201,False
2026-05-07 22:27:48.978257,INFO,notification-service,Session created for user,240,200,False
2026-05-07 22:28:46.978257,WARNING,inventory-service,Cache hit for key,95,200,False
2026-05-07 22:29:42.978257,WARNING,notification-service,Order status updated,481,200,False
2026-05-07 22:41:26.978257,INFO,inventory-service,Health check passed,272,200,False
2026-05-07 22:45:14.978257,INFO,notification-service,Database query executed in 108ms,108,201,False
2026-05-07 22:50:43.978257,INFO,inventory-service,Cache hit for key,401,200,False
2026-05-07 22:57:55.978257,WARNING,auth-service,User authenticated,55,200,False
2026-05-07 22:59:57.978257,INFO,inventory-service,User authenticated,174,200,False
2026-05-07 23:00:22.978257,WARNING,inventory-service,User authenticated,373,201,False
2026-05-07 23:00:57.978257,INFO,payment-service,Order status updated,455,201,False
2026-05-07 23:01:02.978257,WARNING,payment-service,User authenticated,91,201,False
2026-05-07 23:05:22.978257,WARNING,payment-service,Health check passed,100,200,False
2026-05-07 23:07:46.978257,WARNING,inventory-service,Session created for user,311,201,False
2026-05-07 23:15:45.978257,WARNING,notification-service,Request processed successfully,488,201,False
2026-05-07 23:16:46.978257,WARNING,inventory-service,Health check passed,151,201,False
2026-05-07 23:25:49.978257,WARNING,api-gateway,Database query executed in 96ms,96,201,False
2026-05-07 23:26:59.978257,WARNING,inventory-service,User authenticated,312,201,False
2026-05-07 23:34:52.978257,WARNING,api-gateway,Session created for user,454,200,False
2026-05-07 23:43:31.978257,INFO,notification-service,Cache hit for key,248,200,False
2026-05-07 23:55:34.978257,INFO,api-gateway,User authenticated,205,200,False
2026-05-08 00:13:40.978257,INFO,inventory-service,Cache hit for key,115,201,False
2026-05-08 00:15:38.978257,WARNING,payment-service,Database query executed in 255ms,255,200,False
2026-05-08 00:21:53.978257,WARNING,api-gateway,Session created for user,163,200,False
2026-05-08 00:26:37.978257,INFO,auth-service,User authenticated,320,200,False
2026-05-08 00:38:06.978257,INFO,payment-service,Cache hit for key,105,200,False
2026-05-08 00:38:27.978257,WARNING,payment-service,Order status updated,144,200,False
2026-05-08 00:44:34.978257,INFO,notification-service,Database query executed in 307ms,307,201,False
2026-05-08 00:45:49.978257,CRITICAL,api-gateway,Connection timeout after 4455ms,4455,503,True
2026-05-08 00:47:15.978257,INFO,notification-service,Session created for user,427,200,False
2026-05-08 00:49:00.978257,WARNING,api-gateway,Health check passed,402,200,False
2026-05-08 00:49:38.978257,ERROR,api-gateway,Unhandled exception in request pipeline,2936,500,True
2026-05-08 00:50:22.978257,INFO,api-gateway,Request processed successfully,424,200,False
2026-05-08 00:56:40.978257,CRITICAL,notification-service,Unhandled exception in request pipeline,7761,502,True
2026-05-08 00:57:00.978257,WARNING,inventory-service,Cache hit for key,292,200,False
2026-05-08 01:07:00.978257,WARNING,inventory-service,Request processed successfully,204,201,False
2026-05-08 01:19:50.978257,INFO,api-gateway,User authenticated,278,200,False
2026-05-08 01:31:03.978257,WARNING,auth-service,Order status updated,381,200,False
2026-05-08 01:32:17.978257,WARNING,inventory-service,Health check passed,178,200,False
2026-05-08 01:44:57.978257,WARNING,inventory-service,Request processed successfully,204,201,False
2026-05-08 01:47:24.978257,WARNING,auth-service,Cache hit for key,496,201,False
2026-05-08 01:53:06.978257,INFO,inventory-service,Request processed successfully,367,200,False
2026-05-08 01:53:13.978257,WARNING,api-gateway,Order status updated,244,200,False
2026-05-08 01:54:38.978257,CRITICAL,payment-service,Service unreachable after 3 retries,8941,502,True
2026-05-08 01:56:02.978257,INFO,api-gateway,Health check passed,155,200,False
2026-05-08 01:56:15.978257,INFO,inventory-service,Cache hit for key,459,200,False
2026-05-08 01:58:03.978257,INFO,payment-service,Cache hit for key,388,200,False
2026-05-08 02:00:23.978257,WARNING,inventory-service,Request processed successfully,496,200,False
2026-05-08 02:01:28.978257,WARNING,payment-service,Request processed successfully,461,201,False
2026-05-08 02:03:21.978257,WARNING,notification-service,User authenticated,162,201,False
2026-05-08 02:04:29.978257,WARNING,payment-service,User authenticated,460,201,False
2026-05-08 02:13:48.978257,WARNING,auth-service,Database query executed in 491ms,491,200,False
2026-05-08 02:14:58.978257,INFO,inventory-service,Cache hit for key,486,200,False
2026-05-08 02:16:28.978257,INFO,api-gateway,User authenticated,203,201,False
2026-05-08 02:20:28.978257,WARNING,api-gateway,Health check passed,106,201,False
2026-05-08 02:20:59.978257,ERROR,payment-service,Memory usage exceeded threshold,6243,503,True
2026-05-08 02:23:47.978257,WARNING,auth-service,Database query executed in 117ms,117,200,False
2026-05-08 02:23:54.978257,INFO,payment-service,Session created for user,228,201,False
2026-05-08 02:27:17.978257,WARNING,notification-service,User authenticated,302,201,False
2026-05-08 02:28:34.978257,INFO,notification-service,User authenticated,205,200,False
2026-05-08 02:32:13.978257,INFO,auth-service,Database query executed in 354ms,354,201,False
2026-05-08 02:43:25.978257,WARNING,notification-service,Request processed successfully,375,201,False
2026-05-08 02:52:44.978257,WARNING,auth-service,Database query executed in 74ms,74,201,False
2026-05-08 02:58:13.978257,INFO,inventory-service,Health check passed,450,201,False
2026-05-08 03:01:59.978257,WARNING,api-gateway,Order status updated,466,201,False
2026-05-08 03:05:12.978257,INFO,auth-service,Session created for user,344,201,False
2026-05-08 03:07:58.978257,WARNING,auth-service,Cache hit for key,250,200,False
2026-05-08 03:08:25.978257,INFO,api-gateway,Request processed successfully,435,201,False
2026-05-08 03:26:47.978257,INFO,auth-service,User authenticated,285,200,False
2026-05-08 03:28:37.978257,INFO,auth-service,User authenticated,299,201,False
2026-05-08 03:29:42.978257,INFO,notification-service,Request processed successfully,54,200,False
2026-05-08 03:34:27.978257,INFO,inventory-service,Cache hit for key,464,200,False
2026-05-08 03:38:14.978257,INFO,notification-service,Cache hit for key,114,201,False
2026-05-08 03:38:19.978257,WARNING,auth-service,Database query executed in 427ms,427,201,False
2026-05-08 03:39:49.978257,WARNING,auth-service,Session created for user,291,201,False
2026-05-08 03:42:57.978257,WARNING,api-gateway,Health check passed,146,200,False
2026-05-08 03:45:05.978257,WARNING,payment-service,User authenticated,124,200,False
2026-05-08 03:53:02.978257,INFO,inventory-service,Cache hit for key,345,201,False
2026-05-08 04:04:32.978257,WARNING,inventory-service,Request processed successfully,435,200,False
2026-05-08 04:06:25.978257,INFO,inventory-service,Order status updated,309,200,False
2026-05-08 04:12:17.978257,INFO,inventory-service,Cache hit for key,70,201,False
2026-05-08 04:15:31.978257,INFO,inventory-service,User authenticated,268,201,False
2026-05-08 04:20:19.978257,INFO,notification-service,Request processed successfully,442,201,False
2026-05-08 04:25:06.978257,WARNING,api-gateway,Cache hit for key,246,201,False
2026-05-08 04:26:37.978257,INFO,inventory-service,Session created for user,180,200,False
2026-05-08 04:32:17.978257,INFO,payment-service,Request processed successfully,200,200,False
2026-05-08 04:32:56.978257,INFO,notification-service,Request processed successfully,291,200,False
2026-05-08 04:37:17.978257,WARNING,api-gateway,User authenticated,416,200,False
2026-05-08 04:39:13.978257,WARNING,notification-service,Request processed successfully,241,201,False
2026-05-08 04:40:06.978257,WARNING,api-gateway,Request processed successfully,116,200,False
2026-05-08 04:40:13.978257,CRITICAL,payment-service,Unhandled exception in request pipeline,7913,503,True
2026-05-08 04:42:43.978257,INFO,api-gateway,Request processed successfully,112,201,False
2026-05-08 04:50:10.978257,WARNING,payment-service,Health check passed,351,201,False
2026-05-08 04:50:42.978257,WARNING,auth-service,Database query executed in 377ms,377,200,False
2026-05-08 04:51:03.978257,WARNING,inventory-service,Request processed successfully,374,200,False
2026-05-08 04:54:02.978257,INFO,api-gateway,Health check passed,186,200,False
2026-05-08 04:57:30.978257,CRITICAL,auth-service,Service unreachable after 3 retries,5698,503,True
2026-05-08 04:59:39.978257,WARNING,inventory-service,Health check passed,163,201,False
2026-05-08 05:00:35.978257,INFO,inventory-service,Request processed successfully,470,201,False
2026-05-08 05:01:11.978257,INFO,inventory-service,User authenticated,197,200,False
2026-05-08 05:13:06.978257,WARNING,inventory-service,User authenticated,315,201,False
2026-05-08 05:29:34.978257,WARNING,api-gateway,User authenticated,408,201,False
2026-05-08 05:31:42.978257,INFO,auth-service,User authenticated,186,201,False
2026-05-08 05:48:21.978257,INFO,notification-service,Order status updated,349,201,False
2026-05-08 05:52:19.978257,INFO,notification-service,Database query executed in 198ms,198,200,False
2026-05-08 06:01:59.978257,ERROR,notification-service,Database connection pool exhausted,8510,502,True
2026-05-08 06:04:54.978257,CRITICAL,auth-service,Database connection pool exhausted,2148,502,True
2026-05-08 06:05:37.978257,INFO,notification-service,Request processed successfully,380,200,False
2026-05-08 06:07:14.978257,WARNING,notification-service,Health check passed,217,200,False
2026-05-08 06:07:14.978257,ERROR,auth-service,Service unreachable after 3 retries,3003,503,True
2026-05-08 06:11:47.978257,INFO,notification-service,Request processed successfully,357,200,False
2026-05-08 06:19:05.978257,INFO,notification-service,Order status updated,226,200,False
2026-05-08 06:19:15.978257,INFO,api-gateway,User authenticated,190,200,False
2026-05-08 06:20:16.978257,WARNING,auth-service,Cache hit for key,110,200,False
2026-05-08 06:20:50.978257,WARNING,notification-service,User authenticated,116,201,False
2026-05-08 06:22:55.978257,WARNING,notification-service,Session created for user,465,200,False
2026-05-08 06:35:18.978257,WARNING,api-gateway,Session created for user,165,200,False
2026-05-08 06:36:29.978257,WARNING,api-gateway,Database query executed in 139ms,139,200,False
2026-05-08 06:37:23.978257,WARNING,notification-service,User authenticated,271,200,False
2026-05-08 06:52:45.978257,WARNING,payment-service,Request processed successfully,429,200,False
2026-05-08 06:53:39.978257,INFO,payment-service,User authenticated,339,200,False
2026-05-08 06:56:17.978257,WARNING,notification-service,Cache hit for key,424,200,False
2026-05-08 06:56:54.978257,WARNING,auth-service,Database query executed in 163ms,163,200,False
2026-05-08 07:02:15.978257,INFO,auth-service,User authenticated,391,201,False
2026-05-08 07:05:14.978257,WARNING,inventory-service,Session created for user,411,201,False
2026-05-08 07:07:10.978257,INFO,notification-service,Health check passed,111,200,False
2026-05-08 07:08:08.978257,WARNING,auth-service,Order status updated,67,200,False
2026-05-08 07:08:19.978257,INFO,inventory-service,Health check passed,446,200,False
2026-05-08 07:26:52.978257,WARNING,payment-service,Order status updated,175,201,False
2026-05-08 07:27:00.978257,WARNING,payment-service,User authenticated,51,200,False
2026-05-08 07:43:06.978257,WARNING,notification-service,Database query executed in 266ms,266,201,False
2026-05-08 07:45:15.978257,WARNING,payment-service,Request processed successfully,120,201,False
2026-05-08 07:49:10.978257,INFO,api-gateway,Session created for user,399,201,False
2026-05-08 07:51:17.978257,WARNING,api-gateway,Health check passed,256,200,False
2026-05-08 07:54:10.978257,INFO,notification-service,Database query executed in 297ms,297,200,False
2026-05-08 07:59:32.978257,WARNING,payment-service,Health check passed,86,200,False
2026-05-08 08:01:02.978257,WARNING,api-gateway,Health check passed,351,201,False
2026-05-08 08:01:53.978257,WARNING,inventory-service,Database query executed in 217ms,217,201,False
2026-05-08 08:02:17.978257,WARNING,api-gateway,Health check passed,174,201,False
2026-05-08 08:05:26.978257,WARNING,auth-service,Database query executed in 467ms,467,200,False
2026-05-08 08:07:24.978257,INFO,notification-service,Request processed successfully,400,201,False
2026-05-08 08:08:16.978257,INFO,notification-service,Session created for user,336,200,False
2026-05-08 08:11:24.978257,WARNING,inventory-service,Request processed successfully,489,200,False
2026-05-08 08:21:40.978257,INFO,inventory-service,User authenticated,69,201,False
2026-05-08 08:21:40.978257,INFO,inventory-service,Request processed successfully,216,201,False
2026-05-08 08:26:13.978257,WARNING,notification-service,Session created for user,475,200,False
2026-05-08 08:32:54.978257,WARNING,api-gateway,Cache hit for key,364,201,False
2026-05-08 08:38:09.978257,INFO,notification-service,Session created for user,409,201,False
2026-05-08 08:42:09.978257,INFO,inventory-service,Health check passed,86,200,False
2026-05-08 08:42:54.978257,INFO,api-gateway,Request processed successfully,315,201,False
2026-05-08 08:47:17.978257,WARNING,payment-service,Order status updated,229,201,False
2026-05-08 08:48:01.978257,WARNING,notification-service,Request processed successfully,469,200,False
2026-05-08 08:50:43.978257,CRITICAL,notification-service,Service unreachable after 3 retries,7161,500,True
2026-05-08 08:57:15.978257,WARNING,api-gateway,Cache hit for key,496,201,False
2026-05-08 09:02:35.978257,INFO,notification-service,Database query executed in 198ms,198,201,False
2026-05-08 09:03:25.978257,WARNING,payment-service,Health check passed,490,200,False
2026-05-08 09:03:36.978257,WARNING,inventory-service,Cache hit for key,142,200,False
2026-05-08 09:04:56.978257,INFO,api-gateway,Database query executed in 120ms,120,200,False
2026-05-08 09:05:08.978257,WARNING,auth-service,User authenticated,163,201,False
2026-05-08 09:23:07.978257,INFO,inventory-service,Database query executed in 456ms,456,201,False
2026-05-08 09:24:29.978257,WARNING,auth-service,Session created for user,65,200,False
2026-05-08 09:38:42.978257,INFO,inventory-service,User authenticated,253,201,False
2026-05-08 09:46:50.978257,INFO,api-gateway,Database query executed in 358ms,358,200,False
2026-05-08 09:58:18.978257,WARNING,api-gateway,Cache hit for key,362,200,False
2026-05-08 09:59:19.978257,ERROR,auth-service,Database connection pool exhausted,7141,503,True
2026-05-08 09:59:21.978257,WARNING,api-gateway,Database query executed in 142ms,142,201,False
2026-05-08 09:59:57.978257,INFO,inventory-service,Database query executed in 150ms,150,200,False
2026-05-08 10:11:27.978257,WARNING,inventory-service,Health check passed,498,200,False
2026-05-08 10:16:49.978257,INFO,notification-service,User authenticated,147,200,False
2026-05-08 10:17:54.978257,WARNING,auth-service,Order status updated,242,201,False
2026-05-08 10:23:17.978257,INFO,payment-service,Cache hit for key,481,200,False
2026-05-08 10:24:14.978257,INFO,auth-service,User authenticated,167,201,False
2026-05-08 10:24:25.978257,WARNING,api-gateway,Order status updated,89,201,False
2026-05-08 10:24:59.978257,WARNING,inventory-service,Order status updated,158,200,False
2026-05-08 10:26:36.978257,WARNING,api-gateway,Order status updated,397,200,False
2026-05-08 10:27:08.978257,WARNING,inventory-service,Cache hit for key,335,200,False
2026-05-08 10:28:48.978257,WARNING,payment-service,Request processed successfully,348,200,False
2026-05-08 10:30:30.978257,INFO,inventory-service,Health check passed,303,200,False
2026-05-08 10:36:13.978257,INFO,api-gateway,Order status updated,463,200,False
2026-05-08 10:49:14.978257,WARNING,inventory-service,Request processed successfully,130,200,False
2026-05-08 10:49:48.978257,WARNING,api-gateway,User authenticated,181,201,False
2026-05-08 10:57:26.978257,INFO,inventory-service,User authenticated,393,200,False
2026-05-08 10:57:32.978257,INFO,api-gateway,Cache hit for key,76,200,False
2026-05-08 11:02:03.978257,ERROR,inventory-service,Service unreachable after 3 retries,7289,500,True
2026-05-08 11:14:50.978257,WARNING,api-gateway,Database query executed in 88ms,88,201,False
2026-05-08 11:18:02.978257,INFO,auth-service,User authenticated,435,201,False
2026-05-08 11:33:02.978257,INFO,api-gateway,Cache hit for key,131,201,False
2026-05-08 11:40:56.978257,INFO,inventory-service,Order status updated,385,201,False
2026-05-08 11:42:46.978257,WARNING,notification-service,Cache hit for key,327,200,False
2026-05-08 11:46:31.978257,WARNING,payment-service,Database query executed in 316ms,316,201,False
2026-05-08 11:51:10.978257,WARNING,payment-service,Session created for user,321,201,False
2026-05-08 11:55:18.978257,INFO,api-gateway,Database query executed in 271ms,271,200,False
2026-05-08 11:55:54.978257,WARNING,payment-service,Health check passed,497,200,False
2026-05-08 12:11:45.978257,INFO,api-gateway,Cache hit for key,111,201,False
2026-05-08 12:11:49.978257,WARNING,api-gateway,Order status updated,338,201,False
2026-05-08 12:15:15.978257,INFO,auth-service,Database query executed in 374ms,374,201,False
2026-05-08 12:23:32.978257,WARNING,api-gateway,User authenticated,463,200,False
2026-05-08 12:25:21.978257,CRITICAL,notification-service,Connection timeout after 6384ms,6384,502,True
2026-05-08 12:27:02.978257,INFO,auth-service,Cache hit for key,385,200,False
2026-05-08 12:32:28.978257,WARNING,api-gateway,Order status updated,316,201,False
2026-05-08 12:33:51.978257,INFO,payment-service,Database query executed in 253ms,253,200,False
2026-05-08 12:35:25.978257,INFO,payment-service,Health check passed,345,201,False
2026-05-08 12:39:51.978257,INFO,payment-service,Session created for user,50,200,False
2026-05-08 12:40:03.978257,INFO,auth-service,Health check passed,306,200,False
2026-05-08 12:40:56.978257,WARNING,payment-service,Health check passed,119,200,False
2026-05-08 12:42:18.978257,CRITICAL,auth-service,Service unreachable after 3 retries,2067,502,True
2026-05-08 12:58:26.978257,CRITICAL,notification-service,Unhandled exception in request pipeline,5463,500,True
2026-05-08 13:03:42.978257,WARNING,payment-service,Order status updated,396,201,False
2026-05-08 13:12:20.978257,WARNING,api-gateway,Cache hit for key,438,201,False
2026-05-08 13:23:14.978257,INFO,api-gateway,Cache hit for key,487,200,False
2026-05-08 13:23:43.978257,WARNING,notification-service,Request processed successfully,199,200,False
2026-05-08 13:26:01.978257,WARNING,api-gateway,Cache hit for key,239,200,False
2026-05-08 13:34:15.978257,CRITICAL,inventory-service,Connection timeout after 3992ms,3992,503,True
2026-05-08 13:39:57.978257,WARNING,payment-service,Order status updated,263,200,False
2026-05-08 13:43:23.978257,INFO,auth-service,Request processed successfully,465,200,False
2026-05-08 13:47:27.978257,WARNING,api-gateway,Order status updated,408,200,False
2026-05-08 13:47:56.978257,WARNING,auth-service,User authenticated,240,200,False
2026-05-08 13:57:22.978257,INFO,auth-service,Health check passed,52,200,False
2026-05-08 13:59:02.978257,WARNING,inventory-service,Database query executed in 336ms,336,201,False
2026-05-08 14:00:39.978257,INFO,notification-service,Order status updated,56,201,False
2026-05-08 14:04:28.978257,INFO,api-gateway,Health check passed,163,201,False
2026-05-08 14:10:24.978257,INFO,notification-service,User authenticated,343,201,False
2026-05-08 14:15:58.978257,INFO,api-gateway,Request processed successfully,337,201,False
2026-05-08 14:17:53.978257,INFO,inventory-service,Health check passed,228,200,False
2026-05-08 14:21:16.978257,CRITICAL,payment-service,Service unreachable after 3 retries,8332,503,True
2026-05-08 14:23:19.978257,INFO,payment-service,Order status updated,110,201,False
2026-05-08 14:24:50.978257,WARNING,api-gateway,Order status updated,60,200,False
2026-05-08 14:24:51.978257,WARNING,api-gateway,User authenticated,195,201,False
2026-05-08 14:25:11.978257,WARNING,notification-service,Session created for user,284,200,False
2026-05-08 14:25:18.978257,INFO,inventory-service,Session created for user,380,200,False
2026-05-08 14:31:54.978257,INFO,auth-service,Cache hit for key,432,200,False
2026-05-08 14:34:28.978257,INFO,auth-service,Cache hit for key,421,201,False
2026-05-08 14:36:15.978257,INFO,payment-service,Cache hit for key,240,201,False
2026-05-08 14:37:33.978257,WARNING,payment-service,Cache hit for key,77,200,False
2026-05-08 14:52:46.978257,INFO,payment-service,Health check passed,75,200,False
2026-05-08 14:59:31.978257,INFO,payment-service,User authenticated,109,201,False
2026-05-08 15:01:57.978257,INFO,payment-service,Session created for user,242,200,False
2026-05-08 15:12:26.978257,INFO,payment-service,Session created for user,239,200,False
2026-05-08 15:14:49.978257,WARNING,payment-service,Session created for user,178,200,False
2026-05-08 15:18:29.978257,INFO,inventory-service,Database query executed in 104ms,104,200,False
2026-05-08 15:27:14.978257,INFO,api-gateway,User authenticated,411,200,False
2026-05-08 15:46:49.978257,INFO,api-gateway,Request processed successfully,440,200,False
2026-05-08 15:50:17.978257,INFO,api-gateway,Session created for user,351,200,False
2026-05-08 15:54:28.978257,CRITICAL,inventory-service,Unhandled exception in request pipeline,2553,500,True
2026-05-08 16:08:20.978257,INFO,auth-service,Database query executed in 473ms,473,200,False
2026-05-08 16:10:16.978257,WARNING,api-gateway,Request processed successfully,256,200,False
2026-05-08 16:10:27.978257,INFO,api-gateway,User authenticated,273,201,False
2026-05-08 16:12:08.978257,INFO,auth-service,Session created for user,408,201,False
2026-05-08 16:22:37.978257,WARNING,payment-service,Request processed successfully,310,200,False
2026-05-08 16:26:43.978257,INFO,inventory-service,User authenticated,436,200,False
2026-05-08 16:31:56.978257,WARNING,notification-service,Request processed successfully,166,201,False
2026-05-08 16:36:37.978257,INFO,api-gateway,Session created for user,310,201,False
2026-05-08 16:44:55.978257,ERROR,payment-service,Connection timeout after 7173ms,7173,502,True
2026-05-08 16:45:42.978257,INFO,notification-service,Order status updated,210,200,False
2026-05-08 16:49:39.978257,WARNING,auth-service,Database query executed in 405ms,405,201,False
2026-05-08 16:52:51.978257,WARNING,api-gateway,Session created for user,364,200,False
2026-05-08 17:00:55.978257,INFO,inventory-service,Cache hit for key,378,201,False
2026-05-08 17:01:57.978257,INFO,auth-service,Order status updated,385,200,False
2026-05-08 17:03:33.978257,INFO,payment-service,User authenticated,334,200,False
2026-05-08 17:07:08.978257,INFO,auth-service,Database query executed in 358ms,358,200,False
2026-05-08 17:10:48.978257,INFO,payment-service,Cache hit for key,253,200,False
2026-05-08 17:12:18.978257,INFO,inventory-service,Session created for user,206,200,False
2026-05-08 17:12:40.978257,INFO,payment-service,Request processed successfully,408,200,False
2026-05-08 17:14:49.978257,WARNING,payment-service,User authenticated,334,201,False
2026-05-08 17:20:19.978257,INFO,payment-service,Cache hit for key,157,200,False
2026-05-08 17:34:35.978257,WARNING,payment-service,Health check passed,54,201,False
2026-05-08 17:35:31.978257,INFO,inventory-service,Cache hit for key,451,200,False
2026-05-08 17:37:10.978257,ERROR,notification-service,Database connection pool exhausted,2231,502,True
2026-05-08 17:40:02.978257,INFO,inventory-service,Request processed successfully,281,201,False
2026-05-08 17:51:00.978257,WARNING,notification-service,Health check passed,275,201,False
2026-05-08 17:54:52.978257,WARNING,inventory-service,Order status updated,148,200,False
2026-05-08 18:08:06.978257,INFO,auth-service,Order status updated,421,201,False
2026-05-08 18:10:00.978257,INFO,auth-service,Cache hit for key,488,201,False
2026-05-08 18:13:11.978257,INFO,api-gateway,User authenticated,472,200,False
2026-05-08 18:14:16.978257,INFO,notification-service,Health check passed,446,200,False
2026-05-08 18:14:33.978257,WARNING,api-gateway,Health check passed,439,201,False
2026-05-08 18:30:23.978257,WARNING,inventory-service,Database query executed in 169ms,169,201,False
2026-05-08 18:33:19.978257,INFO,api-gateway,Session created for user,468,201,False
2026-05-08 18:34:30.978257,INFO,payment-service,User authenticated,198,201,False
2026-05-08 18:40:50.978257,INFO,api-gateway,Health check passed,215,200,False
2026-05-08 18:41:34.978257,INFO,api-gateway,Cache hit for key,73,201,False
2026-05-08 18:42:56.978257,INFO,auth-service,Session created for user,466,200,False
2026-05-08 18:49:31.978257,INFO,inventory-service,Database query executed in 227ms,227,201,False
2026-05-08 18:59:19.978257,INFO,notification-service,User authenticated,225,201,False
2026-05-08 19:04:41.978257,WARNING,auth-service,Health check passed,313,201,False
2026-05-08 19:05:54.978257,INFO,api-gateway,Health check passed,200,201,False
2026-05-08 19:06:41.978257,INFO,inventory-service,Request processed successfully,113,200,False
2026-05-08 19:06:43.978257,INFO,api-gateway,User authenticated,221,201,False
2026-05-08 19:10:21.978257,INFO,auth-service,Order status updated,124,200,False
2026-05-08 19:12:43.978257,ERROR,api-gateway,Database connection pool exhausted,5087,503,True
2026-05-08 19:18:40.978257,WARNING,notification-service,Session created for user,302,200,False
2026-05-08 19:32:16.978257,INFO,payment-service,Cache hit for key,308,201,False
2026-05-08 19:41:13.978257,WARNING,api-gateway,Database query executed in 441ms,441,201,False
2026-05-08 19:43:39.978257,WARNING,payment-service,User authenticated,70,201,False
2026-05-08 20:03:51.978257,INFO,notification-service,Cache hit for key,492,201,False
2026-05-08 20:12:52.978257,INFO,inventory-service,Session created for user,435,201,False
2026-05-08 20:14:37.978257,WARNING,api-gateway,Request processed successfully,178,201,False
2026-05-08 20:15:43.978257,INFO,notification-service,Request processed successfully,410,200,False
2026-05-08 20:16:47.978257,WARNING,notification-service,Session created for user,113,201,False
2026-05-08 20:20:43.978257,WARNING,auth-service,Health check passed,275,200,False
2026-05-08 20:21:43.978257,WARNING,api-gateway,Cache hit for key,190,200,False
2026-05-08 20:28:20.978257,INFO,notification-service,Cache hit for key,317,201,False
2026-05-08 20:30:03.978257,INFO,inventory-service,Health check passed,229,200,False
2026-05-08 20:34:16.978257,INFO,api-gateway,Order status updated,289,200,False
2026-05-08 20:36:29.978257,INFO,auth-service,Health check passed,437,200,False
2026-05-08 20:40:02.978257,INFO,notification-service,Request processed successfully,380,201,False
2026-05-08 20:40:03.978257,WARNING,inventory-service,Order status updated,359,200,False
2026-05-08 20:52:39.978257,WARNING,notification-service,Order status updated,80,200,False
2026-05-08 20:58:45.978257,WARNING,api-gateway,Health check passed,357,201,False
2026-05-08 21:00:46.978257,WARNING,notification-service,Database query executed in 378ms,378,201,False
2026-05-08 21:01:28.978257,INFO,notification-service,Order status updated,224,200,False
2026-05-08 21:03:06.978257,WARNING,api-gateway,Order status updated,80,200,False
2026-05-08 21:14:18.978257,INFO,notification-service,Health check passed,72,201,False
2026-05-08 21:14:44.978257,INFO,payment-service,Cache hit for key,127,201,False
2026-05-08 21:23:13.978257,WARNING,api-gateway,Order status updated,461,200,False
2026-05-08 21:26:53.978257,INFO,auth-service,Database query executed in 288ms,288,201,False
2026-05-08 21:27:53.978257,INFO,auth-service,Database query executed in 257ms,257,201,False
2026-05-08 21:34:41.978257,INFO,auth-service,Health check passed,264,200,False
2026-05-08 21:37:37.978257,INFO,api-gateway,User authenticated,318,200,False
2026-05-08 21:39:14.978257,WARNING,auth-service,Database query executed in 223ms,223,201,False
2026-05-08 21:47:16.978257,CRITICAL,payment-service,Connection timeout after 6598ms,6598,502,True
2026-05-08 21:47:53.978257,INFO,api-gateway,Request processed successfully,484,201,False
2026-05-08 21:53:29.978257,INFO,inventory-service,Health check passed,426,200,False
2026-05-08 22:05:48.978257,INFO,notification-service,Request processed successfully,399,200,False
2026-05-08 22:07:06.978257,WARNING,inventory-service,Request processed successfully,110,200,False
2026-05-08 22:09:12.978257,WARNING,api-gateway,Request processed successfully,367,200,False
2026-05-08 22:10:54.978257,INFO,api-gateway,User authenticated,161,200,False
2026-05-08 22:18:11.978257,INFO,payment-service,Cache hit for key,456,201,False
2026-05-08 22:20:00.978257,WARNING,api-gateway,User authenticated,65,201,False
2026-05-08 22:20:18.978257,WARNING,inventory-service,Database query executed in 404ms,404,201,False
2026-05-08 22:26:05.978257,INFO,auth-service,Health check passed,385,200,False
2026-05-08 22:28:37.978257,WARNING,api-gateway,Request processed successfully,219,200,False
2026-05-08 22:30:42.978257,INFO,auth-service,Order status updated,107,201,False
2026-05-08 22:33:15.978257,WARNING,api-gateway,Health check passed,450,200,False
2026-05-08 22:35:15.978257,WARNING,notification-service,Database query executed in 448ms,448,201,False
2026-05-08 22:45:07.978257,INFO,notification-service,Health check passed,186,200,False
2026-05-08 22:46:35.978257,ERROR,api-gateway,Service unreachable after 3 retries,2668,500,True
2026-05-08 22:47:44.978257,WARNING,inventory-service,Order status updated,100,201,False
2026-05-08 22:53:33.978257,WARNING,auth-service,User authenticated,259,201,False
2026-05-08 23:07:35.978257,WARNING,notification-service,Order status updated,59,200,False
2026-05-08 23:08:09.978257,WARNING,auth-service,Request processed successfully,393,201,False
2026-05-08 23:12:51.978257,WARNING,notification-service,Health check passed,467,200,False
2026-05-08 23:13:16.978257,INFO,notification-service,Cache hit for key,237,201,False
2026-05-08 23:15:09.978257,INFO,notification-service,Database query executed in 359ms,359,201,False
2026-05-08 23:17:21.978257,WARNING,api-gateway,Request processed successfully,319,201,False
2026-05-08 23:18:12.978257,INFO,auth-service,Session created for user,194,200,False
2026-05-08 23:20:38.978257,WARNING,inventory-service,Request processed successfully,176,200,False
2026-05-08 23:28:24.978257,WARNING,notification-service,Request processed successfully,365,200,False
2026-05-08 23:30:52.978257,WARNING,notification-service,Cache hit for key,459,200,False
2026-05-08 23:31:28.978257,WARNING,notification-service,Database query executed in 72ms,72,201,False
2026-05-08 23:56:59.978257,INFO,payment-service,Database query executed in 213ms,213,201,False
2026-05-08 23:57:47.978257,WARNING,inventory-service,User authenticated,488,200,False
2026-05-08 23:59:08.978257,WARNING,inventory-service,Request processed successfully,208,201,False
2026-05-09 00:03:36.978257,WARNING,inventory-service,Cache hit for key,128,201,False
2026-05-09 00:04:56.978257,INFO,auth-service,Health check passed,421,200,False
2026-05-09 00:13:13.978257,INFO,auth-service,Order status updated,295,201,False
2026-05-09 00:19:39.978257,WARNING,auth-service,Session created for user,134,200,False
2026-05-09 00:21:57.978257,CRITICAL,auth-service,Service unreachable after 3 retries,5931,502,True
2026-05-09 00:23:05.978257,INFO,api-gateway,Health check passed,381,201,False
2026-05-09 00:29:13.978257,WARNING,payment-service,Database query executed in 478ms,478,200,False
2026-05-09 00:36:06.978257,CRITICAL,api-gateway,Memory usage exceeded threshold,7324,500,True
2026-05-09 00:38:36.978257,WARNING,auth-service,Session created for user,394,201,False
2026-05-09 00:42:27.978257,CRITICAL,auth-service,Database connection pool exhausted,8619,500,True
2026-05-09 00:45:18.978257,INFO,notification-service,Database query executed in 226ms,226,200,False
2026-05-09 00:48:26.978257,INFO,api-gateway,Session created for user,111,201,False
2026-05-09 00:52:22.978257,WARNING,inventory-service,Order status updated,402,200,False
2026-05-09 00:53:38.978257,WARNING,payment-service,Session created for user,494,201,False
2026-05-09 00:55:01.978257,INFO,notification-service,Cache hit for key,71,200,False
2026-05-09 01:03:14.978257,WARNING,api-gateway,Health check passed,336,201,False
2026-05-09 01:03:20.978257,INFO,api-gateway,Order status updated,203,200,False
2026-05-09 01:04:08.978257,WARNING,payment-service,Order status updated,206,201,False
2026-05-09 01:04:24.978257,INFO,notification-service,Order status updated,219,201,False
2026-05-09 01:08:48.978257,WARNING,auth-service,Order status updated,146,200,False
2026-05-09 01:31:04.978257,INFO,notification-service,User authenticated,380,200,False
2026-05-09 01:31:47.978257,INFO,notification-service,Request processed successfully,212,200,False
2026-05-09 01:31:57.978257,WARNING,payment-service,Health check passed,295,201,False
2026-05-09 01:33:26.978257,ERROR,notification-service,Connection timeout after 4991ms,4991,502,True
2026-05-09 01:34:56.978257,WARNING,api-gateway,Session created for user,362,200,False
2026-05-09 01:46:05.978257,WARNING,notification-service,Health check passed,387,201,False
2026-05-09 02:01:36.978257,WARNING,inventory-service,Session created for user,286,200,False
2026-05-09 02:05:04.978257,INFO,inventory-service,Order status updated,358,201,False
2026-05-09 02:11:38.978257,CRITICAL,api-gateway,Memory usage exceeded threshold,2435,503,True
2026-05-09 02:13:33.978257,WARNING,notification-service,Health check passed,336,200,False
2026-05-09 02:14:14.978257,WARNING,inventory-service,Order status updated,210,200,False
2026-05-09 02:20:34.978257,INFO,auth-service,Order status updated,160,200,False
2026-05-09 02:21:47.978257,INFO,notification-service,Order status updated,348,200,False
2026-05-09 02:22:11.978257,WARNING,auth-service,Health check passed,67,201,False
2026-05-09 02:24:45.978257,WARNING,notification-service,Cache hit for key,380,200,False
2026-05-09 02:32:13.978257,WARNING,payment-service,User authenticated,108,201,False
2026-05-09 02:36:15.978257,INFO,auth-service,Database query executed in 380ms,380,200,False
2026-05-09 02:42:23.978257,INFO,api-gateway,Health check passed,204,201,False
2026-05-09 02:43:01.978257,INFO,notification-service,Health check passed,309,201,False
2026-05-09 02:45:33.978257,CRITICAL,notification-service,Unhandled exception in request pipeline,7615,502,True
2026-05-09 02:56:42.978257,INFO,payment-service,Database query executed in 239ms,239,201,False
2026-05-09 03:09:07.978257,INFO,notification-service,Order status updated,145,201,False
2026-05-09 03:11:00.978257,INFO,inventory-service,Health check passed,221,201,False
2026-05-09 03:12:51.978257,INFO,auth-service,Request processed successfully,482,200,False
2026-05-09 03:13:16.978257,INFO,auth-service,Database query executed in 210ms,210,200,False
2026-05-09 03:34:11.978257,WARNING,auth-service,Cache hit for key,107,200,False
2026-05-09 03:35:46.978257,INFO,api-gateway,Health check passed,243,201,False
2026-05-09 03:42:45.978257,WARNING,auth-service,User authenticated,214,200,False
2026-05-09 03:45:55.978257,WARNING,inventory-service,User authenticated,69,201,False
2026-05-09 03:54:11.978257,WARNING,payment-service,Database query executed in 104ms,104,201,False
2026-05-09 04:12:53.978257,WARNING,notification-service,Health check passed,120,201,False
2026-05-09 04:13:20.978257,INFO,notification-service,Order status updated,254,201,False
2026-05-09 04:19:11.978257,WARNING,inventory-service,User authenticated,170,201,False
2026-05-09 04:24:13.978257,INFO,auth-service,Database query executed in 321ms,321,201,False
2026-05-09 04:24:15.978257,WARNING,payment-service,Session created for user,114,201,False
2026-05-09 04:25:01.978257,INFO,notification-service,User authenticated,156,200,False
2026-05-09 04:31:15.978257,INFO,auth-service,Health check passed,215,200,False
2026-05-09 04:41:59.978257,WARNING,payment-service,User authenticated,102,200,False
2026-05-09 04:45:44.978257,WARNING,payment-service,Database query executed in 63ms,63,201,False
2026-05-09 04:52:34.978257,WARNING,auth-service,Cache hit for key,399,200,False
2026-05-09 04:53:42.978257,WARNING,payment-service,Cache hit for key,391,201,False
2026-05-09 04:58:09.978257,WARNING,notification-service,Database query executed in 253ms,253,200,False
2026-05-09 05:06:28.978257,WARNING,auth-service,Session created for user,478,200,False
2026-05-09 05:06:34.978257,INFO,api-gateway,Cache hit for key,52,200,False
2026-05-09 05:12:53.978257,WARNING,api-gateway,Session created for user,177,200,False
2026-05-09 05:13:32.978257,WARNING,auth-service,Database query executed in 97ms,97,200,False
2026-05-09 05:24:03.978257,WARNING,inventory-service,User authenticated,266,200,False
2026-05-09 05:25:04.978257,INFO,auth-service,Health check passed,93,200,False
2026-05-09 05:26:04.978257,WARNING,api-gateway,Request processed successfully,99,200,False
2026-05-09 05:26:58.978257,INFO,payment-service,Cache hit for key,460,200,False
2026-05-09 05:34:28.978257,INFO,notification-service,User authenticated,495,201,False
2026-05-09 05:35:07.978257,CRITICAL,auth-service,Unhandled exception in request pipeline,5174,500,True
2026-05-09 05:47:17.978257,WARNING,notification-service,Cache hit for key,217,200,False
2026-05-09 05:57:58.978257,WARNING,payment-service,Order status updated,471,201,False
2026-05-09 06:23:01.978257,INFO,api-gateway,Order status updated,279,200,False
2026-05-09 06:31:59.978257,INFO,inventory-service,Request processed successfully,353,200,False
2026-05-09 06:34:43.978257,WARNING,auth-service,Order status updated,478,200,False
2026-05-09 06:36:48.978257,WARNING,notification-service,Order status updated,213,200,False
2026-05-09 06:38:39.978257,WARNING,payment-service,Health check passed,356,201,False
2026-05-09 06:39:10.978257,WARNING,notification-service,Order status updated,388,200,False
2026-05-09 06:48:47.978257,WARNING,payment-service,Session created for user,151,201,False
2026-05-09 06:49:24.978257,WARNING,auth-service,Order status updated,373,201,False
2026-05-09 06:54:05.978257,INFO,payment-service,Session created for user,225,200,False
2026-05-09 07:06:19.978257,INFO,auth-service,Cache hit for key,77,201,False
2026-05-09 07:10:49.978257,WARNING,inventory-service,Order status updated,403,200,False
2026-05-09 07:14:20.978257,WARNING,payment-service,Request processed successfully,53,201,False
2026-05-09 07:16:50.978257,WARNING,payment-service,Order status updated,381,200,False
2026-05-09 07:24:51.978257,INFO,payment-service,Order status updated,87,201,False
2026-05-09 07:29:30.978257,INFO,auth-service,Session created for user,70,200,False
2026-05-09 07:31:16.978257,WARNING,inventory-service,Request processed successfully,307,200,False
2026-05-09 07:32:52.978257,INFO,notification-service,Database query executed in 482ms,482,201,False
2026-05-09 07:35:04.978257,INFO,inventory-service,Session created for user,469,201,False
2026-05-09 07:37:51.978257,WARNING,payment-service,Session created for user,384,201,False
2026-05-09 07:42:44.978257,WARNING,payment-service,Request processed successfully,177,200,False
2026-05-09 07:43:50.978257,WARNING,payment-service,Session created for user,166,201,False
2026-05-09 07:49:24.978257,ERROR,auth-service,Service unreachable after 3 retries,3624,500,True
2026-05-09 07:57:46.978257,WARNING,auth-service,Order status updated,159,201,False
2026-05-09 07:57:52.978257,WARNING,api-gateway,Session created for user,262,201,False
2026-05-09 07:59:34.978257,INFO,auth-service,Cache hit for key,393,200,False
2026-05-09 07:59:59.978257,WARNING,auth-service,Session created for user,258,200,False
2026-05-09 08:00:13.978257,INFO,auth-service,User authenticated,437,201,False
2026-05-09 08:07:54.978257,WARNING,notification-service,Health check passed,181,200,False
2026-05-09 08:11:51.978257,CRITICAL,inventory-service,Database connection pool exhausted,5035,500,True
2026-05-09 08:12:06.978257,CRITICAL,inventory-service,Unhandled exception in request pipeline,8846,500,True
2026-05-09 08:18:37.978257,INFO,payment-service,User authenticated,359,201,False
2026-05-09 08:22:07.978257,WARNING,inventory-service,Request processed successfully,118,201,False
2026-05-09 08:24:24.978257,INFO,api-gateway,Request processed successfully,370,200,False
2026-05-09 08:27:31.978257,WARNING,payment-service,User authenticated,447,201,False
2026-05-09 08:31:32.978257,INFO,api-gateway,Session created for user,252,200,False
2026-05-09 08:37:44.978257,WARNING,api-gateway,Order status updated,488,201,False
2026-05-09 08:47:49.978257,INFO,inventory-service,Order status updated,476,200,False
2026-05-09 08:51:49.978257,WARNING,inventory-service,Session created for user,425,201,False
2026-05-09 08:52:50.978257,INFO,auth-service,Order status updated,396,201,False
2026-05-09 08:58:14.978257,CRITICAL,auth-service,Service unreachable after 3 retries,3217,502,True
2026-05-09 09:12:30.978257,INFO,auth-service,Request processed successfully,389,200,False
2026-05-09 09:21:47.978257,INFO,payment-service,Request processed successfully,319,200,False
2026-05-09 09:24:59.978257,INFO,notification-service,Database query executed in 371ms,371,201,False
2026-05-09 09:26:42.978257,WARNING,notification-service,Session created for user,60,201,False
2026-05-09 09:26:52.978257,INFO,auth-service,Health check passed,329,201,False
2026-05-09 09:29:40.978257,INFO,notification-service,Request processed successfully,228,200,False
2026-05-09 09:45:06.978257,WARNING,payment-service,Request processed successfully,378,201,False
2026-05-09 09:48:38.978257,CRITICAL,notification-service,Database connection pool exhausted,3838,500,True
2026-05-09 09:49:30.978257,INFO,inventory-service,Health check passed,242,200,False
2026-05-09 09:51:27.978257,WARNING,notification-service,Session created for user,497,201,False
2026-05-09 09:52:18.978257,CRITICAL,api-gateway,Service unreachable after 3 retries,7952,502,True
2026-05-09 10:01:26.978257,WARNING,notification-service,Health check passed,421,200,False
2026-05-09 10:09:49.978257,INFO,inventory-service,Session created for user,67,201,False
2026-05-09 10:14:50.978257,WARNING,api-gateway,Session created for user,77,201,False
2026-05-09 10:31:22.978257,WARNING,inventory-service,Session created for user,196,201,False
2026-05-09 10:33:16.978257,ERROR,api-gateway,Unhandled exception in request pipeline,4472,503,True
2026-05-09 10:51:30.978257,WARNING,auth-service,Session created for user,439,200,False
2026-05-09 10:56:00.978257,INFO,api-gateway,Health check passed,265,200,False
2026-05-09 10:58:11.978257,INFO,api-gateway,Request processed successfully,257,201,False
2026-05-09 10:59:19.978257,WARNING,notification-service,Database query executed in 296ms,296,200,False
2026-05-09 10:59:58.978257,WARNING,api-gateway,Order status updated,292,201,False
2026-05-09 11:04:10.978257,INFO,inventory-service,Order status updated,166,200,False
2026-05-09 11:11:03.978257,INFO,api-gateway,Order status updated,230,200,False
2026-05-09 11:11:16.978257,INFO,notification-service,Session created for user,248,201,False
2026-05-09 11:11:45.978257,INFO,payment-service,Request processed successfully,482,201,False
2026-05-09 11:27:54.978257,INFO,inventory-service,Request processed successfully,83,201,False
2026-05-09 11:31:29.978257,WARNING,payment-service,Database query executed in 318ms,318,201,False
2026-05-09 11:32:10.978257,ERROR,auth-service,Unhandled exception in request pipeline,4256,502,True
2026-05-09 11:39:01.978257,INFO,inventory-service,Session created for user,93,201,False
2026-05-09 11:40:03.978257,INFO,api-gateway,Database query executed in 430ms,430,200,False
2026-05-09 11:45:41.978257,CRITICAL,api-gateway,Memory usage exceeded threshold,8802,503,True
2026-05-09 11:49:43.978257,WARNING,api-gateway,Request processed successfully,431,200,False
2026-05-09 11:51:57.978257,WARNING,inventory-service,Health check passed,372,201,False
2026-05-09 11:53:16.978257,INFO,inventory-service,Session created for user,435,201,False
2026-05-09 11:54:29.978257,WARNING,auth-service,Order status updated,400,201,False
2026-05-09 12:03:42.978257,WARNING,notification-service,Session created for user,189,201,False
2026-05-09 12:05:56.978257,WARNING,inventory-service,Request processed successfully,50,200,False
2026-05-09 12:14:23.978257,CRITICAL,notification-service,Connection timeout after 2673ms,2673,503,True
2026-05-09 12:14:24.978257,INFO,notification-service,Session created for user,314,200,False
2026-05-09 12:23:36.978257,WARNING,inventory-service,Health check passed,278,201,False
2026-05-09 12:34:49.978257,ERROR,notification-service,Connection timeout after 4729ms,4729,503,True
2026-05-09 12:36:25.978257,INFO,api-gateway,Database query executed in 191ms,191,201,False
2026-05-09 13:00:48.978257,WARNING,payment-service,Health check passed,173,201,False
2026-05-09 13:05:27.978257,WARNING,api-gateway,Health check passed,290,201,False
2026-05-09 13:08:25.978257,INFO,payment-service,User authenticated,325,200,False
2026-05-09 13:12:23.978257,INFO,api-gateway,Cache hit for key,60,201,False
2026-05-09 13:13:08.978257,WARNING,payment-service,Request processed successfully,119,200,False
2026-05-09 13:18:16.978257,WARNING,auth-service,User authenticated,198,201,False
2026-05-09 13:23:36.978257,WARNING,payment-service,Cache hit for key,224,201,False
2026-05-09 13:26:12.978257,INFO,notification-service,Health check passed,188,201,False
2026-05-09 13:35:27.978257,INFO,api-gateway,Session created for user,214,200,False
2026-05-09 13:36:43.978257,INFO,auth-service,Request processed successfully,425,201,False
2026-05-09 13:43:23.978257,INFO,auth-service,User authenticated,353,201,False
2026-05-09 13:51:01.978257,INFO,payment-service,Session created for user,423,200,False
2026-05-09 13:52:54.978257,INFO,auth-service,Health check passed,434,200,False
2026-05-09 13:53:25.978257,WARNING,inventory-service,User authenticated,151,200,False
2026-05-09 13:55:58.978257,INFO,payment-service,Cache hit for key,277,201,False
2026-05-09 13:57:48.978257,WARNING,inventory-service,Request processed successfully,109,200,False
2026-05-09 13:59:08.978257,INFO,inventory-service,Cache hit for key,371,200,False
2026-05-09 14:08:53.978257,INFO,api-gateway,Order status updated,254,200,False
2026-05-09 14:14:38.978257,WARNING,payment-service,Session created for user,100,201,False
2026-05-09 14:32:35.978257,WARNING,payment-service,User authenticated,211,200,False
2026-05-09 14:38:56.978257,WARNING,api-gateway,Request processed successfully,444,201,False
2026-05-09 14:43:34.978257,WARNING,api-gateway,Request processed successfully,96,201,False
2026-05-09 14:45:27.978257,INFO,payment-service,Cache hit for key,93,200,False
2026-05-09 14:47:49.978257,INFO,notification-service,Request processed successfully,127,201,False
2026-05-09 14:49:37.978257,INFO,auth-service,Order status updated,357,200,False
2026-05-09 14:53:35.978257,INFO,notification-service,Order status updated,416,201,False
2026-05-09 14:54:22.978257,INFO,api-gateway,Order status updated,154,201,False
2026-05-09 15:00:42.978257,WARNING,notification-service,Request processed successfully,225,201,False
2026-05-09 15:00:55.978257,CRITICAL,auth-service,Database connection pool exhausted,5432,500,True
2026-05-09 15:05:24.978257,CRITICAL,auth-service,Memory usage exceeded threshold,3484,500,True
2026-05-09 15:09:41.978257,WARNING,notification-service,Request processed successfully,333,200,False
2026-05-09 15:13:15.978257,WARNING,auth-service,Database query executed in 351ms,351,201,False
2026-05-09 15:21:03.978257,WARNING,notification-service,Session created for user,400,200,False
2026-05-09 15:28:56.978257,ERROR,inventory-service,Unhandled exception in request pipeline,8825,500,True
2026-05-09 15:31:24.978257,INFO,auth-service,User authenticated,214,200,False
2026-05-09 15:31:59.978257,INFO,payment-service,Request processed successfully,55,200,False
2026-05-09 15:44:10.978257,WARNING,payment-service,Cache hit for key,411,200,False
2026-05-09 15:46:39.978257,INFO,inventory-service,Health check passed,259,200,False
2026-05-09 15:47:14.978257,INFO,notification-service,User authenticated,320,201,False
2026-05-09 15:51:44.978257,INFO,inventory-service,User authenticated,211,200,False
2026-05-09 15:57:26.978257,ERROR,payment-service,Connection timeout after 6526ms,6526,500,True
2026-05-09 15:58:34.978257,WARNING,payment-service,Request processed successfully,182,200,False
2026-05-09 16:04:51.978257,WARNING,api-gateway,Cache hit for key,305,201,False
2026-05-09 16:13:47.978257,INFO,auth-service,Session created for user,331,200,False
2026-05-09 16:14:32.978257,ERROR,auth-service,Unhandled exception in request pipeline,7297,500,True
2026-05-09 16:18:25.978257,INFO,auth-service,Request processed successfully,454,201,False
2026-05-09 16:20:05.978257,INFO,notification-service,Request processed successfully,465,200,False
2026-05-09 16:23:02.978257,WARNING,auth-service,Session created for user,221,200,False
2026-05-09 16:25:08.978257,INFO,auth-service,Health check passed,415,201,False
2026-05-09 16:27:10.978257,WARNING,notification-service,Database query executed in 459ms,459,200,False
2026-05-09 16:34:22.978257,INFO,payment-service,Health check passed,377,201,False
2026-05-09 16:39:05.978257,WARNING,inventory-service,User authenticated,326,201,False
2026-05-09 16:40:51.978257,INFO,payment-service,Session created for user,225,200,False
2026-05-09 16:50:56.978257,WARNING,payment-service,User authenticated,78,201,False
2026-05-09 16:53:21.978257,INFO,auth-service,Request processed successfully,380,201,False
2026-05-09 16:57:09.978257,INFO,api-gateway,Order status updated,414,200,False
2026-05-09 17:08:19.978257,INFO,api-gateway,Request processed successfully,329,201,False
2026-05-09 17:19:54.978257,INFO,inventory-service,Order status updated,212,201,False
2026-05-09 17:21:53.978257,INFO,api-gateway,Database query executed in 350ms,350,201,False
2026-05-09 17:23:07.978257,INFO,inventory-service,Session created for user,324,200,False
2026-05-09 17:23:07.978257,INFO,inventory-service,User authenticated,448,200,False
2026-05-09 17:24:43.978257,WARNING,api-gateway,Health check passed,241,200,False
2026-05-09 17:27:09.978257,ERROR,notification-service,Unhandled exception in request pipeline,2689,500,True
2026-05-09 17:33:03.978257,WARNING,notification-service,Request processed successfully,158,200,False
2026-05-09 17:33:39.978257,INFO,auth-service,Order status updated,207,200,False
2026-05-09 17:38:35.978257,INFO,api-gateway,Database query executed in 298ms,298,200,False
2026-05-09 17:38:41.978257,ERROR,api-gateway,Connection timeout after 4128ms,4128,500,True
2026-05-09 17:52:04.978257,INFO,payment-service,Order status updated,341,201,False
2026-05-09 18:02:09.978257,WARNING,api-gateway,Database query executed in 323ms,323,200,False
2026-05-09 18:02:38.978257,INFO,auth-service,User authenticated,169,201,False
2026-05-09 18:09:40.978257,CRITICAL,auth-service,Database connection pool exhausted,5862,503,True
2026-05-09 18:12:33.978257,WARNING,auth-service,Cache hit for key,469,200,False
2026-05-09 18:20:21.978257,INFO,notification-service,Request processed successfully,179,201,False
2026-05-09 18:20:42.978257,INFO,api-gateway,Cache hit for key,169,200,False
2026-05-09 18:24:44.978257,WARNING,notification-service,Cache hit for key,50,200,False
2026-05-09 18:40:31.978257,WARNING,auth-service,Database query executed in 50ms,50,200,False
2026-05-09 19:00:55.978257,WARNING,notification-service,Cache hit for key,86,200,False
2026-05-09 19:00:56.978257,WARNING,notification-service,Cache hit for key,449,200,False
2026-05-09 19:01:37.978257,INFO,auth-service,Session created for user,212,200,False
2026-05-09 19:05:36.978257,INFO,api-gateway,Session created for user,112,200,False
2026-05-09 19:10:18.978257,INFO,auth-service,Order status updated,447,200,False
2026-05-09 19:16:27.978257,WARNING,api-gateway,Request processed successfully,155,200,False
2026-05-09 19:17:47.978257,INFO,api-gateway,Database query executed in 225ms,225,201,False
2026-05-09 19:22:01.978257,WARNING,auth-service,Cache hit for key,419,200,False
2026-05-09 19:30:29.978257,INFO,auth-service,Order status updated,476,201,False
2026-05-09 19:32:55.978257,INFO,payment-service,Cache hit for key,425,200,False
2026-05-09 19:36:57.978257,WARNING,notification-service,Session created for user,58,200,False
2026-05-09 19:37:44.978257,INFO,notification-service,Request processed successfully,58,200,False
2026-05-09 19:39:45.978257,INFO,inventory-service,Session created for user,280,200,False
2026-05-09 19:54:45.978257,CRITICAL,api-gateway,Database connection pool exhausted,6732,503,True
2026-05-09 19:56:41.978257,INFO,auth-service,Database query executed in 106ms,106,200,False
2026-05-09 19:57:28.978257,WARNING,payment-service,Database query executed in 101ms,101,201,False
2026-05-09 19:57:44.978257,WARNING,payment-service,Cache hit for key,402,201,False
2026-05-09 20:06:16.978257,WARNING,payment-service,Health check passed,473,201,False
2026-05-09 20:11:17.978257,WARNING,notification-service,Health check passed,191,201,False
2026-05-09 20:15:27.978257,INFO,auth-service,Session created for user,324,201,False
2026-05-09 20:24:21.978257,CRITICAL,api-gateway,Service unreachable after 3 retries,5020,503,True
2026-05-09 20:32:23.978257,WARNING,inventory-service,Database query executed in 377ms,377,201,False
2026-05-09 20:33:44.978257,INFO,inventory-service,Health check passed,455,200,False
2026-05-09 20:36:44.978257,INFO,auth-service,Cache hit for key,320,200,False
2026-05-09 20:39:42.978257,WARNING,auth-service,Cache hit for key,256,200,False
2026-05-09 20:44:08.978257,WARNING,auth-service,Order status updated,356,200,False
2026-05-09 20:47:24.978257,WARNING,notification-service,Session created for user,153,201,False
2026-05-09 20:48:28.978257,INFO,api-gateway,User authenticated,379,200,False
2026-05-09 20:49:23.978257,WARNING,api-gateway,Database query executed in 344ms,344,201,False
2026-05-09 20:52:37.978257,WARNING,inventory-service,Session created for user,265,201,False
2026-05-09 21:00:26.978257,INFO,auth-service,Order status updated,132,201,False
2026-05-09 21:00:54.978257,CRITICAL,notification-service,Unhandled exception in request pipeline,7243,503,True
2026-05-09 21:04:27.978257,WARNING,auth-service,Cache hit for key,448,200,False
2026-05-09 21:07:08.978257,WARNING,api-gateway,User authenticated,247,201,False
2026-05-09 21:12:28.978257,INFO,notification-service,Database query executed in 488ms,488,201,False
2026-05-09 21:14:44.978257,INFO,notification-service,Health check passed,387,201,False
2026-05-09 21:15:07.978257,INFO,payment-service,Health check passed,96,200,False
2026-05-09 21:17:20.978257,INFO,inventory-service,User authenticated,213,200,False
2026-05-09 21:19:21.978257,WARNING,payment-service,Request processed successfully,493,201,False
2026-05-09 21:23:22.978257,INFO,inventory-service,Session created for user,440,201,False
2026-05-09 21:27:10.978257,INFO,api-gateway,Cache hit for key,416,200,False
2026-05-09 21:29:42.978257,INFO,inventory-service,Request processed successfully,279,200,False
2026-05-09 21:37:00.978257,INFO,notification-service,Request processed successfully,104,200,False
2026-05-09 21:38:24.978257,WARNING,api-gateway,Cache hit for key,301,200,False
2026-05-09 21:40:38.978257,WARNING,notification-service,Request processed successfully,286,200,False
2026-05-09 21:41:06.978257,WARNING,auth-service,Health check passed,84,201,False
2026-05-09 21:41:17.978257,INFO,inventory-service,Request processed successfully,312,201,False
2026-05-09 21:44:19.978257,WARNING,payment-service,Order status updated,132,201,False
2026-05-09 21:47:20.978257,INFO,api-gateway,Database query executed in 492ms,492,201,False
2026-05-09 21:49:38.978257,WARNING,payment-service,Request processed successfully,293,200,False
2026-05-09 22:05:05.978257,INFO,auth-service,Cache hit for key,227,200,False
2026-05-09 22:09:49.978257,INFO,inventory-service,Cache hit for key,57,201,False
2026-05-09 22:12:22.978257,INFO,inventory-service,User authenticated,478,200,False
2026-05-09 22:12:33.978257,INFO,inventory-service,User authenticated,253,200,False
2026-05-09 22:17:20.978257,INFO,notification-service,Database query executed in 439ms,439,200,False
2026-05-09 22:20:24.978257,INFO,api-gateway,Cache hit for key,212,201,False
2026-05-09 22:21:22.978257,INFO,auth-service,Database query executed in 105ms,105,201,False
2026-05-09 22:23:14.978257,WARNING,auth-service,Session created for user,261,200,False
2026-05-09 22:25:17.978257,WARNING,notification-service,Session created for user,262,200,False
2026-05-09 22:29:17.978257,INFO,notification-service,Order status updated,417,200,False
2026-05-09 22:31:29.978257,WARNING,auth-service,Health check passed,261,201,False
2026-05-09 22:31:55.978257,WARNING,inventory-service,Session created for user,265,200,False
2026-05-09 22:33:57.978257,WARNING,api-gateway,Cache hit for key,319,200,False
2026-05-09 22:38:27.978257,WARNING,api-gateway,User authenticated,165,200,False
2026-05-09 22:41:27.978257,INFO,inventory-service,Order status updated,480,200,False
2026-05-09 22:45:29.978257,CRITICAL,auth-service,Database connection pool exhausted,7120,500,True
2026-05-09 22:52:48.978257,INFO,auth-service,Cache hit for key,307,200,False
2026-05-09 22:58:48.978257,INFO,payment-service,Health check passed,317,200,False
2026-05-09 23:18:23.978257,WARNING,payment-service,Order status updated,434,200,False
2026-05-09 23:19:54.978257,INFO,api-gateway,Cache hit for key,376,200,False
2026-05-09 23:23:54.978257,WARNING,payment-service,Request processed successfully,260,201,False
2026-05-09 23:30:51.978257,INFO,payment-service,Session created for user,220,201,False
2026-05-09 23:32:35.978257,INFO,inventory-service,User authenticated,466,201,False
2026-05-09 23:33:04.978257,WARNING,api-gateway,Database query executed in 212ms,212,200,False
2026-05-09 23:40:08.978257,WARNING,notification-service,Order status updated,174,201,False
2026-05-09 23:41:39.978257,INFO,notification-service,Order status updated,107,201,False
2026-05-09 23:52:38.978257,INFO,api-gateway,Order status updated,352,201,False
2026-05-09 23:59:59.978257,WARNING,payment-service,User authenticated,90,201,False
2026-05-10 00:10:10.978257,WARNING,auth-service,Request processed successfully,315,201,False
2026-05-10 00:12:18.978257,INFO,inventory-service,Order status updated,413,201,False
2026-05-10 00:12:32.978257,WARNING,inventory-service,Database query executed in 113ms,113,201,False
2026-05-10 00:12:36.978257,WARNING,notification-service,Cache hit for key,55,201,False
2026-05-10 00:15:48.978257,ERROR,api-gateway,Memory usage exceeded threshold,2397,500,True
2026-05-10 00:18:40.978257,WARNING,auth-service,Request processed successfully,114,200,False
2026-05-10 00:46:24.978257,WARNING,auth-service,Request processed successfully,394,200,False
2026-05-10 00:52:04.978257,INFO,auth-service,Database query executed in 385ms,385,200,False
2026-05-10 00:59:35.978257,WARNING,notification-service,User authenticated,132,201,False
2026-05-10 01:08:55.978257,WARNING,notification-service,User authenticated,126,201,False
2026-05-10 01:13:28.978257,WARNING,inventory-service,Health check passed,97,200,False
2026-05-10 01:15:41.978257,INFO,api-gateway,User authenticated,241,201,False
2026-05-10 01:17:20.978257,INFO,inventory-service,Order status updated,179,200,False
2026-05-10 01:17:41.978257,INFO,notification-service,Database query executed in 464ms,464,200,False
2026-05-10 01:20:29.978257,INFO,api-gateway,Session created for user,449,200,False
2026-05-10 01:27:23.978257,WARNING,payment-service,Cache hit for key,224,201,False
2026-05-10 01:28:34.978257,WARNING,payment-service,Order status updated,53,200,False
2026-05-10 01:32:02.978257,INFO,inventory-service,Health check passed,95,201,False
2026-05-10 01:32:26.978257,INFO,notification-service,Order status updated,265,201,False
2026-05-10 01:39:47.978257,WARNING,inventory-service,Session created for user,434,201,False
2026-05-10 01:40:35.978257,INFO,inventory-service,Health check passed,182,200,False
2026-05-10 01:44:37.978257,WARNING,api-gateway,Request processed successfully,64,201,False
2026-05-10 01:44:41.978257,INFO,inventory-service,Cache hit for key,97,201,False
2026-05-10 01:46:02.978257,ERROR,inventory-service,Database connection pool exhausted,5759,500,True
2026-05-10 01:48:07.978257,WARNING,inventory-service,Database query executed in 369ms,369,200,False
2026-05-10 01:48:20.978257,INFO,inventory-service,Health check passed,362,201,False
2026-05-10 01:53:32.978257,WARNING,notification-service,Request processed successfully,175,200,False
2026-05-10 01:53:36.978257,INFO,payment-service,Request processed successfully,154,200,False
2026-05-10 01:54:25.978257,INFO,notification-service,Cache hit for key,409,200,False
2026-05-10 01:55:05.978257,INFO,payment-service,User authenticated,162,201,False
2026-05-10 01:56:17.978257,WARNING,payment-service,Order status updated,487,200,False
2026-05-10 02:08:41.978257,INFO,auth-service,Session created for user,383,201,False
2026-05-10 02:13:19.978257,INFO,payment-service,User authenticated,275,200,False
2026-05-10 02:16:03.978257,INFO,notification-service,Database query executed in 248ms,248,201,False
2026-05-10 02:17:57.978257,WARNING,api-gateway,Request processed successfully,240,201,False
2026-05-10 02:18:31.978257,INFO,inventory-service,Health check passed,253,200,False
2026-05-10 02:23:52.978257,WARNING,notification-service,Order status updated,160,200,False
2026-05-10 02:30:43.978257,WARNING,inventory-service,Request processed successfully,458,200,False
2026-05-10 02:36:35.978257,WARNING,notification-service,Session created for user,409,200,False
2026-05-10 02:38:29.978257,INFO,inventory-service,Session created for user,231,200,False
2026-05-10 02:39:03.978257,WARNING,auth-service,Order status updated,497,200,False
2026-05-10 02:39:56.978257,ERROR,inventory-service,Memory usage exceeded threshold,8298,502,True
2026-05-10 02:48:53.978257,WARNING,api-gateway,Order status updated,82,200,False
2026-05-10 02:50:40.978257,WARNING,api-gateway,Database query executed in 69ms,69,201,False
2026-05-10 02:59:49.978257,INFO,api-gateway,Session created for user,212,201,False
2026-05-10 03:10:19.978257,WARNING,notification-service,Health check passed,473,201,False
2026-05-10 03:12:26.978257,INFO,auth-service,User authenticated,294,200,False
2026-05-10 03:19:42.978257,WARNING,notification-service,Health check passed,125,200,False
2026-05-10 03:29:41.978257,ERROR,auth-service,Database connection pool exhausted,7815,500,True
2026-05-10 03:30:27.978257,INFO,auth-service,Request processed successfully,296,201,False
2026-05-10 03:33:46.978257,INFO,inventory-service,Order status updated,425,200,False
2026-05-10 03:34:00.978257,WARNING,inventory-service,Cache hit for key,347,201,False
2026-05-10 03:37:00.978257,INFO,api-gateway,Order status updated,413,201,False
2026-05-10 03:42:56.978257,WARNING,payment-service,Session created for user,420,201,False
2026-05-10 03:51:09.978257,WARNING,api-gateway,Database query executed in 189ms,189,200,False
2026-05-10 03:52:40.978257,WARNING,api-gateway,Session created for user,346,201,False
2026-05-10 03:55:21.978257,WARNING,inventory-service,Request processed successfully,323,201,False
2026-05-10 03:57:44.978257,INFO,payment-service,Request processed successfully,422,200,False
2026-05-10 03:58:31.978257,INFO,payment-service,Request processed successfully,121,201,False
2026-05-10 03:58:53.978257,INFO,api-gateway,Request processed successfully,126,200,False
2026-05-10 03:59:14.978257,INFO,api-gateway,Order status updated,366,201,False
2026-05-10 04:03:34.978257,WARNING,auth-service,User authenticated,425,200,False
2026-05-10 04:10:10.978257,INFO,inventory-service,Database query executed in 478ms,478,200,False
2026-05-10 04:15:57.978257,WARNING,api-gateway,Cache hit for key,106,200,False
2026-05-10 04:17:38.978257,WARNING,payment-service,User authenticated,186,201,False
2026-05-10 04:21:57.978257,ERROR,notification-service,Connection timeout after 2535ms,2535,502,True
2026-05-10 04:22:46.978257,WARNING,auth-service,Request processed successfully,100,200,False
2026-05-10 04:23:45.978257,WARNING,auth-service,Session created for user,479,201,False
2026-05-10 04:30:29.978257,WARNING,api-gateway,Database query executed in 231ms,231,200,False
2026-05-10 04:31:02.978257,WARNING,payment-service,Database query executed in 297ms,297,200,False
2026-05-10 04:36:55.978257,WARNING,inventory-service,Database query executed in 347ms,347,201,False
2026-05-10 04:40:29.978257,WARNING,payment-service,Session created for user,366,200,False
2026-05-10 04:42:20.978257,WARNING,api-gateway,Database query executed in 134ms,134,200,False
2026-05-10 04:56:34.978257,WARNING,notification-service,Request processed successfully,397,201,False
2026-05-10 04:57:04.978257,INFO,payment-service,Request processed successfully,226,201,False
2026-05-10 04:58:43.978257,WARNING,inventory-service,Cache hit for key,362,201,False
2026-05-10 05:00:50.978257,INFO,api-gateway,Cache hit for key,67,200,False
2026-05-10 05:01:42.978257,INFO,api-gateway,User authenticated,317,201,False
2026-05-10 05:03:30.978257,WARNING,auth-service,User authenticated,233,200,False
2026-05-10 05:07:55.978257,WARNING,payment-service,Health check passed,470,201,False
2026-05-10 05:08:31.978257,INFO,payment-service,Session created for user,423,200,False
2026-05-10 05:09:55.978257,INFO,payment-service,Cache hit for key,164,201,False
2026-05-10 05:11:45.978257,INFO,api-gateway,Health check passed,465,200,False
2026-05-10 05:20:31.978257,INFO,inventory-service,Cache hit for key,56,200,False
2026-05-10 05:26:54.978257,INFO,inventory-service,User authenticated,425,201,False
2026-05-10 05:29:44.978257,INFO,notification-service,User authenticated,122,201,False
2026-05-10 05:41:27.978257,INFO,payment-service,Order status updated,112,201,False
2026-05-10 05:42:22.978257,WARNING,inventory-service,Health check passed,307,201,False
2026-05-10 05:48:17.978257,WARNING,payment-service,Request processed successfully,372,200,False
2026-05-10 05:54:36.978257,ERROR,inventory-service,Database connection pool exhausted,2401,500,True
2026-05-10 06:03:12.978257,INFO,payment-service,Health check passed,393,200,False
2026-05-10 06:21:44.978257,WARNING,api-gateway,User authenticated,445,201,False
2026-05-10 06:23:38.978257,INFO,api-gateway,Order status updated,240,200,False
2026-05-10 06:26:40.978257,WARNING,payment-service,Request processed successfully,263,200,False
2026-05-10 06:26:55.978257,WARNING,api-gateway,Database query executed in 296ms,296,201,False
2026-05-10 06:27:27.978257,WARNING,auth-service,Health check passed,431,200,False
2026-05-10 06:29:22.978257,INFO,payment-service,Order status updated,352,200,False
2026-05-10 06:29:56.978257,INFO,payment-service,Health check passed,459,201,False
2026-05-10 06:40:19.978257,INFO,notification-service,Cache hit for key,145,201,False
2026-05-10 06:49:43.978257,INFO,payment-service,Request processed successfully,183,201,False
2026-05-10 06:53:17.978257,INFO,inventory-service,User authenticated,410,200,False
2026-05-10 06:55:25.978257,INFO,notification-service,Cache hit for key,454,200,False
2026-05-10 06:56:34.978257,WARNING,auth-service,User authenticated,206,201,False
2026-05-10 06:59:49.978257,INFO,payment-service,Cache hit for key,262,200,False
2026-05-10 07:02:33.978257,WARNING,payment-service,Health check passed,385,200,False
2026-05-10 07:04:47.978257,WARNING,auth-service,Request processed successfully,175,200,False
2026-05-10 07:12:48.978257,WARNING,notification-service,Database query executed in 55ms,55,201,False
2026-05-10 07:34:31.978257,WARNING,inventory-service,Order status updated,386,201,False
2026-05-10 07:37:41.978257,WARNING,payment-service,Database query executed in 221ms,221,201,False
2026-05-10 07:39:22.978257,INFO,inventory-service,Cache hit for key,252,201,False
2026-05-10 07:52:01.978257,WARNING,notification-service,Health check passed,258,200,False
2026-05-10 07:52:10.978257,WARNING,api-gateway,Health check passed,402,200,False
2026-05-10 08:15:21.978257,WARNING,api-gateway,Health check passed,418,201,False
2026-05-10 08:17:07.978257,INFO,notification-service,Request processed successfully,83,200,False
2026-05-10 08:18:00.978257,INFO,auth-service,Session created for user,214,201,False
2026-05-10 08:27:30.978257,INFO,notification-service,Cache hit for key,168,200,False
2026-05-10 08:27:45.978257,WARNING,notification-service,Health check passed,472,201,False
2026-05-10 08:46:41.978257,WARNING,auth-service,Order status updated,327,200,False
2026-05-10 08:51:36.978257,WARNING,payment-service,Database query executed in 486ms,486,201,False
2026-05-10 08:55:14.978257,INFO,notification-service,User authenticated,177,200,False
2026-05-10 08:55:56.978257,INFO,inventory-service,Session created for user,88,200,False
2026-05-10 08:57:11.978257,INFO,api-gateway,Health check passed,334,201,False
2026-05-10 09:05:30.978257,INFO,auth-service,Session created for user,465,201,False
2026-05-10 09:06:02.978257,INFO,payment-service,Health check passed,404,200,False
2026-05-10 09:07:59.978257,WARNING,api-gateway,User authenticated,220,200,False
2026-05-10 09:10:56.978257,INFO,notification-service,Cache hit for key,469,201,False
2026-05-10 09:17:16.978257,INFO,auth-service,User authenticated,63,200,False
2026-05-10 09:29:03.978257,WARNING,auth-service,Order status updated,300,201,False
2026-05-10 09:30:19.978257,CRITICAL,inventory-service,Connection timeout after 6547ms,6547,503,True
2026-05-10 09:31:53.978257,WARNING,api-gateway,Request processed successfully,169,200,False
2026-05-10 09:36:04.978257,INFO,inventory-service,Cache hit for key,109,201,False
2026-05-10 09:36:04.978257,WARNING,payment-service,User authenticated,176,200,False
2026-05-10 09:42:44.978257,WARNING,payment-service,Health check passed,302,200,False
2026-05-10 09:44:37.978257,WARNING,payment-service,Request processed successfully,137,201,False
2026-05-10 09:48:41.978257,WARNING,notification-service,Session created for user,50,200,False
2026-05-10 09:53:27.978257,WARNING,notification-service,Health check passed,368,200,False
2026-05-10 09:54:23.978257,INFO,auth-service,Health check passed,475,200,False
2026-05-10 10:00:51.978257,WARNING,payment-service,Database query executed in 230ms,230,200,False
2026-05-10 10:03:21.978257,ERROR,payment-service,Unhandled exception in request pipeline,4125,502,True
2026-05-10 10:07:37.978257,ERROR,notification-service,Database connection pool exhausted,5777,500,True
2026-05-10 10:14:30.978257,ERROR,notification-service,Service unreachable after 3 retries,6609,500,True
2026-05-10 10:18:47.978257,WARNING,notification-service,Order status updated,126,201,False
2026-05-10 10:25:41.978257,INFO,inventory-service,Order status updated,449,201,False
2026-05-10 10:27:14.978257,INFO,api-gateway,Database query executed in 191ms,191,200,False
2026-05-10 10:42:38.978257,WARNING,payment-service,Cache hit for key,271,200,False
2026-05-10 10:47:25.978257,INFO,payment-service,Session created for user,406,200,False
2026-05-10 10:50:38.978257,WARNING,auth-service,Database query executed in 410ms,410,201,False
2026-05-10 10:54:57.978257,WARNING,payment-service,User authenticated,267,200,False
2026-05-10 11:05:21.978257,INFO,auth-service,User authenticated,169,200,False
2026-05-10 11:07:43.978257,WARNING,payment-service,Health check passed,385,201,False
2026-05-10 11:09:12.978257,INFO,auth-service,Database query executed in 141ms,141,201,False
2026-05-10 11:11:19.978257,WARNING,inventory-service,Health check passed,402,200,False
2026-05-10 11:12:01.978257,INFO,auth-service,Session created for user,282,200,False
2026-05-10 11:13:50.978257,INFO,inventory-service,Request processed successfully,85,200,False
2026-05-10 11:22:12.978257,WARNING,payment-service,Session created for user,174,200,False
2026-05-10 11:41:09.978257,WARNING,api-gateway,Order status updated,382,201,False
2026-05-10 11:41:37.978257,WARNING,inventory-service,Session created for user,221,201,False
2026-05-10 11:42:47.978257,WARNING,api-gateway,Session created for user,120,201,False
2026-05-10 11:58:54.978257,INFO,payment-service,Request processed successfully,77,201,False
2026-05-10 12:01:36.978257,INFO,notification-service,User authenticated,309,201,False
2026-05-10 12:02:48.978257,WARNING,auth-service,Session created for user,354,201,False
2026-05-10 12:03:29.978257,INFO,auth-service,Database query executed in 74ms,74,200,False
2026-05-10 12:04:11.978257,INFO,inventory-service,Cache hit for key,315,200,False
2026-05-10 12:06:57.978257,WARNING,payment-service,Order status updated,116,201,False
2026-05-10 12:08:02.978257,ERROR,api-gateway,Unhandled exception in request pipeline,5864,503,True
2026-05-10 12:15:14.978257,ERROR,api-gateway,Service unreachable after 3 retries,4932,502,True
2026-05-10 12:18:14.978257,INFO,api-gateway,Database query executed in 278ms,278,200,False
2026-05-10 12:24:06.978257,WARNING,payment-service,Database query executed in 51ms,51,200,False
2026-05-10 12:28:24.978257,INFO,auth-service,Request processed successfully,201,201,False
2026-05-10 12:29:02.978257,INFO,auth-service,Order status updated,187,201,False
2026-05-10 12:33:25.978257,CRITICAL,inventory-service,Unhandled exception in request pipeline,8239,500,True
2026-05-10 12:35:23.978257,INFO,inventory-service,Cache hit for key,402,201,False
2026-05-10 12:44:19.978257,INFO,payment-service,User authenticated,218,201,False
2026-05-10 12:49:49.978257,INFO,auth-service,Database query executed in 141ms,141,200,False
2026-05-10 12:55:58.978257,WARNING,auth-service,Database query executed in 213ms,213,201,False
2026-05-10 12:57:26.978257,INFO,api-gateway,Order status updated,396,201,False
2026-05-10 12:58:26.978257,INFO,notification-service,Session created for user,139,200,False
2026-05-10 13:02:37.978257,INFO,api-gateway,Database query executed in 220ms,220,200,False
2026-05-10 13:07:05.978257,INFO,auth-service,Cache hit for key,475,200,False
2026-05-10 13:07:22.978257,INFO,notification-service,Session created for user,177,200,False
2026-05-10 13:10:12.978257,ERROR,auth-service,Connection timeout after 7196ms,7196,502,True
2026-05-10 13:16:01.978257,WARNING,auth-service,Cache hit for key,182,201,False
2026-05-10 13:18:20.978257,INFO,api-gateway,Health check passed,235,200,False
2026-05-10 13:20:23.978257,WARNING,api-gateway,Database query executed in 162ms,162,201,False
2026-05-10 13:25:41.978257,WARNING,payment-service,Session created for user,404,200,False
2026-05-10 13:27:45.978257,WARNING,notification-service,Database query executed in 401ms,401,201,False
2026-05-10 13:35:19.978257,WARNING,inventory-service,Health check passed,240,201,False
2026-05-10 13:37:11.978257,INFO,api-gateway,User authenticated,383,200,False
2026-05-10 13:37:30.978257,WARNING,inventory-service,Database query executed in 141ms,141,200,False
2026-05-10 13:39:07.978257,INFO,payment-service,Database query executed in 317ms,317,201,False
2026-05-10 13:43:35.978257,INFO,inventory-service,Health check passed,475,201,False
2026-05-10 13:56:05.978257,WARNING,notification-service,Health check passed,492,200,False
2026-05-10 13:57:25.978257,INFO,notification-service,Order status updated,140,200,False
2026-05-10 14:03:24.978257,WARNING,inventory-service,Health check passed,74,200,False
2026-05-10 14:06:13.978257,WARNING,api-gateway,User authenticated,493,201,False
2026-05-10 14:16:15.978257,CRITICAL,api-gateway,Memory usage exceeded threshold,2492,503,True
2026-05-10 14:17:05.978257,INFO,auth-service,User authenticated,241,200,False
2026-05-10 14:19:46.978257,INFO,payment-service,User authenticated,365,200,False
2026-05-10 14:20:31.978257,INFO,payment-service,Order status updated,326,200,False
2026-05-10 14:33:22.978257,WARNING,payment-service,Database query executed in 124ms,124,200,False
2026-05-10 14:35:45.978257,WARNING,notification-service,Health check passed,223,200,False
2026-05-10 14:37:38.978257,WARNING,notification-service,Session created for user,317,201,False
2026-05-10 14:41:41.978257,WARNING,api-gateway,Session created for user,251,200,False
2026-05-10 14:43:14.978257,WARNING,payment-service,Database query executed in 408ms,408,201,False
2026-05-10 14:45:05.978257,CRITICAL,api-gateway,Database connection pool exhausted,6032,502,True
2026-05-10 14:45:35.978257,INFO,payment-service,Cache hit for key,346,200,False
2026-05-10 14:57:30.978257,WARNING,api-gateway,Order status updated,377,200,False
2026-05-10 15:00:10.978257,INFO,notification-service,Health check passed,217,201,False
2026-05-10 15:00:54.978257,WARNING,inventory-service,Session created for user,371,201,False
2026-05-10 15:04:14.978257,WARNING,api-gateway,Database query executed in 487ms,487,201,False
2026-05-10 15:09:12.978257,WARNING,notification-service,Database query executed in 273ms,273,200,False
2026-05-10 15:11:45.978257,INFO,inventory-service,Session created for user,393,200,False
2026-05-10 15:22:34.978257,WARNING,inventory-service,Order status updated,397,201,False
2026-05-10 15:26:06.978257,INFO,auth-service,Cache hit for key,191,200,False
2026-05-10 15:26:37.978257,WARNING,payment-service,Request processed successfully,111,200,False
2026-05-10 15:27:03.978257,WARNING,payment-service,Database query executed in 244ms,244,201,False
2026-05-10 15:27:27.978257,WARNING,auth-service,Database query executed in 394ms,394,201,False
2026-05-10 15:33:54.978257,WARNING,payment-service,Health check passed,73,200,False
2026-05-10 15:39:33.978257,WARNING,auth-service,Request processed successfully,425,200,False
2026-05-10 15:40:04.978257,ERROR,payment-service,Connection timeout after 7031ms,7031,500,True
2026-05-10 15:41:01.978257,WARNING,notification-service,Request processed successfully,338,200,False
2026-05-10 15:50:35.978257,INFO,payment-service,Health check passed,402,201,False
2026-05-10 15:51:07.978257,WARNING,notification-service,User authenticated,212,201,False
2026-05-10 15:55:11.978257,INFO,notification-service,Order status updated,165,200,False
2026-05-10 15:55:25.978257,INFO,inventory-service,Health check passed,97,200,False
2026-05-10 15:57:01.978257,WARNING,api-gateway,Health check passed,464,200,False
2026-05-10 15:57:30.978257,CRITICAL,api-gateway,Connection timeout after 4358ms,4358,500,True
2026-05-10 16:03:29.978257,INFO,payment-service,Session created for user,239,201,False
2026-05-10 16:04:19.978257,INFO,notification-service,Order status updated,494,200,False
2026-05-10 16:23:17.978257,INFO,api-gateway,Database query executed in 136ms,136,201,False
2026-05-10 16:28:14.978257,WARNING,api-gateway,Health check passed,388,201,False
2026-05-10 16:28:20.978257,INFO,payment-service,User authenticated,380,201,False
2026-05-10 16:33:52.978257,WARNING,payment-service,Request processed successfully,163,200,False
2026-05-10 16:36:46.978257,WARNING,api-gateway,Session created for user,289,200,False
2026-05-10 16:40:40.978257,WARNING,api-gateway,Request processed successfully,150,200,False
2026-05-10 16:40:46.978257,INFO,api-gateway,Health check passed,454,200,False
2026-05-10 16:45:35.978257,WARNING,auth-service,Session created for user,181,200,False
2026-05-10 17:00:39.978257,WARNING,api-gateway,Cache hit for key,253,201,False
2026-05-10 17:02:25.978257,INFO,payment-service,Session created for user,281,200,False
2026-05-10 17:11:56.978257,WARNING,notification-service,Health check passed,303,200,False
2026-05-10 17:18:13.978257,WARNING,auth-service,Session created for user,63,200,False
2026-05-10 17:22:08.978257,WARNING,inventory-service,Order status updated,338,200,False
2026-05-10 17:24:24.978257,INFO,notification-service,User authenticated,58,200,False
2026-05-10 17:24:25.978257,WARNING,auth-service,Health check passed,399,200,False
2026-05-10 17:24:42.978257,ERROR,inventory-service,Unhandled exception in request pipeline,4326,503,True
2026-05-10 17:27:25.978257,WARNING,payment-service,Request processed successfully,162,201,False
2026-05-10 17:41:12.978257,ERROR,auth-service,Connection timeout after 2924ms,2924,502,True
2026-05-10 17:42:40.978257,WARNING,auth-service,User authenticated,243,201,False
2026-05-10 17:48:22.978257,WARNING,inventory-service,Database query executed in 77ms,77,200,False
2026-05-10 18:11:14.978257,INFO,notification-service,Session created for user,190,201,False
2026-05-10 18:11:49.978257,INFO,inventory-service,Health check passed,385,200,False
2026-05-10 18:16:46.978257,WARNING,payment-service,User authenticated,185,200,False
2026-05-10 18:20:57.978257,INFO,inventory-service,Cache hit for key,221,201,False
2026-05-10 18:29:45.978257,WARNING,notification-service,Order status updated,469,200,False
2026-05-10 18:39:42.978257,ERROR,inventory-service,Unhandled exception in request pipeline,5643,502,True
2026-05-10 18:42:46.978257,INFO,inventory-service,User authenticated,202,201,False
2026-05-10 18:47:59.978257,INFO,payment-service,Order status updated,125,201,False
2026-05-10 18:50:23.978257,INFO,notification-service,Health check passed,119,200,False
2026-05-10 19:03:36.978257,WARNING,api-gateway,Session created for user,121,200,False
2026-05-10 19:10:11.978257,WARNING,auth-service,User authenticated,216,200,False
2026-05-10 19:11:01.978257,INFO,api-gateway,Order status updated,436,201,False
2026-05-10 19:12:00.978257,INFO,notification-service,User authenticated,239,201,False
2026-05-10 19:13:18.978257,WARNING,api-gateway,Health check passed,348,200,False
2026-05-10 19:17:38.978257,ERROR,auth-service,Memory usage exceeded threshold,7453,500,True
2026-05-10 19:24:47.978257,WARNING,payment-service,Session created for user,72,200,False
2026-05-10 19:30:34.978257,INFO,payment-service,User authenticated,263,201,False
2026-05-10 19:33:54.978257,ERROR,api-gateway,Service unreachable after 3 retries,2290,502,True
2026-05-10 19:37:28.978257,INFO,api-gateway,Order status updated,355,201,False
2026-05-10 19:37:48.978257,WARNING,auth-service,Database query executed in 133ms,133,200,False
2026-05-10 19:38:22.978257,INFO,inventory-service,Order status updated,352,200,False
2026-05-10 19:43:32.978257,WARNING,inventory-service,Order status updated,240,200,False
2026-05-10 19:45:59.978257,ERROR,auth-service,Unhandled exception in request pipeline,6969,502,True
2026-05-10 19:54:38.978257,INFO,auth-service,Order status updated,170,201,False
2026-05-10 19:55:34.978257,WARNING,api-gateway,Health check passed,235,200,False
2026-05-10 19:57:23.978257,WARNING,auth-service,Request processed successfully,141,200,False
2026-05-10 19:59:31.978257,INFO,payment-service,Cache hit for key,453,201,False
2026-05-10 20:02:24.978257,INFO,inventory-service,User authenticated,161,200,False
2026-05-10 20:13:45.978257,INFO,notification-service,User authenticated,367,201,False
2026-05-10 20:19:38.978257,INFO,inventory-service,Database query executed in 468ms,468,201,False
2026-05-10 20:19:48.978257,INFO,inventory-service,Database query executed in 464ms,464,201,False
2026-05-10 20:24:40.978257,INFO,notification-service,Health check passed,392,201,False
2026-05-10 20:25:38.978257,INFO,inventory-service,Database query executed in 428ms,428,201,False
2026-05-10 20:25:45.978257,WARNING,payment-service,Cache hit for key,212,200,False
2026-05-10 20:41:53.978257,WARNING,inventory-service,Order status updated,237,200,False
2026-05-10 20:44:46.978257,WARNING,payment-service,Database query executed in 125ms,125,201,False
2026-05-10 20:45:16.978257,WARNING,notification-service,Cache hit for key,246,200,False
2026-05-10 20:46:54.978257,INFO,inventory-service,Session created for user,285,200,False
2026-05-10 20:50:36.978257,INFO,auth-service,Database query executed in 409ms,409,201,False
2026-05-10 20:55:33.978257,WARNING,payment-service,Session created for user,409,201,False
2026-05-10 20:59:56.978257,WARNING,auth-service,User authenticated,438,201,False
2026-05-10 21:08:51.978257,WARNING,api-gateway,Request processed successfully,100,200,False
2026-05-10 21:16:15.978257,WARNING,payment-service,User authenticated,308,201,False
2026-05-10 21:17:40.978257,INFO,inventory-service,Order status updated,402,201,False
2026-05-10 21:17:57.978257,WARNING,api-gateway,Order status updated,136,201,False
2026-05-10 21:23:03.978257,INFO,auth-service,Order status updated,96,201,False
2026-05-10 21:23:03.978257,WARNING,notification-service,Session created for user,53,200,False
2026-05-10 21:25:01.978257,INFO,api-gateway,Database query executed in 400ms,400,200,False
2026-05-10 21:27:26.978257,INFO,api-gateway,Cache hit for key,53,200,False
2026-05-10 21:34:28.978257,WARNING,payment-service,Request processed successfully,109,201,False
2026-05-10 21:36:42.978257,WARNING,inventory-service,Database query executed in 349ms,349,200,False
2026-05-10 21:37:58.978257,INFO,auth-service,Order status updated,293,200,False
2026-05-10 21:49:36.978257,WARNING,payment-service,Session created for user,297,200,False
2026-05-10 21:50:35.978257,WARNING,payment-service,Order status updated,183,200,False
2026-05-10 21:52:23.978257,INFO,notification-service,User authenticated,472,200,False
2026-05-10 22:06:14.978257,INFO,payment-service,Database query executed in 109ms,109,201,False
2026-05-10 22:07:46.978257,WARNING,payment-service,Session created for user,422,201,False
2026-05-10 22:09:59.978257,INFO,notification-service,Cache hit for key,448,200,False
2026-05-10 22:12:06.978257,INFO,payment-service,Database query executed in 280ms,280,200,False
2026-05-10 22:17:08.978257,INFO,notification-service,User authenticated,465,200,False
2026-05-10 22:18:16.978257,WARNING,auth-service,Order status updated,188,200,False
2026-05-10 22:26:09.978257,WARNING,auth-service,Health check passed,318,200,False
2026-05-10 22:33:52.978257,INFO,api-gateway,Health check passed,383,201,False
2026-05-10 22:40:40.978257,ERROR,auth-service,Database connection pool exhausted,2063,500,True
2026-05-10 22:50:47.978257,WARNING,auth-service,Cache hit for key,223,201,False
2026-05-10 23:00:12.978257,INFO,api-gateway,Health check passed,287,201,False
2026-05-10 23:02:26.978257,WARNING,auth-service,Health check passed,110,201,False
2026-05-10 23:02:45.978257,INFO,notification-service,Database query executed in 399ms,399,200,False
2026-05-10 23:02:54.978257,INFO,inventory-service,Health check passed,113,201,False
2026-05-10 23:08:29.978257,WARNING,auth-service,User authenticated,306,201,False
2026-05-10 23:09:19.978257,INFO,api-gateway,Order status updated,223,201,False
2026-05-10 23:13:49.978257,INFO,payment-service,Cache hit for key,192,200,False
2026-05-10 23:14:28.978257,WARNING,inventory-service,Health check passed,307,200,False
2026-05-10 23:24:43.978257,INFO,payment-service,Health check passed,419,200,False
2026-05-10 23:27:28.978257,WARNING,payment-service,Health check passed,286,201,False
2026-05-10 23:29:25.978257,ERROR,notification-service,Database connection pool exhausted,6690,503,True
2026-05-10 23:45:23.978257,WARNING,auth-service,Health check passed,203,200,False
2026-05-10 23:45:49.978257,WARNING,notification-service,Order status updated,453,200,False
2026-05-10 23:45:54.978257,INFO,auth-service,Cache hit for key,352,200,False
2026-05-10 23:46:19.978257,WARNING,auth-service,Request processed successfully,429,200,False
2026-05-10 23:49:22.978257,INFO,auth-service,User authenticated,388,200,False
2026-05-11 00:22:10.978257,INFO,auth-service,Health check passed,71,200,False
2026-05-11 00:33:15.978257,INFO,inventory-service,Session created for user,216,200,False
2026-05-11 00:36:08.978257,WARNING,inventory-service,User authenticated,235,201,False
2026-05-11 00:36:38.978257,INFO,payment-service,Request processed successfully,432,201,False
2026-05-11 00:46:39.978257,WARNING,auth-service,User authenticated,70,201,False
2026-05-11 00:48:44.978257,INFO,api-gateway,User authenticated,53,200,False
2026-05-11 00:50:02.978257,INFO,inventory-service,Order status updated,165,201,False
2026-05-11 00:51:13.978257,CRITICAL,notification-service,Memory usage exceeded threshold,7826,500,True
2026-05-11 00:51:24.978257,ERROR,api-gateway,Memory usage exceeded threshold,2277,502,True
2026-05-11 00:53:14.978257,ERROR,payment-service,Memory usage exceeded threshold,2629,502,True
2026-05-11 00:56:24.978257,WARNING,api-gateway,Request processed successfully,391,201,False
2026-05-11 00:57:09.978257,WARNING,api-gateway,Session created for user,209,201,False
2026-05-11 00:59:04.978257,INFO,notification-service,User authenticated,392,200,False
2026-05-11 00:59:07.978257,INFO,auth-service,Health check passed,420,200,False
2026-05-11 01:03:10.978257,ERROR,payment-service,Connection timeout after 3805ms,3805,500,True
2026-05-11 01:07:29.978257,INFO,api-gateway,Database query executed in 83ms,83,200,False
2026-05-11 01:10:49.978257,INFO,auth-service,Request processed successfully,446,201,False
2026-05-11 01:15:32.978257,ERROR,payment-service,Memory usage exceeded threshold,4544,500,True
2026-05-11 01:23:07.978257,INFO,auth-service,Session created for user,50,201,False
2026-05-11 01:23:49.978257,WARNING,payment-service,User authenticated,467,201,False
2026-05-11 01:24:42.978257,WARNING,notification-service,Cache hit for key,80,201,False
2026-05-11 01:35:43.978257,ERROR,auth-service,Unhandled exception in request pipeline,6814,503,True
2026-05-11 01:36:48.978257,WARNING,inventory-service,Order status updated,154,201,False
2026-05-11 01:45:38.978257,ERROR,payment-service,Unhandled exception in request pipeline,5488,503,True
2026-05-11 01:49:32.978257,WARNING,auth-service,Health check passed,63,200,False
2026-05-11 01:58:57.978257,INFO,api-gateway,User authenticated,289,201,False
2026-05-11 02:01:26.978257,WARNING,notification-service,Request processed successfully,102,200,False
2026-05-11 02:11:52.978257,INFO,auth-service,User authenticated,168,200,False
2026-05-11 02:14:07.978257,INFO,inventory-service,Health check passed,387,201,False
2026-05-11 02:18:13.978257,WARNING,notification-service,Cache hit for key,177,201,False
2026-05-11 02:21:31.978257,WARNING,api-gateway,Database query executed in 99ms,99,201,False
2026-05-11 02:21:48.978257,INFO,api-gateway,Order status updated,361,200,False
2026-05-11 02:24:22.978257,INFO,inventory-service,User authenticated,242,201,False
2026-05-11 02:29:03.978257,INFO,inventory-service,Session created for user,185,200,False
2026-05-11 02:29:12.978257,INFO,api-gateway,Database query executed in 259ms,259,201,False
2026-05-11 02:31:45.978257,WARNING,api-gateway,Health check passed,343,200,False
2026-05-11 02:32:40.978257,WARNING,inventory-service,Cache hit for key,401,200,False
2026-05-11 02:35:28.978257,WARNING,notification-service,User authenticated,249,201,False
2026-05-11 02:35:42.978257,WARNING,inventory-service,Health check passed,337,200,False
2026-05-11 02:49:36.978257,INFO,payment-service,Cache hit for key,198,200,False
2026-05-11 02:53:09.978257,WARNING,auth-service,User authenticated,462,200,False
2026-05-11 02:55:43.978257,ERROR,auth-service,Connection timeout after 5538ms,5538,502,True
2026-05-11 02:58:22.978257,WARNING,inventory-service,User authenticated,481,201,False
2026-05-11 02:59:04.978257,CRITICAL,inventory-service,Database connection pool exhausted,8587,503,True
2026-05-11 02:59:29.978257,WARNING,notification-service,Cache hit for key,179,200,False
2026-05-11 03:08:46.978257,INFO,payment-service,Session created for user,258,200,False
2026-05-11 03:09:25.978257,INFO,auth-service,Database query executed in 374ms,374,200,False
2026-05-11 03:23:02.978257,WARNING,api-gateway,Request processed successfully,249,201,False
2026-05-11 03:26:21.978257,INFO,payment-service,Database query executed in 150ms,150,201,False
2026-05-11 03:30:09.978257,WARNING,auth-service,Cache hit for key,457,201,False
2026-05-11 03:35:30.978257,WARNING,payment-service,Health check passed,260,201,False
2026-05-11 03:36:38.978257,INFO,payment-service,Database query executed in 132ms,132,201,False
2026-05-11 03:41:10.978257,WARNING,api-gateway,Database query executed in 429ms,429,201,False
2026-05-11 03:50:11.978257,WARNING,api-gateway,Request processed successfully,183,201,False
2026-05-11 03:52:56.978257,WARNING,inventory-service,Cache hit for key,296,200,False
2026-05-11 04:03:35.978257,WARNING,inventory-service,Cache hit for key,218,200,False
2026-05-11 04:03:53.978257,WARNING,payment-service,Health check passed,282,201,False
2026-05-11 04:13:41.978257,INFO,notification-service,Health check passed,499,201,False
2026-05-11 04:17:02.978257,INFO,inventory-service,Request processed successfully,160,201,False
2026-05-11 04:23:41.978257,INFO,notification-service,Health check passed,164,201,False
2026-05-11 04:25:06.978257,WARNING,inventory-service,Session created for user,70,200,False
2026-05-11 04:25:47.978257,WARNING,auth-service,Order status updated,75,200,False
2026-05-11 04:27:48.978257,INFO,payment-service,Cache hit for key,169,200,False
2026-05-11 04:45:06.978257,INFO,auth-service,Request processed successfully,359,200,False
2026-05-11 04:47:27.978257,WARNING,notification-service,Database query executed in 175ms,175,201,False
2026-05-11 04:51:49.978257,INFO,payment-service,User authenticated,301,201,False
2026-05-11 04:54:29.978257,INFO,notification-service,Health check passed,493,201,False
2026-05-11 04:58:44.978257,WARNING,notification-service,Session created for user,347,200,False
2026-05-11 05:07:09.978257,WARNING,api-gateway,Database query executed in 350ms,350,201,False
2026-05-11 05:07:18.978257,WARNING,inventory-service,Database query executed in 312ms,312,201,False
2026-05-11 05:19:40.978257,INFO,api-gateway,User authenticated,413,200,False
2026-05-11 05:23:25.978257,INFO,payment-service,Order status updated,114,201,False
2026-05-11 05:24:18.978257,WARNING,payment-service,Cache hit for key,118,200,False
2026-05-11 05:25:03.978257,ERROR,auth-service,Connection timeout after 8610ms,8610,502,True
2026-05-11 05:29:51.978257,INFO,auth-service,User authenticated,367,200,False
2026-05-11 05:34:51.978257,WARNING,api-gateway,Health check passed,416,200,False
2026-05-11 05:44:39.978257,WARNING,payment-service,Database query executed in 65ms,65,201,False
2026-05-11 05:46:56.978257,WARNING,api-gateway,Order status updated,153,200,False
2026-05-11 05:49:06.978257,INFO,payment-service,Order status updated,280,200,False
2026-05-11 05:50:10.978257,INFO,notification-service,Request processed successfully,184,200,False
2026-05-11 05:55:24.978257,INFO,payment-service,Database query executed in 205ms,205,200,False
2026-05-11 05:57:07.978257,INFO,payment-service,User authenticated,241,200,False
2026-05-11 06:10:32.978257,CRITICAL,auth-service,Database connection pool exhausted,5116,500,True
2026-05-11 06:15:04.978257,WARNING,notification-service,Request processed successfully,116,201,False
2026-05-11 06:25:16.978257,INFO,inventory-service,Database query executed in 366ms,366,200,False
2026-05-11 06:28:36.978257,INFO,auth-service,Order status updated,66,201,False
2026-05-11 06:36:10.978257,WARNING,payment-service,User authenticated,171,200,False
2026-05-11 06:37:02.978257,WARNING,payment-service,Cache hit for key,364,200,False
2026-05-11 06:38:13.978257,WARNING,api-gateway,Health check passed,438,201,False
2026-05-11 06:38:41.978257,INFO,payment-service,Health check passed,191,200,False
2026-05-11 06:41:44.978257,INFO,auth-service,Session created for user,53,200,False
2026-05-11 06:45:04.978257,WARNING,notification-service,Cache hit for key,434,201,False
2026-05-11 06:46:34.978257,WARNING,notification-service,User authenticated,490,201,False
2026-05-11 06:55:16.978257,WARNING,payment-service,Order status updated,342,200,False
2026-05-11 06:56:02.978257,INFO,auth-service,Order status updated,223,201,False
2026-05-11 07:11:18.978257,WARNING,inventory-service,User authenticated,430,201,False
2026-05-11 07:16:17.978257,INFO,api-gateway,Request processed successfully,488,200,False
2026-05-11 07:20:21.978257,INFO,notification-service,Session created for user,330,201,False
2026-05-11 07:28:40.978257,INFO,auth-service,User authenticated,204,200,False
2026-05-11 07:28:58.978257,CRITICAL,inventory-service,Memory usage exceeded threshold,8832,502,True
2026-05-11 07:39:51.978257,WARNING,auth-service,User authenticated,192,201,False
2026-05-11 07:56:43.978257,INFO,payment-service,Health check passed,382,201,False
2026-05-11 08:02:21.978257,WARNING,notification-service,Session created for user,105,201,False
2026-05-11 08:04:09.978257,ERROR,notification-service,Database connection pool exhausted,7096,502,True
2026-05-11 08:05:26.978257,WARNING,inventory-service,Order status updated,278,201,False
2026-05-11 08:09:58.978257,WARNING,notification-service,User authenticated,182,200,False
2026-05-11 08:23:19.978257,WARNING,notification-service,Database query executed in 106ms,106,200,False
2026-05-11 08:28:08.978257,CRITICAL,inventory-service,Service unreachable after 3 retries,3467,503,True
2026-05-11 08:32:56.978257,WARNING,notification-service,Health check passed,201,201,False
2026-05-11 08:34:17.978257,WARNING,api-gateway,Database query executed in 117ms,117,201,False
2026-05-11 08:38:13.978257,INFO,payment-service,Cache hit for key,368,201,False
2026-05-11 08:43:12.978257,ERROR,auth-service,Unhandled exception in request pipeline,2410,503,True
2026-05-11 08:45:36.978257,WARNING,api-gateway,Health check passed,81,201,False
2026-05-11 08:58:17.978257,WARNING,inventory-service,User authenticated,52,201,False
2026-05-11 09:00:49.978257,INFO,notification-service,Health check passed,252,200,False
2026-05-11 09:01:15.978257,INFO,payment-service,Health check passed,291,201,False
2026-05-11 09:01:48.978257,WARNING,payment-service,Health check passed,60,200,False
2026-05-11 09:07:13.978257,INFO,inventory-service,Health check passed,286,200,False
2026-05-11 09:09:45.978257,WARNING,payment-service,Database query executed in 225ms,225,200,False
2026-05-11 09:10:46.978257,INFO,inventory-service,Session created for user,221,200,False
2026-05-11 09:25:39.978257,INFO,auth-service,Session created for user,188,200,False
2026-05-11 09:26:47.978257,WARNING,notification-service,Health check passed,210,201,False
2026-05-11 09:29:26.978257,WARNING,notification-service,Database query executed in 191ms,191,200,False
2026-05-11 09:33:43.978257,WARNING,inventory-service,User authenticated,386,201,False
2026-05-11 09:38:42.978257,INFO,payment-service,Order status updated,74,201,False
2026-05-11 09:43:35.978257,INFO,auth-service,Request processed successfully,337,200,False
2026-05-11 09:51:53.978257,WARNING,api-gateway,Order status updated,205,200,False
2026-05-11 09:52:14.978257,WARNING,api-gateway,Request processed successfully,149,200,False
2026-05-11 09:53:55.978257,WARNING,api-gateway,Request processed successfully,387,200,False
2026-05-11 09:58:10.978257,WARNING,auth-service,Cache hit for key,304,200,False
2026-05-11 09:58:17.978257,ERROR,inventory-service,Unhandled exception in request pipeline,3003,502,True
2026-05-11 10:01:46.978257,INFO,inventory-service,Session created for user,424,201,False
2026-05-11 10:01:51.978257,ERROR,api-gateway,Memory usage exceeded threshold,2332,500,True
2026-05-11 10:14:50.978257,INFO,auth-service,Cache hit for key,262,201,False
2026-05-11 10:25:47.978257,WARNING,api-gateway,Database query executed in 349ms,349,200,False
2026-05-11 10:38:58.978257,WARNING,inventory-service,User authenticated,231,201,False
2026-05-11 10:39:53.978257,WARNING,notification-service,Session created for user,112,200,False
2026-05-11 10:43:21.978257,WARNING,payment-service,User authenticated,368,200,False
2026-05-11 10:44:26.978257,WARNING,api-gateway,Order status updated,429,200,False
2026-05-11 10:54:23.978257,WARNING,api-gateway,User authenticated,229,200,False
2026-05-11 10:55:22.978257,INFO,payment-service,Session created for user,135,200,False
2026-05-11 11:01:04.978257,WARNING,inventory-service,Session created for user,107,200,False
2026-05-11 11:09:23.978257,INFO,payment-service,User authenticated,381,200,False
2026-05-11 11:10:34.978257,WARNING,payment-service,Cache hit for key,427,201,False
2026-05-11 11:11:49.978257,WARNING,inventory-service,Cache hit for key,280,200,False
2026-05-11 11:13:59.978257,WARNING,api-gateway,Database query executed in 117ms,117,201,False
2026-05-11 11:15:14.978257,INFO,auth-service,Database query executed in 95ms,95,200,False
2026-05-11 11:18:12.978257,INFO,auth-service,Session created for user,429,200,False
2026-05-11 11:20:01.978257,WARNING,api-gateway,Health check passed,425,201,False
2026-05-11 11:22:47.978257,WARNING,payment-service,Cache hit for key,130,201,False
2026-05-11 11:23:06.978257,INFO,auth-service,Database query executed in 130ms,130,201,False
2026-05-11 11:30:43.978257,WARNING,payment-service,Database query executed in 70ms,70,201,False
2026-05-11 11:36:28.978257,WARNING,api-gateway,User authenticated,380,200,False
2026-05-11 11:37:36.978257,INFO,auth-service,User authenticated,292,200,False
2026-05-11 11:37:57.978257,INFO,payment-service,Health check passed,364,200,False
2026-05-11 11:37:58.978257,INFO,api-gateway,Session created for user,52,201,False
2026-05-11 11:57:10.978257,WARNING,api-gateway,Order status updated,303,200,False
2026-05-11 12:17:54.978257,INFO,payment-service,User authenticated,148,200,False
2026-05-11 12:19:20.978257,INFO,inventory-service,Order status updated,77,200,False
2026-05-11 12:19:33.978257,WARNING,auth-service,User authenticated,403,200,False
2026-05-11 12:22:26.978257,INFO,payment-service,Session created for user,230,201,False
2026-05-11 12:31:32.978257,INFO,payment-service,Health check passed,96,201,False
2026-05-11 12:33:38.978257,ERROR,notification-service,Connection timeout after 6005ms,6005,503,True
2026-05-11 12:49:27.978257,INFO,notification-service,Cache hit for key,487,200,False
2026-05-11 12:51:27.978257,ERROR,api-gateway,Unhandled exception in request pipeline,6714,502,True
2026-05-11 12:59:03.978257,WARNING,inventory-service,Request processed successfully,328,201,False
2026-05-11 13:14:13.978257,WARNING,notification-service,Database query executed in 165ms,165,201,False
2026-05-11 13:22:27.978257,WARNING,payment-service,Health check passed,144,201,False
2026-05-11 13:25:23.978257,ERROR,payment-service,Database connection pool exhausted,6592,500,True
2026-05-11 13:41:05.978257,INFO,notification-service,Health check passed,462,201,False
2026-05-11 13:52:27.978257,INFO,inventory-service,Session created for user,405,200,False
2026-05-11 13:53:21.978257,INFO,auth-service,User authenticated,467,201,False
2026-05-11 13:54:35.978257,WARNING,notification-service,Order status updated,312,200,False
2026-05-11 13:57:53.978257,WARNING,api-gateway,Cache hit for key,450,200,False
2026-05-11 14:02:59.978257,INFO,api-gateway,Request processed successfully,278,200,False
2026-05-11 14:07:05.978257,WARNING,api-gateway,User authenticated,108,201,False
2026-05-11 14:09:46.978257,INFO,notification-service,Health check passed,268,201,False
2026-05-11 14:10:11.978257,INFO,api-gateway,Health check passed,103,200,False
2026-05-11 14:21:00.978257,WARNING,api-gateway,Health check passed,475,201,False
2026-05-11 14:21:05.978257,ERROR,api-gateway,Service unreachable after 3 retries,6287,500,True
2026-05-11 14:23:38.978257,WARNING,inventory-service,Order status updated,192,201,False
2026-05-11 14:24:04.978257,WARNING,payment-service,Request processed successfully,161,201,False
2026-05-11 14:25:01.978257,INFO,inventory-service,Session created for user,291,200,False
2026-05-11 14:25:29.978257,CRITICAL,payment-service,Unhandled exception in request pipeline,4345,500,True
2026-05-11 14:28:44.978257,INFO,api-gateway,Cache hit for key,402,200,False
2026-05-11 14:29:21.978257,ERROR,notification-service,Database connection pool exhausted,3420,502,True
2026-05-11 14:39:53.978257,INFO,notification-service,Session created for user,217,201,False
2026-05-11 14:42:38.978257,WARNING,auth-service,User authenticated,239,200,False
2026-05-11 14:48:08.978257,WARNING,auth-service,Health check passed,79,201,False
2026-05-11 14:50:50.978257,INFO,auth-service,Cache hit for key,146,200,False
2026-05-11 14:56:01.978257,CRITICAL,auth-service,Unhandled exception in request pipeline,5535,500,True
2026-05-11 14:58:00.978257,WARNING,api-gateway,Database query executed in 333ms,333,201,False
2026-05-11 15:01:33.978257,WARNING,notification-service,Database query executed in 156ms,156,200,False
2026-05-11 15:03:18.978257,INFO,inventory-service,Cache hit for key,229,200,False
2026-05-11 15:08:15.978257,WARNING,notification-service,Request processed successfully,138,201,False
2026-05-11 15:09:43.978257,CRITICAL,api-gateway,Database connection pool exhausted,2325,500,True
2026-05-11 15:09:57.978257,INFO,payment-service,Cache hit for key,393,201,False
2026-05-11 15:28:40.978257,INFO,inventory-service,User authenticated,237,201,False
2026-05-11 15:36:55.978257,WARNING,api-gateway,Database query executed in 275ms,275,201,False
2026-05-11 15:40:38.978257,WARNING,api-gateway,Database query executed in 340ms,340,200,False
2026-05-11 15:48:47.978257,WARNING,api-gateway,Cache hit for key,252,200,False
2026-05-11 15:58:38.978257,INFO,inventory-service,Cache hit for key,66,200,False
2026-05-11 15:59:28.978257,WARNING,notification-service,Health check passed,157,201,False
2026-05-11 16:06:55.978257,INFO,api-gateway,Order status updated,306,201,False
2026-05-11 16:08:32.978257,WARNING,auth-service,Cache hit for key,271,200,False
2026-05-11 16:10:26.978257,INFO,payment-service,Health check passed,248,201,False
2026-05-11 16:11:12.978257,INFO,api-gateway,Order status updated,151,201,False
2026-05-11 16:17:13.978257,WARNING,auth-service,Cache hit for key,246,201,False
2026-05-11 16:18:39.978257,INFO,payment-service,Session created for user,281,200,False
2026-05-11 16:40:59.978257,INFO,notification-service,Database query executed in 200ms,200,200,False
2026-05-11 16:41:40.978257,INFO,notification-service,Order status updated,193,200,False
2026-05-11 16:43:57.978257,INFO,api-gateway,Order status updated,195,201,False
2026-05-11 16:46:21.978257,WARNING,auth-service,Session created for user,51,201,False
2026-05-11 16:58:22.978257,INFO,auth-service,Cache hit for key,499,201,False
2026-05-11 17:02:26.978257,INFO,notification-service,Health check passed,497,201,False
2026-05-11 17:03:56.978257,ERROR,api-gateway,Database connection pool exhausted,6536,503,True
2026-05-11 17:14:35.978257,INFO,api-gateway,Cache hit for key,280,200,False
2026-05-11 17:15:25.978257,INFO,payment-service,Database query executed in 163ms,163,200,False
2026-05-11 17:23:05.978257,ERROR,notification-service,Unhandled exception in request pipeline,5884,503,True
2026-05-11 17:26:40.978257,INFO,notification-service,Order status updated,82,200,False
2026-05-11 17:32:45.978257,INFO,api-gateway,Health check passed,461,201,False
2026-05-11 17:35:31.978257,WARNING,auth-service,Health check passed,211,201,False
2026-05-11 17:36:57.978257,WARNING,api-gateway,User authenticated,414,200,False
2026-05-11 17:37:34.978257,WARNING,auth-service,Health check passed,476,200,False
2026-05-11 17:37:56.978257,INFO,auth-service,Session created for user,454,200,False
2026-05-11 17:54:38.978257,INFO,api-gateway,Request processed successfully,192,200,False
2026-05-11 17:59:43.978257,CRITICAL,auth-service,Unhandled exception in request pipeline,2233,503,True
2026-05-11 18:01:41.978257,WARNING,notification-service,Request processed successfully,346,201,False
2026-05-11 18:03:03.978257,WARNING,notification-service,Session created for user,341,201,False
2026-05-11 18:03:50.978257,WARNING,payment-service,Database query executed in 293ms,293,200,False
2026-05-11 18:05:05.978257,ERROR,notification-service,Memory usage exceeded threshold,3517,503,True
2026-05-11 18:07:11.978257,WARNING,notification-service,Health check passed,102,200,False
2026-05-11 18:08:32.978257,INFO,api-gateway,Database query executed in 362ms,362,200,False
2026-05-11 18:11:44.978257,INFO,api-gateway,Session created for user,367,200,False
2026-05-11 18:15:52.978257,WARNING,api-gateway,Health check passed,170,201,False
2026-05-11 18:16:02.978257,INFO,payment-service,User authenticated,243,201,False
2026-05-11 18:30:37.978257,WARNING,payment-service,Health check passed,196,201,False
2026-05-11 18:40:53.978257,INFO,payment-service,Health check passed,207,201,False
2026-05-11 18:46:05.978257,INFO,auth-service,Request processed successfully,300,200,False
2026-05-11 18:51:57.978257,WARNING,notification-service,User authenticated,71,201,False
2026-05-11 19:01:11.978257,WARNING,auth-service,Cache hit for key,376,200,False
2026-05-11 19:10:35.978257,INFO,payment-service,Session created for user,325,201,False
2026-05-11 19:22:45.978257,INFO,payment-service,Cache hit for key,254,200,False
2026-05-11 19:26:59.978257,WARNING,notification-service,User authenticated,430,200,False
2026-05-11 19:27:23.978257,WARNING,payment-service,Order status updated,291,200,False
2026-05-11 19:33:06.978257,INFO,auth-service,Database query executed in 478ms,478,200,False
2026-05-11 19:36:38.978257,ERROR,notification-service,Database connection pool exhausted,7405,503,True
2026-05-11 19:36:55.978257,INFO,api-gateway,Cache hit for key,267,200,False
2026-05-11 19:41:58.978257,WARNING,api-gateway,Database query executed in 414ms,414,200,False
2026-05-11 19:46:02.978257,WARNING,auth-service,Cache hit for key,157,201,False
2026-05-11 19:54:04.978257,WARNING,auth-service,Order status updated,256,200,False
2026-05-11 20:03:10.978257,INFO,api-gateway,User authenticated,374,201,False
2026-05-11 20:03:25.978257,WARNING,notification-service,Session created for user,408,201,False
2026-05-11 20:04:26.978257,WARNING,api-gateway,Cache hit for key,296,200,False
2026-05-11 20:10:47.978257,INFO,payment-service,Database query executed in 342ms,342,200,False
2026-05-11 20:11:47.978257,WARNING,auth-service,Request processed successfully,265,201,False
2026-05-11 20:20:41.978257,WARNING,payment-service,Session created for user,445,201,False
2026-05-11 20:28:54.978257,WARNING,inventory-service,Session created for user,338,201,False
2026-05-11 20:29:37.978257,WARNING,payment-service,Session created for user,137,200,False
2026-05-11 20:30:06.978257,INFO,inventory-service,Cache hit for key,66,201,False
2026-05-11 20:35:34.978257,INFO,payment-service,User authenticated,353,200,False
2026-05-11 20:38:06.978257,INFO,inventory-service,Request processed successfully,246,200,False
2026-05-11 20:38:47.978257,INFO,api-gateway,Cache hit for key,236,201,False
2026-05-11 20:48:15.978257,INFO,api-gateway,Health check passed,198,200,False
2026-05-11 20:50:30.978257,INFO,inventory-service,Order status updated,243,200,False
2026-05-11 20:53:15.978257,ERROR,inventory-service,Unhandled exception in request pipeline,3949,500,True
2026-05-11 21:01:03.978257,INFO,api-gateway,Database query executed in 112ms,112,201,False
2026-05-11 21:07:15.978257,WARNING,payment-service,User authenticated,142,201,False
2026-05-11 21:07:19.978257,INFO,api-gateway,Database query executed in 201ms,201,201,False
2026-05-11 21:09:04.978257,WARNING,api-gateway,Health check passed,58,201,False
2026-05-11 21:09:41.978257,INFO,inventory-service,Cache hit for key,197,200,False
2026-05-11 21:12:16.978257,WARNING,payment-service,Database query executed in 250ms,250,200,False
2026-05-11 21:16:31.978257,WARNING,inventory-service,Request processed successfully,310,200,False
2026-05-11 21:17:18.978257,WARNING,auth-service,Cache hit for key,302,201,False
2026-05-11 21:17:30.978257,INFO,inventory-service,Health check passed,201,200,False
2026-05-11 21:29:02.978257,WARNING,notification-service,Session created for user,387,200,False
2026-05-11 21:32:21.978257,WARNING,payment-service,Health check passed,170,201,False
2026-05-11 21:35:12.978257,ERROR,auth-service,Service unreachable after 3 retries,7134,503,True
2026-05-11 21:35:25.978257,ERROR,api-gateway,Database connection pool exhausted,4728,503,True
2026-05-11 21:45:52.978257,WARNING,api-gateway,Health check passed,84,201,False
2026-05-11 21:47:16.978257,INFO,notification-service,Database query executed in 354ms,354,201,False
2026-05-11 21:54:58.978257,INFO,notification-service,Health check passed,484,200,False
2026-05-11 21:56:15.978257,WARNING,api-gateway,Order status updated,434,201,False
2026-05-11 21:57:16.978257,INFO,payment-service,Request processed successfully,424,200,False
2026-05-11 22:07:22.978257,INFO,auth-service,Order status updated,467,200,False
2026-05-11 22:20:36.978257,INFO,auth-service,Order status updated,463,200,False
2026-05-11 22:23:44.978257,WARNING,payment-service,Order status updated,113,200,False
2026-05-11 22:27:09.978257,INFO,notification-service,Session created for user,291,201,False
2026-05-11 22:31:03.978257,INFO,payment-service,Order status updated,468,200,False
2026-05-11 22:31:45.978257,INFO,auth-service,Health check passed,271,201,False
2026-05-11 22:32:46.978257,INFO,auth-service,Health check passed,230,201,False
2026-05-11 22:33:49.978257,INFO,notification-service,User authenticated,345,201,False
2026-05-11 22:34:52.978257,CRITICAL,auth-service,Database connection pool exhausted,4039,502,True
2026-05-11 22:37:24.978257,INFO,payment-service,Request processed successfully,281,200,False
2026-05-11 22:39:10.978257,INFO,inventory-service,User authenticated,360,201,False
2026-05-11 22:40:09.978257,WARNING,inventory-service,User authenticated,159,201,False
2026-05-11 22:41:06.978257,WARNING,payment-service,Database query executed in 119ms,119,201,False
2026-05-11 22:47:29.978257,WARNING,notification-service,Session created for user,219,200,False
2026-05-11 22:54:38.978257,INFO,auth-service,User authenticated,275,201,False
2026-05-11 22:56:54.978257,WARNING,auth-service,Request processed successfully,162,201,False
2026-05-11 22:57:10.978257,INFO,inventory-service,Session created for user,335,201,False
2026-05-11 22:58:54.978257,WARNING,auth-service,Cache hit for key,195,200,False
2026-05-11 23:00:49.978257,INFO,auth-service,Session created for user,427,201,False
2026-05-11 23:04:41.978257,INFO,api-gateway,Session created for user,139,201,False
2026-05-11 23:08:00.978257,INFO,payment-service,Order status updated,337,201,False
2026-05-11 23:11:22.978257,INFO,api-gateway,Request processed successfully,217,200,False
2026-05-11 23:19:40.978257,INFO,payment-service,Session created for user,498,201,False
2026-05-11 23:27:52.978257,ERROR,notification-service,Unhandled exception in request pipeline,6161,502,True
2026-05-11 23:29:03.978257,WARNING,inventory-service,User authenticated,151,200,False
2026-05-11 23:36:04.978257,INFO,payment-service,Order status updated,223,201,False
2026-05-11 23:39:28.978257,ERROR,api-gateway,Database connection pool exhausted,2601,500,True
2026-05-11 23:40:02.978257,WARNING,notification-service,Request processed successfully,330,200,False
2026-05-11 23:40:19.978257,WARNING,api-gateway,Session created for user,306,201,False
2026-05-11 23:49:00.978257,CRITICAL,inventory-service,Connection timeout after 4781ms,4781,502,True
2026-05-11 23:52:01.978257,INFO,api-gateway,Order status updated,287,200,False
2026-05-11 23:52:34.978257,INFO,auth-service,Cache hit for key,344,200,False
2026-05-11 23:54:32.978257,WARNING,notification-service,Health check passed,102,200,False
2026-05-11 23:54:38.978257,WARNING,auth-service,Session created for user,291,200,False
2026-05-12 00:01:07.978257,WARNING,inventory-service,Session created for user,253,201,False
2026-05-12 00:11:29.978257,WARNING,notification-service,Health check passed,268,200,False
2026-05-12 00:18:32.978257,INFO,inventory-service,Order status updated,345,201,False
2026-05-12 00:20:40.978257,INFO,api-gateway,Database query executed in 80ms,80,200,False
2026-05-12 00:21:12.978257,ERROR,inventory-service,Database connection pool exhausted,3477,500,True
2026-05-12 00:21:42.978257,WARNING,notification-service,Order status updated,106,201,False
2026-05-12 00:30:54.978257,WARNING,payment-service,Database query executed in 141ms,141,201,False
2026-05-12 00:31:03.978257,WARNING,payment-service,Request processed successfully,363,201,False
2026-05-12 00:35:54.978257,INFO,payment-service,Health check passed,325,201,False
2026-05-12 00:41:58.978257,INFO,inventory-service,Cache hit for key,117,201,False
2026-05-12 00:53:52.978257,INFO,api-gateway,Health check passed,321,200,False
2026-05-12 00:58:44.978257,CRITICAL,inventory-service,Memory usage exceeded threshold,5244,502,True
2026-05-12 00:59:26.978257,WARNING,notification-service,Order status updated,256,200,False
2026-05-12 01:06:31.978257,WARNING,payment-service,Database query executed in 338ms,338,201,False
2026-05-12 01:06:46.978257,INFO,inventory-service,User authenticated,438,200,False
2026-05-12 01:19:15.978257,INFO,inventory-service,Database query executed in 448ms,448,200,False
2026-05-12 01:23:33.978257,WARNING,api-gateway,Cache hit for key,89,201,False
2026-05-12 01:23:56.978257,INFO,notification-service,Database query executed in 316ms,316,200,False
2026-05-12 01:25:31.978257,INFO,payment-service,Session created for user,145,201,False
2026-05-12 01:26:16.978257,WARNING,payment-service,User authenticated,492,201,False
2026-05-12 01:26:44.978257,INFO,notification-service,Request processed successfully,61,201,False
2026-05-12 01:29:56.978257,INFO,inventory-service,Health check passed,380,200,False
2026-05-12 01:32:28.978257,WARNING,api-gateway,Database query executed in 355ms,355,200,False
2026-05-12 01:32:41.978257,WARNING,api-gateway,Database query executed in 288ms,288,201,False
2026-05-12 01:40:11.978257,INFO,payment-service,User authenticated,277,201,False
2026-05-12 01:43:17.978257,INFO,notification-service,Request processed successfully,441,200,False
2026-05-12 01:46:55.978257,INFO,auth-service,Health check passed,204,200,False
2026-05-12 01:50:00.978257,INFO,inventory-service,Request processed successfully,134,200,False
2026-05-12 02:02:18.978257,WARNING,inventory-service,Order status updated,72,201,False
2026-05-12 02:10:13.978257,INFO,api-gateway,Cache hit for key,440,200,False
2026-05-12 02:10:28.978257,WARNING,api-gateway,Session created for user,285,201,False
2026-05-12 02:14:35.978257,INFO,inventory-service,Order status updated,60,200,False
2026-05-12 02:17:11.978257,INFO,api-gateway,Cache hit for key,392,200,False
2026-05-12 02:19:21.978257,INFO,api-gateway,Cache hit for key,352,200,False
2026-05-12 02:25:46.978257,ERROR,auth-service,Memory usage exceeded threshold,8318,503,True
2026-05-12 02:25:56.978257,INFO,notification-service,Order status updated,62,200,False
2026-05-12 02:31:54.978257,WARNING,auth-service,Database query executed in 162ms,162,200,False
2026-05-12 02:32:02.978257,WARNING,inventory-service,Health check passed,192,201,False
2026-05-12 02:44:05.978257,INFO,payment-service,User authenticated,65,201,False
2026-05-12 02:48:12.978257,WARNING,notification-service,Request processed successfully,188,200,False
2026-05-12 02:48:37.978257,WARNING,api-gateway,Order status updated,409,200,False
2026-05-12 03:07:27.978257,WARNING,notification-service,Request processed successfully,415,200,False
2026-05-12 03:18:24.978257,INFO,inventory-service,User authenticated,308,201,False
2026-05-12 03:20:26.978257,WARNING,inventory-service,Session created for user,398,201,False
2026-05-12 03:29:39.978257,INFO,inventory-service,Session created for user,398,200,False
2026-05-12 03:33:43.978257,WARNING,auth-service,Order status updated,292,201,False
2026-05-12 03:40:13.978257,INFO,inventory-service,Cache hit for key,197,200,False
2026-05-12 03:42:40.978257,INFO,inventory-service,Cache hit for key,73,201,False
2026-05-12 03:42:56.978257,WARNING,api-gateway,Cache hit for key,116,200,False
2026-05-12 03:46:06.978257,WARNING,inventory-service,Cache hit for key,285,200,False
2026-05-12 03:48:26.978257,WARNING,inventory-service,Request processed successfully,383,200,False
2026-05-12 03:49:31.978257,WARNING,inventory-service,User authenticated,409,200,False
2026-05-12 03:53:08.978257,ERROR,payment-service,Unhandled exception in request pipeline,8034,503,True
2026-05-12 04:06:28.978257,INFO,inventory-service,Request processed successfully,206,201,False
2026-05-12 04:06:47.978257,INFO,payment-service,Order status updated,470,201,False
2026-05-12 04:08:00.978257,INFO,api-gateway,User authenticated,323,201,False
2026-05-12 04:08:43.978257,WARNING,notification-service,Request processed successfully,107,201,False
2026-05-12 04:10:34.978257,WARNING,api-gateway,Database query executed in 414ms,414,201,False
2026-05-12 04:11:24.978257,INFO,api-gateway,Cache hit for key,197,200,False
2026-05-12 04:24:32.978257,WARNING,payment-service,Session created for user,239,200,False
2026-05-12 04:29:43.978257,INFO,notification-service,Cache hit for key,370,200,False
2026-05-12 04:39:04.978257,INFO,payment-service,User authenticated,399,200,False
2026-05-12 04:46:42.978257,WARNING,payment-service,Health check passed,180,200,False
2026-05-12 04:47:18.978257,INFO,inventory-service,User authenticated,413,200,False
2026-05-12 04:51:16.978257,WARNING,notification-service,Order status updated,376,200,False
2026-05-12 04:53:06.978257,INFO,payment-service,Session created for user,252,201,False
2026-05-12 04:53:21.978257,WARNING,notification-service,Session created for user,200,200,False
2026-05-12 04:56:41.978257,INFO,inventory-service,Health check passed,386,201,False
2026-05-12 04:56:41.978257,WARNING,notification-service,User authenticated,490,201,False
2026-05-12 05:01:30.978257,WARNING,auth-service,Request processed successfully,340,200,False
2026-05-12 05:08:39.978257,INFO,api-gateway,Order status updated,253,200,False
2026-05-12 05:25:33.978257,INFO,auth-service,Order status updated,90,201,False
2026-05-12 05:29:03.978257,WARNING,api-gateway,Health check passed,426,200,False
2026-05-12 05:30:13.978257,INFO,auth-service,Database query executed in 70ms,70,200,False
2026-05-12 05:30:39.978257,WARNING,inventory-service,User authenticated,364,200,False
2026-05-12 05:36:48.978257,WARNING,notification-service,Session created for user,271,201,False
2026-05-12 05:48:43.978257,INFO,api-gateway,Request processed successfully,152,200,False
2026-05-12 05:59:46.978257,INFO,notification-service,Database query executed in 84ms,84,201,False
2026-05-12 06:07:43.978257,WARNING,inventory-service,Database query executed in 88ms,88,200,False
2026-05-12 06:08:21.978257,WARNING,api-gateway,Database query executed in 279ms,279,201,False
2026-05-12 06:09:43.978257,INFO,payment-service,Session created for user,402,201,False
2026-05-12 06:17:43.978257,INFO,notification-service,Request processed successfully,366,201,False
2026-05-12 06:23:35.978257,WARNING,notification-service,Cache hit for key,471,201,False
2026-05-12 06:24:07.978257,ERROR,inventory-service,Memory usage exceeded threshold,4181,503,True
2026-05-12 06:25:14.978257,WARNING,auth-service,Database query executed in 347ms,347,200,False
2026-05-12 06:26:19.978257,WARNING,payment-service,Session created for user,414,201,False
2026-05-12 06:28:08.978257,WARNING,api-gateway,Database query executed in 474ms,474,201,False
2026-05-12 06:31:17.978257,WARNING,api-gateway,Order status updated,264,201,False
2026-05-12 06:31:28.978257,INFO,inventory-service,Cache hit for key,451,201,False
2026-05-12 06:35:56.978257,WARNING,api-gateway,Session created for user,110,201,False
2026-05-12 06:37:22.978257,WARNING,api-gateway,Session created for user,56,201,False
2026-05-12 06:41:58.978257,WARNING,payment-service,Cache hit for key,145,200,False
2026-05-12 06:46:15.978257,INFO,inventory-service,Cache hit for key,154,201,False
2026-05-12 06:46:50.978257,INFO,payment-service,Database query executed in 172ms,172,201,False
2026-05-12 06:47:45.978257,WARNING,payment-service,Session created for user,365,201,False
2026-05-12 06:54:00.978257,INFO,notification-service,Session created for user,80,200,False
2026-05-12 06:54:38.978257,INFO,auth-service,User authenticated,239,201,False
2026-05-12 07:04:12.978257,INFO,inventory-service,Request processed successfully,364,201,False
2026-05-12 07:13:45.978257,WARNING,inventory-service,Cache hit for key,278,201,False
2026-05-12 07:14:29.978257,WARNING,payment-service,Database query executed in 404ms,404,200,False
2026-05-12 07:23:31.978257,WARNING,api-gateway,Health check passed,343,201,False
2026-05-12 07:25:40.978257,WARNING,auth-service,Cache hit for key,104,201,False
2026-05-12 07:28:24.978257,WARNING,payment-service,Health check passed,325,200,False
2026-05-12 07:31:58.978257,INFO,inventory-service,User authenticated,103,201,False
2026-05-12 07:35:53.978257,INFO,payment-service,Session created for user,382,201,False
2026-05-12 07:40:19.978257,WARNING,api-gateway,Session created for user,311,200,False
2026-05-12 07:46:25.978257,WARNING,notification-service,Request processed successfully,337,200,False
2026-05-12 07:46:31.978257,INFO,api-gateway,Database query executed in 287ms,287,200,False
2026-05-12 07:48:37.978257,CRITICAL,inventory-service,Database connection pool exhausted,2426,502,True
2026-05-12 07:49:25.978257,WARNING,auth-service,User authenticated,403,201,False
2026-05-12 07:53:58.978257,INFO,payment-service,Order status updated,122,200,False
2026-05-12 08:05:38.978257,INFO,notification-service,Order status updated,121,201,False
2026-05-12 08:07:55.978257,ERROR,auth-service,Database connection pool exhausted,6240,502,True
2026-05-12 08:08:47.978257,WARNING,payment-service,Cache hit for key,99,200,False
2026-05-12 08:09:05.978257,WARNING,inventory-service,Request processed successfully,166,200,False
2026-05-12 08:18:55.978257,WARNING,api-gateway,User authenticated,461,201,False
2026-05-12 08:23:53.978257,WARNING,inventory-service,Health check passed,66,201,False
2026-05-12 08:24:31.978257,WARNING,auth-service,User authenticated,199,201,False
2026-05-12 08:31:48.978257,WARNING,notification-service,Order status updated,285,201,False
2026-05-12 08:33:20.978257,CRITICAL,payment-service,Connection timeout after 3762ms,3762,502,True
2026-05-12 08:33:37.978257,INFO,notification-service,Cache hit for key,57,200,False
2026-05-12 08:40:18.978257,CRITICAL,api-gateway,Memory usage exceeded threshold,4201,502,True
2026-05-12 08:43:31.978257,INFO,notification-service,Cache hit for key,64,201,False
2026-05-12 08:46:39.978257,WARNING,api-gateway,Database query executed in 457ms,457,201,False
2026-05-12 08:46:53.978257,INFO,inventory-service,Cache hit for key,429,201,False
2026-05-12 08:55:06.978257,INFO,notification-service,Cache hit for key,185,201,False
2026-05-12 08:56:36.978257,WARNING,api-gateway,Cache hit for key,97,200,False
2026-05-12 08:59:54.978257,INFO,notification-service,Session created for user,275,200,False
2026-05-12 09:16:36.978257,INFO,notification-service,Database query executed in 445ms,445,200,False
2026-05-12 09:18:43.978257,INFO,payment-service,Order status updated,307,200,False
2026-05-12 09:20:57.978257,INFO,notification-service,Cache hit for key,212,200,False
2026-05-12 09:26:24.978257,INFO,inventory-service,Cache hit for key,172,201,False
2026-05-12 09:26:45.978257,INFO,inventory-service,Cache hit for key,476,201,False
2026-05-12 09:45:38.978257,INFO,notification-service,Order status updated,103,200,False
2026-05-12 09:48:52.978257,WARNING,api-gateway,Database query executed in 390ms,390,200,False
2026-05-12 09:51:29.978257,WARNING,payment-service,Health check passed,186,201,False
2026-05-12 09:53:47.978257,INFO,payment-service,User authenticated,488,201,False
2026-05-12 09:56:49.978257,INFO,payment-service,Order status updated,180,201,False
2026-05-12 09:57:04.978257,INFO,auth-service,Health check passed,424,200,False
2026-05-12 09:57:10.978257,WARNING,inventory-service,Cache hit for key,459,201,False
2026-05-12 10:07:01.978257,WARNING,inventory-service,Cache hit for key,182,201,False
2026-05-12 10:07:13.978257,WARNING,notification-service,Cache hit for key,210,201,False
2026-05-12 10:09:01.978257,INFO,notification-service,Order status updated,174,201,False
2026-05-12 10:09:08.978257,INFO,notification-service,Cache hit for key,340,201,False
2026-05-12 10:10:07.978257,CRITICAL,inventory-service,Connection timeout after 7207ms,7207,502,True
2026-05-12 10:21:38.978257,WARNING,notification-service,User authenticated,452,201,False
2026-05-12 10:26:54.978257,CRITICAL,payment-service,Unhandled exception in request pipeline,4693,502,True
2026-05-12 10:31:42.978257,INFO,notification-service,Health check passed,345,201,False
2026-05-12 10:33:29.978257,WARNING,payment-service,Order status updated,125,201,False
2026-05-12 10:34:19.978257,INFO,auth-service,Health check passed,315,200,False
2026-05-12 10:36:30.978257,INFO,payment-service,Cache hit for key,489,201,False
2026-05-12 10:45:02.978257,WARNING,api-gateway,Request processed successfully,329,200,False
2026-05-12 10:45:37.978257,INFO,auth-service,Database query executed in 258ms,258,201,False
2026-05-12 10:52:44.978257,WARNING,inventory-service,Health check passed,380,201,False
2026-05-12 10:52:48.978257,INFO,api-gateway,Request processed successfully,446,200,False
2026-05-12 11:07:35.978257,INFO,payment-service,Health check passed,171,201,False
2026-05-12 11:07:58.978257,INFO,inventory-service,Cache hit for key,227,201,False
2026-05-12 11:08:08.978257,WARNING,auth-service,Session created for user,227,201,False
2026-05-12 11:12:54.978257,WARNING,inventory-service,Request processed successfully,259,201,False
2026-05-12 11:15:50.978257,WARNING,inventory-service,Health check passed,247,200,False
2026-05-12 11:19:34.978257,WARNING,api-gateway,Order status updated,440,201,False
2026-05-12 11:24:26.978257,WARNING,api-gateway,Order status updated,332,201,False
2026-05-12 11:25:11.978257,INFO,notification-service,Health check passed,322,200,False
2026-05-12 11:25:19.978257,INFO,auth-service,Request processed successfully,193,200,False
2026-05-12 11:25:53.978257,INFO,api-gateway,Order status updated,198,201,False
2026-05-12 11:38:48.978257,INFO,api-gateway,Order status updated,243,200,False
2026-05-12 11:42:20.978257,INFO,inventory-service,Session created for user,102,200,False
2026-05-12 11:47:45.978257,INFO,inventory-service,Database query executed in 465ms,465,200,False
2026-05-12 11:55:13.978257,WARNING,api-gateway,Order status updated,297,200,False
2026-05-12 12:00:23.978257,WARNING,api-gateway,Order status updated,432,200,False
2026-05-12 12:05:25.978257,WARNING,api-gateway,Request processed successfully,97,200,False
2026-05-12 12:10:00.978257,WARNING,notification-service,User authenticated,170,201,False
2026-05-12 12:16:19.978257,INFO,inventory-service,Session created for user,222,201,False
2026-05-12 12:18:49.978257,WARNING,notification-service,Order status updated,137,201,False
2026-05-12 12:21:32.978257,INFO,payment-service,User authenticated,372,201,False
2026-05-12 12:29:35.978257,INFO,payment-service,User authenticated,193,200,False
2026-05-12 12:32:55.978257,INFO,api-gateway,Request processed successfully,247,201,False
2026-05-12 12:42:58.978257,INFO,payment-service,Order status updated,55,201,False
2026-05-12 12:44:29.978257,WARNING,api-gateway,User authenticated,311,201,False
2026-05-12 12:46:38.978257,WARNING,api-gateway,Session created for user,354,201,False
2026-05-12 12:47:46.978257,INFO,api-gateway,Health check passed,369,200,False
2026-05-12 12:48:06.978257,WARNING,inventory-service,Request processed successfully,455,200,False
2026-05-12 12:54:05.978257,WARNING,notification-service,Database query executed in 213ms,213,200,False
2026-05-12 12:54:14.978257,WARNING,notification-service,Cache hit for key,218,201,False
2026-05-12 12:55:08.978257,WARNING,notification-service,Health check passed,171,200,False
2026-05-12 13:02:26.978257,INFO,auth-service,Session created for user,339,200,False
2026-05-12 13:02:54.978257,INFO,inventory-service,Session created for user,235,200,False
2026-05-12 13:07:16.978257,WARNING,inventory-service,User authenticated,380,201,False
2026-05-12 13:11:53.978257,INFO,notification-service,Cache hit for key,111,200,False
2026-05-12 13:23:08.978257,WARNING,inventory-service,Session created for user,282,200,False
2026-05-12 13:24:17.978257,WARNING,api-gateway,Request processed successfully,465,200,False
2026-05-12 13:31:05.978257,INFO,payment-service,Session created for user,280,201,False
2026-05-12 13:40:06.978257,WARNING,payment-service,User authenticated,317,201,False
2026-05-12 13:45:23.978257,WARNING,api-gateway,User authenticated,436,200,False
2026-05-12 13:47:18.978257,INFO,inventory-service,Order status updated,119,200,False
2026-05-12 13:49:41.978257,INFO,auth-service,Session created for user,115,201,False
2026-05-12 13:55:01.978257,INFO,notification-service,Database query executed in 204ms,204,201,False
2026-05-12 13:57:00.978257,WARNING,inventory-service,Database query executed in 84ms,84,200,False
2026-05-12 14:01:29.978257,INFO,api-gateway,Database query executed in 203ms,203,200,False
2026-05-12 14:06:45.978257,WARNING,auth-service,Order status updated,451,200,False
2026-05-12 14:11:29.978257,CRITICAL,api-gateway,Service unreachable after 3 retries,2040,503,True
2026-05-12 14:16:06.978257,INFO,notification-service,Cache hit for key,298,200,False
2026-05-12 14:18:49.978257,WARNING,inventory-service,Cache hit for key,92,201,False
2026-05-12 14:20:05.978257,INFO,inventory-service,Database query executed in 474ms,474,201,False
2026-05-12 14:21:30.978257,INFO,api-gateway,Session created for user,333,200,False
2026-05-12 14:29:51.978257,CRITICAL,inventory-service,Memory usage exceeded threshold,5354,503,True
2026-05-12 14:35:25.978257,WARNING,notification-service,Cache hit for key,183,200,False
2026-05-12 14:38:56.978257,INFO,inventory-service,Database query executed in 88ms,88,200,False
2026-05-12 14:39:57.978257,INFO,payment-service,Request processed successfully,391,200,False
2026-05-12 14:42:09.978257,INFO,inventory-service,Session created for user,384,201,False
2026-05-12 14:47:47.978257,INFO,notification-service,Health check passed,449,200,False
2026-05-12 14:56:06.978257,WARNING,inventory-service,Database query executed in 344ms,344,200,False
2026-05-12 14:57:53.978257,WARNING,auth-service,Health check passed,463,200,False
2026-05-12 14:58:41.978257,WARNING,payment-service,Session created for user,114,200,False
2026-05-12 15:00:32.978257,WARNING,auth-service,User authenticated,83,200,False
2026-05-12 15:04:56.978257,INFO,api-gateway,Database query executed in 279ms,279,200,False
2026-05-12 15:07:14.978257,WARNING,api-gateway,User authenticated,311,200,False
2026-05-12 15:11:25.978257,ERROR,auth-service,Unhandled exception in request pipeline,2481,502,True
2026-05-12 15:25:00.978257,INFO,inventory-service,Session created for user,158,201,False
2026-05-12 15:26:32.978257,INFO,notification-service,Order status updated,81,200,False
2026-05-12 15:28:32.978257,WARNING,payment-service,Database query executed in 398ms,398,200,False
2026-05-12 15:30:51.978257,INFO,inventory-service,User authenticated,297,200,False
2026-05-12 15:34:56.978257,INFO,payment-service,Database query executed in 284ms,284,201,False
2026-05-12 15:36:45.978257,INFO,notification-service,Order status updated,192,201,False
2026-05-12 15:36:52.978257,INFO,notification-service,Health check passed,142,200,False
2026-05-12 15:39:50.978257,CRITICAL,payment-service,Memory usage exceeded threshold,2175,502,True
2026-05-12 15:43:19.978257,INFO,api-gateway,Request processed successfully,258,201,False
2026-05-12 15:44:13.978257,WARNING,inventory-service,Session created for user,191,201,False
2026-05-12 15:46:13.978257,WARNING,api-gateway,User authenticated,335,201,False
2026-05-12 15:47:37.978257,CRITICAL,auth-service,Memory usage exceeded threshold,4604,500,True
2026-05-12 15:49:34.978257,WARNING,payment-service,Order status updated,460,200,False
2026-05-12 15:50:23.978257,INFO,auth-service,Health check passed,351,200,False
2026-05-12 16:01:40.978257,WARNING,notification-service,Database query executed in 109ms,109,200,False
2026-05-12 16:06:40.978257,WARNING,inventory-service,Database query executed in 395ms,395,201,False
2026-05-12 16:09:10.978257,WARNING,api-gateway,Session created for user,80,201,False
2026-05-12 16:21:13.978257,WARNING,notification-service,Order status updated,221,201,False
2026-05-12 16:25:12.978257,WARNING,notification-service,Request processed successfully,386,200,False
2026-05-12 16:27:01.978257,WARNING,inventory-service,Health check passed,309,201,False
2026-05-12 16:33:33.978257,INFO,payment-service,User authenticated,113,200,False
2026-05-12 16:36:19.978257,INFO,payment-service,Request processed successfully,322,200,False
2026-05-12 16:53:44.978257,INFO,inventory-service,Cache hit for key,58,200,False
2026-05-12 16:53:49.978257,WARNING,payment-service,Request processed successfully,173,201,False
2026-05-12 16:56:48.978257,WARNING,notification-service,Order status updated,159,201,False
2026-05-12 17:00:01.978257,CRITICAL,api-gateway,Memory usage exceeded threshold,5685,503,True
2026-05-12 17:05:44.978257,INFO,api-gateway,Health check passed,397,200,False
2026-05-12 17:07:04.978257,WARNING,notification-service,Order status updated,457,201,False
2026-05-12 17:07:45.978257,INFO,payment-service,Database query executed in 360ms,360,201,False
2026-05-12 17:16:21.978257,INFO,inventory-service,Cache hit for key,152,200,False
2026-05-12 17:16:33.978257,INFO,inventory-service,Health check passed,211,200,False
2026-05-12 17:19:59.978257,CRITICAL,payment-service,Connection timeout after 7435ms,7435,500,True
2026-05-12 17:19:59.978257,WARNING,payment-service,Request processed successfully,399,201,False
2026-05-12 17:28:41.978257,WARNING,auth-service,Order status updated,336,201,False
2026-05-12 17:34:03.978257,WARNING,api-gateway,Health check passed,138,201,False
2026-05-12 17:40:42.978257,WARNING,api-gateway,Cache hit for key,97,200,False
2026-05-12 17:43:51.978257,WARNING,api-gateway,Session created for user,290,201,False
2026-05-12 17:51:13.978257,INFO,auth-service,Order status updated,143,201,False
2026-05-12 17:53:37.978257,WARNING,notification-service,Health check passed,160,201,False
2026-05-12 17:55:34.978257,WARNING,notification-service,Cache hit for key,477,200,False
2026-05-12 17:55:35.978257,INFO,api-gateway,Session created for user,441,201,False
2026-05-12 17:56:40.978257,WARNING,notification-service,Database query executed in 291ms,291,200,False
2026-05-12 17:59:54.978257,WARNING,payment-service,Cache hit for key,88,201,False
2026-05-12 18:01:40.978257,WARNING,inventory-service,Database query executed in 191ms,191,201,False
2026-05-12 18:02:39.978257,INFO,inventory-service,Health check passed,163,201,False
2026-05-12 18:04:04.978257,WARNING,payment-service,User authenticated,174,200,False
2026-05-12 18:06:47.978257,ERROR,auth-service,Service unreachable after 3 retries,2462,500,True
2026-05-12 18:07:45.978257,WARNING,notification-service,User authenticated,266,201,False
2026-05-12 18:08:06.978257,CRITICAL,auth-service,Database connection pool exhausted,3566,503,True
2026-05-12 18:15:46.978257,CRITICAL,auth-service,Service unreachable after 3 retries,4299,500,True
2026-05-12 18:20:50.978257,ERROR,payment-service,Unhandled exception in request pipeline,4822,500,True
2026-05-12 18:21:06.978257,INFO,notification-service,User authenticated,169,201,False
2026-05-12 18:27:08.978257,WARNING,notification-service,Request processed successfully,212,201,False
2026-05-12 18:29:47.978257,WARNING,api-gateway,Health check passed,182,200,False
2026-05-12 18:36:18.978257,WARNING,auth-service,Cache hit for key,183,200,False
2026-05-12 18:37:37.978257,INFO,notification-service,Database query executed in 386ms,386,200,False
2026-05-12 18:38:43.978257,WARNING,api-gateway,User authenticated,244,200,False
2026-05-12 18:38:57.978257,INFO,api-gateway,Health check passed,117,200,False
2026-05-12 18:45:07.978257,INFO,auth-service,Cache hit for key,259,201,False
2026-05-12 18:49:24.978257,INFO,notification-service,Session created for user,136,201,False
2026-05-12 18:55:17.978257,INFO,inventory-service,User authenticated,258,200,False
2026-05-12 18:59:05.978257,INFO,payment-service,Order status updated,69,201,False
2026-05-12 19:01:23.978257,INFO,auth-service,Request processed successfully,369,201,False
2026-05-12 19:02:19.978257,WARNING,notification-service,Order status updated,59,200,False
2026-05-12 19:13:55.978257,WARNING,api-gateway,User authenticated,300,201,False
2026-05-12 19:16:57.978257,WARNING,auth-service,Health check passed,459,201,False
2026-05-12 19:31:18.978257,WARNING,api-gateway,Database query executed in 86ms,86,201,False
2026-05-12 19:32:13.978257,WARNING,payment-service,Session created for user,209,200,False
2026-05-12 19:39:49.978257,WARNING,payment-service,User authenticated,500,201,False
2026-05-12 19:44:21.978257,WARNING,auth-service,Health check passed,416,200,False
2026-05-12 19:45:06.978257,WARNING,notification-service,Database query executed in 197ms,197,200,False
2026-05-12 19:48:50.978257,WARNING,auth-service,Database query executed in 287ms,287,200,False
2026-05-12 19:49:22.978257,WARNING,auth-service,Order status updated,427,201,False
2026-05-12 19:56:36.978257,ERROR,payment-service,Service unreachable after 3 retries,6455,503,True
2026-05-12 20:17:01.978257,WARNING,payment-service,Database query executed in 171ms,171,200,False
2026-05-12 20:23:30.978257,WARNING,auth-service,Order status updated,422,200,False
2026-05-12 20:27:28.978257,INFO,inventory-service,Health check passed,493,200,False
2026-05-12 20:44:31.978257,WARNING,notification-service,Session created for user,440,201,False
2026-05-12 20:51:18.978257,WARNING,auth-service,Session created for user,69,200,False
2026-05-12 20:56:12.978257,WARNING,notification-service,Health check passed,415,200,False
2026-05-12 20:59:32.978257,INFO,payment-service,User authenticated,473,200,False
2026-05-12 21:01:31.978257,WARNING,notification-service,User authenticated,330,201,False
2026-05-12 21:02:50.978257,INFO,auth-service,Order status updated,401,201,False
2026-05-12 21:03:31.978257,WARNING,inventory-service,Database query executed in 392ms,392,201,False
2026-05-12 21:11:13.978257,INFO,api-gateway,Request processed successfully,267,201,False
2026-05-12 21:14:51.978257,WARNING,notification-service,Request processed successfully,490,200,False
2026-05-12 21:15:37.978257,WARNING,payment-service,Database query executed in 72ms,72,200,False
2026-05-12 21:25:13.978257,WARNING,api-gateway,User authenticated,350,200,False
2026-05-12 21:27:19.978257,INFO,api-gateway,Request processed successfully,323,201,False
2026-05-12 21:27:32.978257,WARNING,api-gateway,Request processed successfully,298,201,False
2026-05-12 21:42:11.978257,WARNING,inventory-service,Database query executed in 235ms,235,200,False
2026-05-12 21:45:54.978257,ERROR,payment-service,Connection timeout after 8680ms,8680,503,True
2026-05-12 21:47:42.978257,WARNING,auth-service,Order status updated,167,201,False
2026-05-12 21:51:49.978257,WARNING,payment-service,Session created for user,339,200,False
2026-05-12 21:52:56.978257,INFO,inventory-service,Session created for user,214,201,False
2026-05-12 22:08:12.978257,CRITICAL,api-gateway,Connection timeout after 6283ms,6283,502,True
2026-05-12 22:15:47.978257,INFO,api-gateway,User authenticated,385,201,False
2026-05-12 22:18:30.978257,INFO,auth-service,Order status updated,226,200,False
2026-05-12 22:22:59.978257,INFO,inventory-service,Database query executed in 449ms,449,200,False
2026-05-12 22:26:46.978257,WARNING,auth-service,Health check passed,181,201,False
2026-05-12 22:31:36.978257,INFO,auth-service,User authenticated,123,200,False
2026-05-12 22:32:40.978257,WARNING,notification-service,Cache hit for key,330,200,False
2026-05-12 22:36:53.978257,INFO,auth-service,Cache hit for key,166,201,False
2026-05-12 22:46:28.978257,CRITICAL,api-gateway,Memory usage exceeded threshold,8287,500,True
2026-05-12 22:47:16.978257,WARNING,auth-service,User authenticated,467,200,False
2026-05-12 22:50:49.978257,INFO,inventory-service,Request processed successfully,84,201,False
2026-05-12 22:51:12.978257,WARNING,inventory-service,Session created for user,236,200,False
2026-05-12 22:51:31.978257,INFO,inventory-service,Session created for user,312,200,False
2026-05-12 22:55:29.978257,INFO,inventory-service,Cache hit for key,291,200,False
2026-05-12 22:55:38.978257,WARNING,api-gateway,Health check passed,57,200,False
2026-05-12 22:58:35.978257,WARNING,api-gateway,Cache hit for key,165,201,False
2026-05-12 22:59:57.978257,WARNING,inventory-service,User authenticated,56,201,False
2026-05-12 23:02:33.978257,ERROR,payment-service,Unhandled exception in request pipeline,2630,502,True
2026-05-12 23:02:58.978257,INFO,notification-service,Cache hit for key,75,200,False
2026-05-12 23:03:01.978257,WARNING,inventory-service,Order status updated,371,200,False
2026-05-12 23:08:19.978257,INFO,api-gateway,Order status updated,271,201,False
2026-05-12 23:12:38.978257,WARNING,payment-service,Database query executed in 469ms,469,201,False
2026-05-12 23:15:25.978257,WARNING,api-gateway,Request processed successfully,157,200,False
2026-05-12 23:16:16.978257,INFO,payment-service,Health check passed,337,200,False
2026-05-12 23:17:38.978257,WARNING,payment-service,Order status updated,322,201,False
2026-05-12 23:21:11.978257,WARNING,auth-service,Session created for user,299,200,False
2026-05-12 23:23:50.978257,INFO,api-gateway,Database query executed in 253ms,253,201,False
2026-05-12 23:34:17.978257,WARNING,notification-service,Health check passed,463,200,False
2026-05-12 23:34:57.978257,WARNING,payment-service,Database query executed in 241ms,241,201,False
2026-05-12 23:35:21.978257,WARNING,inventory-service,User authenticated,100,201,False
2026-05-12 23:36:46.978257,INFO,api-gateway,User authenticated,123,201,False
2026-05-12 23:42:30.978257,INFO,auth-service,Order status updated,54,200,False
2026-05-12 23:53:31.978257,WARNING,inventory-service,Cache hit for key,228,200,False
2026-05-13 00:01:59.978257,INFO,auth-service,Cache hit for key,429,201,False
2026-05-13 00:08:12.978257,INFO,payment-service,Health check passed,356,201,False
2026-05-13 00:09:39.978257,INFO,notification-service,Health check passed,210,200,False
2026-05-13 00:15:50.978257,WARNING,api-gateway,Cache hit for key,380,200,False
2026-05-13 00:22:15.978257,INFO,payment-service,User authenticated,399,200,False
2026-05-13 00:23:46.978257,INFO,inventory-service,Order status updated,145,200,False
2026-05-13 00:26:25.978257,INFO,auth-service,Health check passed,474,201,False
2026-05-13 00:41:06.978257,WARNING,api-gateway,Database query executed in 423ms,423,201,False
2026-05-13 00:48:11.978257,CRITICAL,auth-service,Unhandled exception in request pipeline,7070,500,True
2026-05-13 01:01:51.978257,WARNING,notification-service,Order status updated,263,200,False
2026-05-13 01:09:50.978257,INFO,notification-service,Cache hit for key,245,201,False
2026-05-13 01:10:23.978257,ERROR,payment-service,Memory usage exceeded threshold,5284,502,True
2026-05-13 01:10:34.978257,ERROR,api-gateway,Connection timeout after 8819ms,8819,500,True
2026-05-13 01:11:58.978257,WARNING,payment-service,User authenticated,251,200,False
2026-05-13 01:13:03.978257,WARNING,inventory-service,Order status updated,91,200,False
2026-05-13 01:16:00.978257,INFO,notification-service,Session created for user,250,200,False
2026-05-13 01:21:03.978257,INFO,auth-service,Request processed successfully,394,201,False
2026-05-13 01:29:53.978257,INFO,payment-service,Cache hit for key,55,201,False
2026-05-13 01:30:30.978257,INFO,notification-service,Order status updated,247,200,False
2026-05-13 01:31:07.978257,INFO,auth-service,Request processed successfully,139,201,False
2026-05-13 01:34:02.978257,WARNING,payment-service,Cache hit for key,292,201,False
2026-05-13 01:34:04.978257,INFO,auth-service,Request processed successfully,186,201,False
2026-05-13 01:37:47.978257,WARNING,auth-service,Health check passed,180,200,False
2026-05-13 01:42:03.978257,WARNING,notification-service,Session created for user,300,201,False
2026-05-13 01:48:43.978257,WARNING,notification-service,Session created for user,342,200,False
2026-05-13 01:51:48.978257,WARNING,inventory-service,Cache hit for key,62,201,False
2026-05-13 01:59:48.978257,CRITICAL,inventory-service,Connection timeout after 7399ms,7399,503,True
2026-05-13 02:02:12.978257,INFO,api-gateway,User authenticated,409,201,False
2026-05-13 02:19:19.978257,CRITICAL,notification-service,Connection timeout after 7070ms,7070,502,True
2026-05-13 02:20:02.978257,INFO,auth-service,User authenticated,384,200,False
2026-05-13 02:21:55.978257,INFO,notification-service,Request processed successfully,102,201,False
2026-05-13 02:23:25.978257,INFO,payment-service,Request processed successfully,418,200,False
2026-05-13 02:24:54.978257,WARNING,auth-service,Database query executed in 182ms,182,200,False
2026-05-13 02:25:16.978257,INFO,inventory-service,Order status updated,132,201,False
2026-05-13 02:26:01.978257,WARNING,api-gateway,User authenticated,150,201,False
2026-05-13 02:40:55.978257,INFO,api-gateway,Session created for user,96,200,False
2026-05-13 02:41:45.978257,INFO,auth-service,Cache hit for key,65,201,False
2026-05-13 02:49:11.978257,WARNING,api-gateway,Session created for user,267,201,False
2026-05-13 02:59:55.978257,CRITICAL,api-gateway,Connection timeout after 2418ms,2418,503,True
2026-05-13 03:05:47.978257,WARNING,auth-service,Database query executed in 122ms,122,200,False
2026-05-13 03:19:15.978257,INFO,api-gateway,Cache hit for key,364,201,False
2026-05-13 03:29:10.978257,ERROR,inventory-service,Connection timeout after 8749ms,8749,502,True
2026-05-13 03:39:53.978257,INFO,auth-service,Health check passed,255,200,False
2026-05-13 03:46:18.978257,WARNING,api-gateway,Database query executed in 452ms,452,200,False
2026-05-13 03:47:42.978257,INFO,payment-service,Request processed successfully,390,200,False
2026-05-13 03:49:10.978257,WARNING,inventory-service,Health check passed,173,200,False
2026-05-13 03:52:03.978257,INFO,inventory-service,User authenticated,474,201,False
2026-05-13 03:52:10.978257,ERROR,payment-service,Connection timeout after 5474ms,5474,503,True
2026-05-13 03:56:46.978257,INFO,inventory-service,Order status updated,298,201,False
2026-05-13 03:59:00.978257,INFO,payment-service,Session created for user,84,200,False
2026-05-13 04:00:04.978257,INFO,notification-service,Order status updated,323,200,False
2026-05-13 04:01:15.978257,INFO,auth-service,User authenticated,153,200,False
2026-05-13 04:09:33.978257,INFO,notification-service,User authenticated,354,200,False
2026-05-13 04:09:55.978257,INFO,inventory-service,Session created for user,117,201,False
2026-05-13 04:12:42.978257,ERROR,payment-service,Memory usage exceeded threshold,8083,502,True
2026-05-13 04:15:54.978257,INFO,payment-service,Database query executed in 481ms,481,201,False
2026-05-13 04:19:01.978257,INFO,payment-service,Request processed successfully,182,201,False
2026-05-13 04:32:08.978257,INFO,notification-service,Order status updated,141,201,False
2026-05-13 04:43:41.978257,WARNING,inventory-service,Session created for user,68,200,False
2026-05-13 04:55:01.978257,INFO,payment-service,Cache hit for key,346,200,False
2026-05-13 04:58:08.978257,INFO,api-gateway,Order status updated,439,200,False
2026-05-13 05:00:34.978257,WARNING,api-gateway,Cache hit for key,82,200,False
2026-05-13 05:07:39.978257,INFO,api-gateway,User authenticated,458,201,False
2026-05-13 05:15:04.978257,INFO,notification-service,Order status updated,128,200,False
2026-05-13 05:21:10.978257,INFO,payment-service,Order status updated,388,200,False
2026-05-13 05:24:50.978257,WARNING,inventory-service,Database query executed in 360ms,360,201,False
2026-05-13 05:29:22.978257,WARNING,payment-service,Cache hit for key,314,201,False
2026-05-13 05:32:23.978257,WARNING,api-gateway,Cache hit for key,197,200,False
2026-05-13 05:34:32.978257,CRITICAL,auth-service,Memory usage exceeded threshold,4883,503,True
2026-05-13 05:34:44.978257,INFO,auth-service,Cache hit for key,306,201,False
2026-05-13 05:36:57.978257,CRITICAL,auth-service,Connection timeout after 7509ms,7509,500,True
2026-05-13 05:39:37.978257,INFO,auth-service,Session created for user,174,200,False
2026-05-13 05:41:46.978257,WARNING,payment-service,Health check passed,493,201,False
2026-05-13 05:43:12.978257,INFO,notification-service,Session created for user,244,201,False
2026-05-13 05:44:54.978257,WARNING,payment-service,Order status updated,50,201,False
2026-05-13 05:58:05.978257,WARNING,notification-service,Session created for user,289,201,False
2026-05-13 05:59:05.978257,WARNING,inventory-service,Request processed successfully,450,200,False
2026-05-13 06:10:28.978257,WARNING,notification-service,Database query executed in 475ms,475,201,False
2026-05-13 06:12:24.978257,INFO,api-gateway,Request processed successfully,207,201,False
2026-05-13 06:17:53.978257,WARNING,notification-service,Database query executed in 235ms,235,201,False
2026-05-13 06:26:57.978257,WARNING,inventory-service,Cache hit for key,167,200,False
2026-05-13 06:27:39.978257,WARNING,inventory-service,Request processed successfully,464,201,False
2026-05-13 06:39:07.978257,WARNING,api-gateway,Cache hit for key,392,201,False
2026-05-13 06:56:08.978257,INFO,inventory-service,Health check passed,217,200,False
2026-05-13 06:56:23.978257,INFO,payment-service,Health check passed,462,201,False
2026-05-13 06:58:32.978257,ERROR,notification-service,Connection timeout after 8719ms,8719,500,True
2026-05-13 07:08:31.978257,INFO,api-gateway,Health check passed,170,200,False
2026-05-13 07:16:22.978257,WARNING,inventory-service,User authenticated,185,201,False
2026-05-13 07:17:18.978257,INFO,notification-service,Cache hit for key,315,200,False
2026-05-13 07:22:02.978257,INFO,api-gateway,Database query executed in 444ms,444,201,False
2026-05-13 07:29:57.978257,INFO,auth-service,Session created for user,377,200,False
2026-05-13 07:36:45.978257,INFO,auth-service,User authenticated,54,201,False
2026-05-13 07:44:44.978257,ERROR,notification-service,Connection timeout after 3419ms,3419,500,True
2026-05-13 07:44:54.978257,WARNING,auth-service,Cache hit for key,415,200,False
2026-05-13 07:49:51.978257,WARNING,payment-service,Session created for user,338,200,False
2026-05-13 07:52:57.978257,WARNING,inventory-service,Session created for user,208,201,False
2026-05-13 07:54:24.978257,WARNING,api-gateway,Cache hit for key,257,201,False
2026-05-13 07:57:01.978257,INFO,payment-service,Request processed successfully,123,201,False
2026-05-13 08:07:13.978257,INFO,notification-service,Request processed successfully,338,201,False
2026-05-13 08:08:33.978257,INFO,inventory-service,Database query executed in 73ms,73,200,False
2026-05-13 08:13:01.978257,WARNING,notification-service,Database query executed in 487ms,487,200,False
2026-05-13 08:14:08.978257,WARNING,payment-service,Request processed successfully,455,201,False
2026-05-13 08:15:51.978257,WARNING,payment-service,User authenticated,448,200,False
2026-05-13 08:20:28.978257,INFO,notification-service,Order status updated,58,200,False
2026-05-13 08:24:52.978257,WARNING,auth-service,User authenticated,270,201,False
2026-05-13 08:43:07.978257,WARNING,api-gateway,Request processed successfully,260,201,False
2026-05-13 08:47:21.978257,WARNING,notification-service,Database query executed in 246ms,246,200,False
2026-05-13 08:59:57.978257,INFO,notification-service,Session created for user,137,200,False
2026-05-13 09:01:52.978257,WARNING,payment-service,Order status updated,121,201,False
2026-05-13 09:05:41.978257,CRITICAL,inventory-service,Service unreachable after 3 retries,7552,500,True
2026-05-13 09:06:32.978257,INFO,api-gateway,Session created for user,498,200,False
2026-05-13 09:10:23.978257,WARNING,payment-service,Database query executed in 500ms,500,200,False
2026-05-13 09:15:04.978257,INFO,notification-service,Session created for user,158,201,False
2026-05-13 09:22:11.978257,INFO,api-gateway,Database query executed in 253ms,253,201,False
2026-05-13 09:26:45.978257,INFO,inventory-service,Health check passed,89,201,False
2026-05-13 09:32:33.978257,WARNING,api-gateway,Health check passed,120,201,False
2026-05-13 09:34:55.978257,INFO,api-gateway,Health check passed,181,201,False
2026-05-13 09:45:39.978257,INFO,auth-service,User authenticated,202,201,False
2026-05-13 09:47:46.978257,INFO,auth-service,Order status updated,376,201,False
2026-05-13 09:53:00.978257,WARNING,notification-service,Database query executed in 78ms,78,201,False
2026-05-13 09:53:58.978257,CRITICAL,api-gateway,Memory usage exceeded threshold,8048,503,True
2026-05-13 10:00:38.978257,WARNING,payment-service,Health check passed,449,201,False
2026-05-13 10:04:34.978257,CRITICAL,payment-service,Database connection pool exhausted,6917,500,True
2026-05-13 10:05:24.978257,WARNING,api-gateway,Order status updated,290,201,False
2026-05-13 10:06:15.978257,INFO,inventory-service,Cache hit for key,496,200,False
2026-05-13 10:10:53.978257,WARNING,notification-service,Database query executed in 90ms,90,200,False
2026-05-13 10:14:47.978257,WARNING,api-gateway,Health check passed,141,201,False
2026-05-13 10:20:42.978257,WARNING,inventory-service,Order status updated,422,201,False
2026-05-13 10:21:12.978257,ERROR,auth-service,Connection timeout after 2847ms,2847,503,True
2026-05-13 10:24:08.978257,CRITICAL,api-gateway,Service unreachable after 3 retries,2020,502,True
2026-05-13 10:33:34.978257,WARNING,inventory-service,Health check passed,308,201,False
2026-05-13 10:41:35.978257,WARNING,notification-service,Database query executed in 386ms,386,200,False
2026-05-13 10:46:36.978257,INFO,auth-service,Session created for user,297,200,False
2026-05-13 10:59:49.978257,INFO,inventory-service,Database query executed in 485ms,485,201,False
2026-05-13 11:07:45.978257,WARNING,notification-service,Order status updated,188,200,False
2026-05-13 11:09:35.978257,ERROR,auth-service,Memory usage exceeded threshold,8879,500,True
2026-05-13 11:14:11.978257,WARNING,notification-service,Health check passed,494,200,False
2026-05-13 11:29:07.978257,WARNING,auth-service,Database query executed in 473ms,473,201,False
2026-05-13 11:35:33.978257,WARNING,auth-service,Cache hit for key,229,200,False
2026-05-13 11:38:38.978257,INFO,payment-service,Database query executed in 340ms,340,200,False
2026-05-13 11:51:27.978257,CRITICAL,payment-service,Connection timeout after 7020ms,7020,503,True
2026-05-13 11:55:36.978257,WARNING,inventory-service,Request processed successfully,407,201,False
2026-05-13 11:58:48.978257,WARNING,auth-service,Order status updated,156,201,False
2026-05-13 11:59:20.978257,WARNING,inventory-service,Order status updated,457,201,False
2026-05-13 11:59:44.978257,WARNING,auth-service,Order status updated,387,201,False
2026-05-13 12:00:50.978257,INFO,payment-service,Session created for user,251,201,False
2026-05-13 12:08:14.978257,WARNING,auth-service,Cache hit for key,318,201,False
2026-05-13 12:09:11.978257,CRITICAL,inventory-service,Connection timeout after 2424ms,2424,500,True
2026-05-13 12:09:50.978257,WARNING,notification-service,Order status updated,390,200,False
2026-05-13 12:17:10.978257,INFO,payment-service,Health check passed,287,200,False
2026-05-13 12:21:33.978257,INFO,notification-service,User authenticated,169,201,False
2026-05-13 12:21:40.978257,INFO,auth-service,Cache hit for key,269,200,False
2026-05-13 12:26:21.978257,WARNING,auth-service,Health check passed,349,201,False
2026-05-13 12:38:48.978257,ERROR,notification-service,Service unreachable after 3 retries,4094,502,True
2026-05-13 12:42:18.978257,WARNING,notification-service,Order status updated,289,201,False
2026-05-13 12:43:35.978257,WARNING,inventory-service,Database query executed in 292ms,292,200,False
2026-05-13 12:44:53.978257,WARNING,auth-service,Order status updated,135,200,False
2026-05-13 12:48:20.978257,WARNING,payment-service,Order status updated,116,201,False
2026-05-13 12:48:36.978257,ERROR,auth-service,Connection timeout after 6000ms,6000,502,True
2026-05-13 12:50:47.978257,WARNING,inventory-service,Order status updated,207,200,False
2026-05-13 12:57:32.978257,WARNING,notification-service,Request processed successfully,120,200,False
2026-05-13 13:08:00.978257,WARNING,inventory-service,Request processed successfully,451,201,False
2026-05-13 13:14:02.978257,WARNING,payment-service,Cache hit for key,161,201,False
2026-05-13 13:22:14.978257,INFO,inventory-service,Cache hit for key,231,200,False
2026-05-13 13:23:32.978257,WARNING,inventory-service,Order status updated,476,200,False
2026-05-13 13:32:49.978257,WARNING,inventory-service,Database query executed in 62ms,62,201,False
2026-05-13 13:45:01.978257,INFO,api-gateway,Request processed successfully,458,200,False
2026-05-13 13:52:14.978257,WARNING,notification-service,Session created for user,310,201,False
2026-05-13 13:53:30.978257,INFO,payment-service,Cache hit for key,131,200,False
2026-05-13 13:54:40.978257,ERROR,notification-service,Connection timeout after 8593ms,8593,500,True
2026-05-13 13:55:44.978257,WARNING,auth-service,Cache hit for key,162,200,False
2026-05-13 13:56:32.978257,INFO,api-gateway,Session created for user,368,201,False
2026-05-13 14:01:38.978257,WARNING,payment-service,User authenticated,299,200,False
2026-05-13 14:09:36.978257,WARNING,api-gateway,Database query executed in 458ms,458,201,False
2026-05-13 14:18:20.978257,INFO,inventory-service,Cache hit for key,489,200,False
2026-05-13 14:24:56.978257,INFO,notification-service,Health check passed,487,200,False
2026-05-13 14:29:38.978257,INFO,payment-service,Session created for user,459,201,False
2026-05-13 14:34:01.978257,WARNING,auth-service,Order status updated,314,201,False
2026-05-13 14:39:13.978257,INFO,payment-service,Cache hit for key,177,200,False
2026-05-13 14:39:24.978257,WARNING,api-gateway,Session created for user,144,201,False
2026-05-13 14:44:12.978257,WARNING,notification-service,Health check passed,364,200,False
2026-05-13 14:45:17.978257,WARNING,payment-service,Session created for user,365,200,False
2026-05-13 14:49:44.978257,INFO,inventory-service,Health check passed,197,200,False
2026-05-13 14:53:01.978257,INFO,payment-service,Order status updated,282,201,False
2026-05-13 14:55:05.978257,WARNING,api-gateway,User authenticated,273,200,False
2026-05-13 14:55:42.978257,INFO,auth-service,Order status updated,174,201,False
2026-05-13 15:04:31.978257,INFO,payment-service,Cache hit for key,58,200,False
2026-05-13 15:04:42.978257,INFO,api-gateway,Health check passed,144,200,False
2026-05-13 15:04:58.978257,WARNING,inventory-service,Cache hit for key,216,200,False
2026-05-13 15:06:47.978257,INFO,api-gateway,Database query executed in 491ms,491,201,False
2026-05-13 15:07:19.978257,INFO,payment-service,Database query executed in 129ms,129,201,False
2026-05-13 15:11:25.978257,WARNING,inventory-service,Cache hit for key,284,200,False
2026-05-13 15:12:01.978257,INFO,notification-service,Database query executed in 235ms,235,201,False
2026-05-13 15:12:19.978257,INFO,inventory-service,User authenticated,426,201,False
2026-05-13 15:16:25.978257,WARNING,auth-service,User authenticated,399,200,False
2026-05-13 15:17:05.978257,WARNING,api-gateway,Session created for user,500,200,False
2026-05-13 15:22:34.978257,INFO,api-gateway,Database query executed in 76ms,76,200,False
2026-05-13 15:34:39.978257,INFO,auth-service,Health check passed,398,200,False
2026-05-13 15:34:53.978257,INFO,api-gateway,User authenticated,423,201,False
2026-05-13 15:35:44.978257,WARNING,inventory-service,Request processed successfully,99,200,False
2026-05-13 15:42:24.978257,WARNING,inventory-service,Session created for user,245,201,False
2026-05-13 15:46:08.978257,WARNING,api-gateway,Request processed successfully,166,200,False
2026-05-13 15:46:29.978257,WARNING,payment-service,Health check passed,464,201,False
2026-05-13 15:47:58.978257,CRITICAL,notification-service,Unhandled exception in request pipeline,2831,503,True
2026-05-13 15:48:57.978257,ERROR,auth-service,Memory usage exceeded threshold,3874,503,True
2026-05-13 15:51:40.978257,INFO,inventory-service,Cache hit for key,335,200,False
2026-05-13 15:57:47.978257,INFO,payment-service,Cache hit for key,420,201,False
2026-05-13 16:00:51.978257,CRITICAL,api-gateway,Connection timeout after 2003ms,2003,503,True
2026-05-13 16:02:17.978257,INFO,payment-service,Health check passed,443,200,False
2026-05-13 16:12:58.978257,INFO,api-gateway,Session created for user,85,201,False
2026-05-13 16:23:35.978257,INFO,auth-service,Cache hit for key,142,201,False
2026-05-13 16:23:49.978257,ERROR,auth-service,Database connection pool exhausted,4567,500,True
2026-05-13 16:26:37.978257,INFO,auth-service,User authenticated,266,200,False
2026-05-13 16:40:37.978257,WARNING,api-gateway,Request processed successfully,327,201,False
2026-05-13 16:56:43.978257,INFO,inventory-service,User authenticated,344,200,False
2026-05-13 16:56:51.978257,INFO,inventory-service,Health check passed,193,200,False
2026-05-13 16:59:30.978257,WARNING,inventory-service,Request processed successfully,102,201,False
2026-05-13 17:03:04.978257,WARNING,inventory-service,Session created for user,477,200,False
2026-05-13 17:04:13.978257,INFO,api-gateway,Database query executed in 401ms,401,201,False
2026-05-13 17:08:04.978257,INFO,payment-service,Health check passed,421,201,False
2026-05-13 17:09:20.978257,INFO,inventory-service,Session created for user,274,201,False
2026-05-13 17:17:56.978257,WARNING,api-gateway,Database query executed in 349ms,349,201,False
2026-05-13 17:18:33.978257,INFO,api-gateway,Order status updated,311,200,False
2026-05-13 17:27:26.978257,INFO,notification-service,Health check passed,466,200,False
2026-05-13 17:27:39.978257,WARNING,inventory-service,Session created for user,485,200,False
2026-05-13 17:33:48.978257,INFO,notification-service,Health check passed,344,200,False
2026-05-13 17:47:28.978257,WARNING,notification-service,Cache hit for key,179,201,False
2026-05-13 18:02:32.978257,INFO,auth-service,Session created for user,353,200,False
2026-05-13 18:03:14.978257,WARNING,notification-service,User authenticated,374,200,False
2026-05-13 18:05:11.978257,WARNING,notification-service,User authenticated,162,201,False
2026-05-13 18:08:46.978257,WARNING,api-gateway,Database query executed in 458ms,458,201,False
2026-05-13 18:09:50.978257,INFO,auth-service,User authenticated,257,201,False
2026-05-13 18:14:46.978257,INFO,auth-service,Cache hit for key,368,200,False
2026-05-13 18:15:35.978257,WARNING,notification-service,Database query executed in 78ms,78,201,False
2026-05-13 18:19:51.978257,WARNING,auth-service,Health check passed,96,200,False
2026-05-13 18:23:47.978257,WARNING,api-gateway,Request processed successfully,206,200,False
2026-05-13 18:26:56.978257,ERROR,payment-service,Database connection pool exhausted,2432,503,True
2026-05-13 18:27:14.978257,INFO,auth-service,Request processed successfully,80,201,False
2026-05-13 18:30:04.978257,WARNING,auth-service,Database query executed in 480ms,480,201,False
2026-05-13 18:33:03.978257,INFO,payment-service,Session created for user,216,200,False
2026-05-13 18:36:40.978257,WARNING,inventory-service,Order status updated,365,200,False
2026-05-13 18:38:35.978257,WARNING,notification-service,Health check passed,459,201,False
2026-05-13 18:44:16.978257,INFO,inventory-service,Database query executed in 280ms,280,201,False
2026-05-13 18:47:33.978257,WARNING,notification-service,Health check passed,103,200,False
2026-05-13 18:58:28.978257,ERROR,api-gateway,Unhandled exception in request pipeline,8343,500,True
2026-05-13 19:01:41.978257,INFO,inventory-service,Order status updated,346,201,False
2026-05-13 19:07:35.978257,WARNING,notification-service,Request processed successfully,76,201,False
2026-05-13 19:10:49.978257,WARNING,inventory-service,Session created for user,55,200,False
2026-05-13 19:20:20.978257,CRITICAL,api-gateway,Database connection pool exhausted,5383,502,True
2026-05-13 19:21:44.978257,WARNING,api-gateway,User authenticated,184,201,False
2026-05-13 19:21:57.978257,INFO,auth-service,Cache hit for key,279,200,False
2026-05-13 19:22:11.978257,INFO,inventory-service,User authenticated,171,200,False
2026-05-13 19:23:30.978257,ERROR,notification-service,Database connection pool exhausted,6492,502,True
2026-05-13 19:32:31.978257,INFO,notification-service,Health check passed,432,201,False
2026-05-13 19:37:35.978257,WARNING,auth-service,Session created for user,164,201,False
2026-05-13 19:41:29.978257,WARNING,auth-service,Session created for user,390,201,False
2026-05-13 19:47:32.978257,WARNING,api-gateway,Database query executed in 275ms,275,201,False
2026-05-13 19:48:41.978257,WARNING,notification-service,Cache hit for key,253,200,False
2026-05-13 19:49:27.978257,INFO,notification-service,Request processed successfully,433,200,False
2026-05-13 19:53:26.978257,INFO,api-gateway,Session created for user,282,200,False
2026-05-13 19:57:27.978257,WARNING,payment-service,Order status updated,434,201,False
2026-05-13 20:03:21.978257,INFO,notification-service,Health check passed,374,201,False
2026-05-13 20:07:09.978257,WARNING,api-gateway,Cache hit for key,172,200,False
2026-05-13 20:16:55.978257,INFO,inventory-service,Order status updated,329,201,False
2026-05-13 20:18:10.978257,WARNING,notification-service,Cache hit for key,360,200,False
2026-05-13 20:18:38.978257,WARNING,inventory-service,Session created for user,264,200,False
2026-05-13 20:20:22.978257,ERROR,auth-service,Connection timeout after 7893ms,7893,500,True
2026-05-13 20:20:25.978257,WARNING,api-gateway,Session created for user,60,201,False
2026-05-13 20:21:13.978257,INFO,auth-service,Health check passed,453,200,False
2026-05-13 20:22:19.978257,WARNING,notification-service,User authenticated,335,201,False
2026-05-13 20:23:17.978257,WARNING,payment-service,Health check passed,209,201,False
2026-05-13 20:27:06.978257,INFO,inventory-service,Database query executed in 490ms,490,200,False
2026-05-13 20:29:47.978257,INFO,auth-service,Health check passed,476,200,False
2026-05-13 20:32:00.978257,WARNING,payment-service,Health check passed,443,201,False
2026-05-13 20:36:24.978257,WARNING,api-gateway,Session created for user,200,201,False
2026-05-13 20:41:28.978257,CRITICAL,api-gateway,Memory usage exceeded threshold,6855,500,True
2026-05-13 20:46:06.978257,ERROR,auth-service,Database connection pool exhausted,2039,500,True
2026-05-13 20:47:39.978257,WARNING,inventory-service,Health check passed,148,200,False
2026-05-13 20:58:20.978257,INFO,notification-service,User authenticated,390,200,False
2026-05-13 21:08:52.978257,WARNING,notification-service,Database query executed in 236ms,236,200,False
2026-05-13 21:19:24.978257,WARNING,notification-service,User authenticated,271,201,False
2026-05-13 21:19:26.978257,WARNING,auth-service,Health check passed,226,200,False
2026-05-13 21:21:20.978257,INFO,api-gateway,Health check passed,405,200,False
2026-05-13 21:27:37.978257,WARNING,payment-service,Session created for user,313,201,False
2026-05-13 21:40:44.978257,INFO,api-gateway,Health check passed,444,201,False
2026-05-13 21:46:02.978257,INFO,notification-service,Database query executed in 146ms,146,201,False
2026-05-13 21:57:07.978257,WARNING,auth-service,Database query executed in 494ms,494,201,False
2026-05-13 22:09:06.978257,INFO,payment-service,User authenticated,406,201,False
2026-05-13 22:12:21.978257,INFO,inventory-service,Request processed successfully,419,200,False
2026-05-13 22:12:37.978257,WARNING,payment-service,Session created for user,245,201,False
2026-05-13 22:17:07.978257,WARNING,payment-service,Order status updated,227,200,False
2026-05-13 22:19:49.978257,WARNING,api-gateway,Order status updated,76,200,False
2026-05-13 22:20:56.978257,INFO,payment-service,Order status updated,167,201,False
2026-05-13 22:22:16.978257,INFO,payment-service,User authenticated,130,201,False
2026-05-13 22:25:46.978257,INFO,notification-service,Order status updated,307,201,False
2026-05-13 22:28:16.978257,WARNING,payment-service,Session created for user,192,201,False
2026-05-13 22:32:44.978257,WARNING,api-gateway,Cache hit for key,405,200,False
2026-05-13 22:35:18.978257,WARNING,inventory-service,Database query executed in 488ms,488,201,False
2026-05-13 22:37:23.978257,ERROR,auth-service,Connection timeout after 8877ms,8877,503,True
2026-05-13 22:51:30.978257,INFO,api-gateway,User authenticated,275,200,False
2026-05-13 22:54:14.978257,CRITICAL,inventory-service,Memory usage exceeded threshold,2411,503,True
2026-05-13 22:57:25.978257,WARNING,payment-service,Session created for user,315,201,False
2026-05-13 23:07:23.978257,WARNING,api-gateway,Order status updated,472,201,False
2026-05-13 23:10:15.978257,INFO,api-gateway,Request processed successfully,481,200,False
2026-05-13 23:10:54.978257,INFO,notification-service,Cache hit for key,143,200,False
2026-05-13 23:12:18.978257,WARNING,api-gateway,Order status updated,444,201,False
2026-05-13 23:20:03.978257,WARNING,auth-service,Session created for user,162,200,False
2026-05-13 23:20:21.978257,WARNING,auth-service,Request processed successfully,418,200,False
2026-05-13 23:21:26.978257,INFO,notification-service,Request processed successfully,302,200,False
2026-05-13 23:28:36.978257,CRITICAL,inventory-service,Service unreachable after 3 retries,3314,500,True
2026-05-13 23:28:43.978257,WARNING,notification-service,Cache hit for key,214,201,False
2026-05-13 23:32:31.978257,WARNING,inventory-service,Order status updated,472,201,False
2026-05-13 23:34:23.978257,INFO,api-gateway,Order status updated,170,201,False
2026-05-13 23:42:49.978257,CRITICAL,auth-service,Service unreachable after 3 retries,7897,503,True
2026-05-13 23:47:17.978257,INFO,inventory-service,User authenticated,159,200,False
2026-05-13 23:49:13.978257,INFO,api-gateway,Order status updated,225,200,False
2026-05-13 23:50:16.978257,INFO,auth-service,Order status updated,94,200,False
2026-05-13 23:50:50.978257,INFO,notification-service,Cache hit for key,372,200,False
2026-05-13 23:54:30.978257,INFO,notification-service,Database query executed in 136ms,136,201,False
2026-05-13 23:54:42.978257,WARNING,auth-service,Session created for user,50,200,False
2026-05-13 23:56:39.978257,WARNING,api-gateway,Cache hit for key,87,201,False
2026-05-13 23:57:18.978257,WARNING,api-gateway,Database query executed in 133ms,133,200,False
2026-05-14 00:01:48.978257,WARNING,inventory-service,Cache hit for key,459,200,False
2026-05-14 00:03:39.978257,WARNING,api-gateway,Health check passed,349,201,False
2026-05-14 00:05:20.978257,CRITICAL,payment-service,Unhandled exception in request pipeline,3257,500,True
2026-05-14 00:05:31.978257,WARNING,auth-service,Request processed successfully,454,200,False
2026-05-14 00:07:27.978257,WARNING,inventory-service,Session created for user,269,201,False
2026-05-14 00:12:35.978257,WARNING,auth-service,User authenticated,327,201,False
2026-05-14 00:13:04.978257,INFO,auth-service,Order status updated,67,200,False
2026-05-14 00:17:08.978257,WARNING,payment-service,Request processed successfully,494,200,False
2026-05-14 00:17:30.978257,INFO,inventory-service,Cache hit for key,445,201,False
2026-05-14 00:19:29.978257,CRITICAL,payment-service,Service unreachable after 3 retries,8260,503,True
2026-05-14 00:21:52.978257,INFO,inventory-service,Health check passed,479,200,False
2026-05-14 00:24:28.978257,WARNING,notification-service,Order status updated,246,201,False
2026-05-14 00:34:28.978257,INFO,inventory-service,Cache hit for key,401,201,False
2026-05-14 00:37:10.978257,WARNING,auth-service,Request processed successfully,352,201,False
2026-05-14 00:43:30.978257,WARNING,auth-service,User authenticated,410,200,False
2026-05-14 00:47:42.978257,WARNING,notification-service,Database query executed in 50ms,50,200,False
2026-05-14 00:49:24.978257,INFO,auth-service,Request processed successfully,62,201,False
2026-05-14 01:05:37.978257,WARNING,api-gateway,User authenticated,215,201,False
2026-05-14 01:06:46.978257,INFO,auth-service,Order status updated,96,200,False
2026-05-14 01:10:15.978257,INFO,inventory-service,Order status updated,90,201,False
2026-05-14 01:14:29.978257,INFO,payment-service,Database query executed in 434ms,434,200,False
2026-05-14 01:19:06.978257,CRITICAL,inventory-service,Unhandled exception in request pipeline,3091,503,True
2026-05-14 01:20:41.978257,INFO,api-gateway,User authenticated,409,201,False
2026-05-14 01:30:21.978257,WARNING,inventory-service,Session created for user,75,201,False
2026-05-14 01:33:23.978257,INFO,payment-service,User authenticated,372,201,False
2026-05-14 01:37:56.978257,INFO,inventory-service,Session created for user,82,201,False
2026-05-14 01:40:53.978257,INFO,api-gateway,Cache hit for key,202,201,False
2026-05-14 01:41:01.978257,WARNING,auth-service,Database query executed in 51ms,51,201,False
2026-05-14 01:41:59.978257,WARNING,api-gateway,Order status updated,322,201,False
2026-05-14 01:44:41.978257,INFO,notification-service,User authenticated,440,201,False
2026-05-14 01:47:49.978257,INFO,auth-service,Database query executed in 194ms,194,200,False
2026-05-14 01:50:13.978257,INFO,api-gateway,Cache hit for key,313,200,False
2026-05-14 01:52:51.978257,INFO,notification-service,Session created for user,141,201,False
2026-05-14 01:52:54.978257,WARNING,inventory-service,Health check passed,353,200,False
2026-05-14 01:53:31.978257,WARNING,notification-service,Session created for user,236,200,False
2026-05-14 01:56:53.978257,WARNING,payment-service,Health check passed,149,200,False
2026-05-14 02:08:30.978257,INFO,auth-service,Order status updated,157,201,False
2026-05-14 02:18:18.978257,WARNING,inventory-service,Request processed successfully,174,200,False
2026-05-14 02:29:09.978257,WARNING,payment-service,User authenticated,268,200,False
2026-05-14 02:39:08.978257,WARNING,auth-service,Cache hit for key,496,200,False
2026-05-14 02:41:26.978257,INFO,auth-service,User authenticated,490,200,False
2026-05-14 02:42:26.978257,WARNING,payment-service,Request processed successfully,197,200,False
2026-05-14 02:42:41.978257,WARNING,inventory-service,Cache hit for key,228,201,False
2026-05-14 02:56:31.978257,INFO,api-gateway,Request processed successfully,462,200,False
2026-05-14 03:01:52.978257,INFO,payment-service,Cache hit for key,247,200,False
2026-05-14 03:04:27.978257,WARNING,payment-service,Cache hit for key,275,201,False
2026-05-14 03:12:29.978257,WARNING,api-gateway,Health check passed,368,201,False
2026-05-14 03:17:55.978257,INFO,payment-service,Session created for user,479,200,False
2026-05-14 03:32:27.978257,WARNING,notification-service,Database query executed in 103ms,103,200,False
2026-05-14 03:52:03.978257,INFO,auth-service,User authenticated,360,200,False
2026-05-14 03:54:44.978257,INFO,notification-service,Cache hit for key,175,200,False
2026-05-14 03:59:36.978257,INFO,api-gateway,Cache hit for key,482,200,False
2026-05-14 04:09:26.978257,WARNING,notification-service,Order status updated,78,201,False
2026-05-14 04:11:19.978257,WARNING,notification-service,Request processed successfully,106,200,False
2026-05-14 04:11:53.978257,WARNING,auth-service,Session created for user,480,200,False
2026-05-14 04:12:58.978257,INFO,auth-service,Health check passed,133,200,False
2026-05-14 04:15:10.978257,WARNING,auth-service,User authenticated,119,201,False
2026-05-14 04:21:28.978257,INFO,api-gateway,User authenticated,352,201,False
2026-05-14 04:21:56.978257,INFO,notification-service,Database query executed in 133ms,133,201,False
2026-05-14 04:30:54.978257,INFO,payment-service,Health check passed,420,200,False
2026-05-14 04:32:51.978257,WARNING,inventory-service,Request processed successfully,333,200,False
2026-05-14 04:46:48.978257,INFO,notification-service,User authenticated,423,200,False
2026-05-14 04:49:18.978257,INFO,inventory-service,Database query executed in 415ms,415,200,False
2026-05-14 04:53:45.978257,WARNING,payment-service,Order status updated,402,201,False
2026-05-14 05:00:00.978257,WARNING,notification-service,User authenticated,454,200,False
2026-05-14 05:01:55.978257,INFO,inventory-service,Session created for user,303,201,False
2026-05-14 05:03:10.978257,INFO,notification-service,Database query executed in 357ms,357,200,False
2026-05-14 05:06:00.978257,INFO,inventory-service,Order status updated,338,201,False
2026-05-14 05:11:13.978257,WARNING,notification-service,Request processed successfully,51,200,False
2026-05-14 05:11:22.978257,INFO,payment-service,Database query executed in 245ms,245,201,False
2026-05-14 05:11:32.978257,INFO,inventory-service,Health check passed,99,200,False
2026-05-14 05:19:12.978257,INFO,api-gateway,User authenticated,81,201,False
2026-05-14 05:19:58.978257,WARNING,inventory-service,Health check passed,209,200,False
2026-05-14 05:21:49.978257,WARNING,payment-service,Cache hit for key,393,200,False
2026-05-14 05:21:54.978257,WARNING,inventory-service,User authenticated,69,201,False
2026-05-14 05:24:13.978257,WARNING,inventory-service,Health check passed,307,200,False
2026-05-14 05:24:28.978257,CRITICAL,auth-service,Connection timeout after 3324ms,3324,502,True
2026-05-14 05:26:52.978257,WARNING,inventory-service,Request processed successfully,262,201,False
2026-05-14 05:32:08.978257,WARNING,inventory-service,Health check passed,255,201,False
2026-05-14 05:36:00.978257,INFO,api-gateway,Request processed successfully,435,201,False
2026-05-14 05:36:39.978257,WARNING,auth-service,Session created for user,102,200,False
2026-05-14 05:37:21.978257,INFO,payment-service,Session created for user,107,201,False
2026-05-14 05:42:10.978257,WARNING,auth-service,Database query executed in 386ms,386,201,False
2026-05-14 05:49:02.978257,INFO,payment-service,Order status updated,320,201,False
2026-05-14 06:03:00.978257,WARNING,payment-service,Health check passed,439,200,False
2026-05-14 06:03:18.978257,INFO,inventory-service,User authenticated,166,200,False
2026-05-14 06:14:16.978257,WARNING,api-gateway,Health check passed,319,201,False
2026-05-14 06:17:23.978257,WARNING,inventory-service,Session created for user,70,201,False
2026-05-14 06:19:09.978257,WARNING,inventory-service,Order status updated,438,201,False
2026-05-14 06:22:36.978257,WARNING,auth-service,Database query executed in 116ms,116,200,False
2026-05-14 06:25:36.978257,INFO,payment-service,Order status updated,428,201,False
2026-05-14 06:30:57.978257,INFO,payment-service,Request processed successfully,166,200,False
2026-05-14 06:50:10.978257,INFO,notification-service,Order status updated,99,201,False
2026-05-14 06:56:35.978257,INFO,notification-service,User authenticated,61,200,False
2026-05-14 07:08:13.978257,WARNING,payment-service,Request processed successfully,435,201,False
2026-05-14 07:10:59.978257,INFO,inventory-service,Session created for user,151,200,False
2026-05-14 07:22:35.978257,WARNING,auth-service,Order status updated,275,200,False
2026-05-14 07:22:48.978257,WARNING,notification-service,Session created for user,250,201,False
2026-05-14 07:24:15.978257,INFO,payment-service,Cache hit for key,278,200,False
2026-05-14 07:27:58.978257,WARNING,notification-service,Cache hit for key,163,201,False
2026-05-14 07:32:17.978257,CRITICAL,inventory-service,Service unreachable after 3 retries,5920,500,True
2026-05-14 07:33:20.978257,INFO,payment-service,Database query executed in 302ms,302,201,False
2026-05-14 07:35:01.978257,WARNING,payment-service,Health check passed,225,200,False
2026-05-14 07:39:33.978257,INFO,auth-service,User authenticated,437,201,False
2026-05-14 07:41:56.978257,WARNING,payment-service,Request processed successfully,259,200,False
2026-05-14 07:48:38.978257,INFO,api-gateway,Cache hit for key,415,200,False
2026-05-14 07:49:13.978257,WARNING,inventory-service,User authenticated,318,200,False
2026-05-14 07:49:57.978257,WARNING,inventory-service,Health check passed,215,201,False
2026-05-14 07:55:01.978257,INFO,api-gateway,Request processed successfully,488,201,False
2026-05-14 07:55:26.978257,INFO,api-gateway,Order status updated,305,200,False
2026-05-14 08:07:28.978257,INFO,payment-service,Health check passed,285,201,False
2026-05-14 08:07:39.978257,WARNING,payment-service,Order status updated,217,201,False
2026-05-14 08:11:26.978257,WARNING,auth-service,Request processed successfully,90,201,False
2026-05-14 08:13:31.978257,INFO,payment-service,Request processed successfully,54,201,False
2026-05-14 08:13:49.978257,INFO,inventory-service,Cache hit for key,373,200,False
2026-05-14 08:15:15.978257,INFO,inventory-service,Order status updated,218,201,False
2026-05-14 08:15:58.978257,CRITICAL,auth-service,Unhandled exception in request pipeline,7566,502,True
2026-05-14 08:18:26.978257,WARNING,api-gateway,Cache hit for key,314,201,False
2026-05-14 08:20:25.978257,WARNING,inventory-service,Health check passed,181,200,False
2026-05-14 08:20:56.978257,INFO,notification-service,User authenticated,336,201,False
2026-05-14 08:25:04.978257,WARNING,auth-service,Health check passed,296,200,False
2026-05-14 08:25:24.978257,INFO,payment-service,Health check passed,500,201,False
2026-05-14 08:25:55.978257,WARNING,inventory-service,Order status updated,296,200,False
2026-05-14 08:28:36.978257,INFO,inventory-service,Session created for user,394,200,False
2026-05-14 08:31:37.978257,WARNING,inventory-service,Order status updated,233,201,False
2026-05-14 08:38:21.978257,INFO,inventory-service,Database query executed in 468ms,468,200,False
2026-05-14 08:46:53.978257,WARNING,payment-service,Health check passed,195,200,False
2026-05-14 08:54:20.978257,WARNING,payment-service,User authenticated,466,200,False
2026-05-14 09:07:53.978257,INFO,api-gateway,Cache hit for key,126,200,False
2026-05-14 09:08:23.978257,INFO,auth-service,Cache hit for key,117,200,False
2026-05-14 09:26:06.978257,INFO,payment-service,Cache hit for key,259,200,False
2026-05-14 09:27:11.978257,WARNING,payment-service,Session created for user,261,200,False
2026-05-14 09:31:32.978257,INFO,api-gateway,Cache hit for key,458,200,False
2026-05-14 09:32:27.978257,INFO,api-gateway,Session created for user,83,200,False
2026-05-14 09:38:52.978257,INFO,inventory-service,Session created for user,87,200,False
2026-05-14 09:41:08.978257,INFO,api-gateway,Health check passed,225,201,False
2026-05-14 09:41:38.978257,WARNING,notification-service,Database query executed in 378ms,378,200,False
2026-05-14 09:46:03.978257,WARNING,notification-service,User authenticated,241,200,False
2026-05-14 09:46:23.978257,WARNING,payment-service,Health check passed,128,201,False
2026-05-14 09:54:54.978257,CRITICAL,payment-service,Unhandled exception in request pipeline,2003,503,True
2026-05-14 09:55:04.978257,ERROR,payment-service,Memory usage exceeded threshold,7321,503,True
2026-05-14 09:55:26.978257,INFO,notification-service,Cache hit for key,91,201,False
2026-05-14 09:58:05.978257,INFO,api-gateway,Cache hit for key,457,201,False
2026-05-14 10:02:29.978257,INFO,inventory-service,Database query executed in 54ms,54,201,False
2026-05-14 10:05:33.978257,INFO,inventory-service,Request processed successfully,201,200,False
2026-05-14 10:06:03.978257,INFO,auth-service,Database query executed in 419ms,419,201,False
2026-05-14 10:06:47.978257,INFO,auth-service,Request processed successfully,203,201,False
2026-05-14 10:08:59.978257,INFO,notification-service,Cache hit for key,130,201,False
2026-05-14 10:09:36.978257,INFO,auth-service,Request processed successfully,467,201,False
2026-05-14 10:19:16.978257,WARNING,notification-service,Database query executed in 107ms,107,201,False
2026-05-14 10:22:55.978257,INFO,auth-service,Database query executed in 87ms,87,200,False
2026-05-14 10:24:48.978257,WARNING,payment-service,Request processed successfully,197,200,False
2026-05-14 10:25:55.978257,WARNING,inventory-service,Order status updated,396,200,False
2026-05-14 10:26:33.978257,WARNING,api-gateway,Cache hit for key,53,201,False
2026-05-14 10:27:13.978257,INFO,payment-service,Database query executed in 100ms,100,201,False
2026-05-14 10:28:46.978257,WARNING,inventory-service,User authenticated,358,201,False
2026-05-14 10:40:36.978257,WARNING,inventory-service,Session created for user,400,200,False
2026-05-14 10:51:08.978257,WARNING,payment-service,Session created for user,201,201,False
2026-05-14 10:55:44.978257,INFO,notification-service,Request processed successfully,345,200,False
2026-05-14 10:58:33.978257,WARNING,inventory-service,Request processed successfully,331,200,False
2026-05-14 10:59:00.978257,WARNING,api-gateway,Request processed successfully,244,201,False
2026-05-14 11:00:16.978257,INFO,auth-service,Order status updated,473,201,False
2026-05-14 11:11:17.978257,WARNING,auth-service,Cache hit for key,94,200,False
2026-05-14 11:12:00.978257,CRITICAL,auth-service,Service unreachable after 3 retries,6851,500,True
2026-05-14 11:13:12.978257,INFO,inventory-service,Order status updated,362,200,False
2026-05-14 11:16:32.978257,INFO,payment-service,User authenticated,406,201,False
2026-05-14 11:17:46.978257,WARNING,payment-service,Health check passed,214,201,False
2026-05-14 11:18:36.978257,INFO,auth-service,Cache hit for key,266,200,False
2026-05-14 11:20:54.978257,WARNING,notification-service,Cache hit for key,280,201,False
2026-05-14 11:21:09.978257,WARNING,notification-service,Cache hit for key,490,201,False
2026-05-14 11:26:47.978257,WARNING,notification-service,Health check passed,311,201,False
2026-05-14 11:29:46.978257,INFO,notification-service,User authenticated,286,201,False
2026-05-14 11:37:25.978257,INFO,auth-service,Request processed successfully,82,200,False
2026-05-14 11:37:31.978257,INFO,notification-service,Order status updated,321,201,False
2026-05-14 11:41:32.978257,INFO,inventory-service,User authenticated,416,200,False
2026-05-14 11:44:27.978257,WARNING,inventory-service,Health check passed,85,200,False
2026-05-14 11:44:33.978257,CRITICAL,payment-service,Database connection pool exhausted,6839,500,True
2026-05-14 11:50:54.978257,WARNING,payment-service,Request processed successfully,113,201,False
2026-05-14 11:51:01.978257,WARNING,payment-service,Health check passed,263,200,False
2026-05-14 11:53:17.978257,CRITICAL,payment-service,Memory usage exceeded threshold,2297,502,True
2026-05-14 11:56:46.978257,WARNING,notification-service,Cache hit for key,303,200,False
2026-05-14 11:57:22.978257,INFO,api-gateway,Health check passed,58,200,False
2026-05-14 11:58:55.978257,INFO,inventory-service,Database query executed in 161ms,161,201,False
2026-05-14 12:05:03.978257,WARNING,api-gateway,Cache hit for key,255,201,False
2026-05-14 12:05:33.978257,WARNING,payment-service,Session created for user,371,200,False
2026-05-14 12:06:43.978257,ERROR,api-gateway,Unhandled exception in request pipeline,5257,500,True
2026-05-14 12:09:40.978257,INFO,notification-service,Health check passed,175,200,False
2026-05-14 12:16:07.978257,INFO,notification-service,Health check passed,185,200,False
2026-05-14 12:16:25.978257,WARNING,auth-service,Database query executed in 311ms,311,201,False
2026-05-14 12:16:44.978257,INFO,notification-service,Cache hit for key,88,200,False
2026-05-14 12:20:28.978257,WARNING,inventory-service,User authenticated,75,201,False
2026-05-14 12:34:35.978257,WARNING,payment-service,Request processed successfully,466,200,False
2026-05-14 12:34:43.978257,WARNING,api-gateway,Health check passed,115,200,False
2026-05-14 12:35:54.978257,WARNING,auth-service,Health check passed,119,201,False
2026-05-14 12:39:38.978257,WARNING,notification-service,Database query executed in 373ms,373,200,False
2026-05-14 12:43:03.978257,INFO,auth-service,Session created for user,146,200,False
2026-05-14 12:43:43.978257,INFO,api-gateway,Database query executed in 139ms,139,200,False
2026-05-14 12:51:34.978257,WARNING,api-gateway,Cache hit for key,245,200,False
2026-05-14 13:00:19.978257,CRITICAL,api-gateway,Unhandled exception in request pipeline,6268,503,True
2026-05-14 13:06:16.978257,WARNING,notification-service,Request processed successfully,136,201,False
2026-05-14 13:06:43.978257,INFO,notification-service,Health check passed,261,200,False
2026-05-14 13:11:29.978257,INFO,inventory-service,Health check passed,334,201,False
2026-05-14 13:17:22.978257,INFO,payment-service,Cache hit for key,369,201,False
2026-05-14 13:17:36.978257,INFO,inventory-service,Health check passed,161,201,False
2026-05-14 13:22:50.978257,WARNING,notification-service,Session created for user,188,201,False
2026-05-14 13:23:19.978257,WARNING,notification-service,Database query executed in 146ms,146,200,False
2026-05-14 13:27:13.978257,WARNING,notification-service,Session created for user,469,201,False
2026-05-14 13:29:44.978257,INFO,notification-service,Session created for user,276,200,False
2026-05-14 13:30:33.978257,WARNING,api-gateway,Order status updated,276,200,False
2026-05-14 13:35:04.978257,WARNING,inventory-service,Session created for user,228,200,False
2026-05-14 13:39:17.978257,WARNING,payment-service,User authenticated,396,201,False
2026-05-14 13:40:17.978257,ERROR,notification-service,Database connection pool exhausted,7048,500,True
2026-05-14 13:49:30.978257,WARNING,inventory-service,Database query executed in 410ms,410,201,False
2026-05-14 13:53:25.978257,WARNING,auth-service,Request processed successfully,107,200,False
2026-05-14 13:57:38.978257,WARNING,auth-service,Session created for user,347,200,False
2026-05-14 14:03:38.978257,WARNING,api-gateway,User authenticated,51,200,False
2026-05-14 14:05:14.978257,WARNING,payment-service,Request processed successfully,339,200,False
2026-05-14 14:05:18.978257,INFO,payment-service,Session created for user,234,200,False
2026-05-14 14:06:27.978257,INFO,notification-service,User authenticated,465,200,False
2026-05-14 14:08:58.978257,WARNING,api-gateway,Order status updated,286,201,False
2026-05-14 14:22:06.978257,WARNING,notification-service,Database query executed in 289ms,289,201,False
2026-05-14 14:41:16.978257,ERROR,payment-service,Unhandled exception in request pipeline,2656,500,True
2026-05-14 14:43:05.978257,WARNING,inventory-service,Health check passed,115,201,False
2026-05-14 14:45:10.978257,INFO,auth-service,Order status updated,191,201,False
2026-05-14 14:47:54.978257,WARNING,notification-service,Request processed successfully,261,201,False
2026-05-14 14:50:08.978257,WARNING,notification-service,Session created for user,395,200,False
2026-05-14 14:53:57.978257,WARNING,auth-service,Order status updated,481,201,False
2026-05-14 15:08:59.978257,CRITICAL,payment-service,Service unreachable after 3 retries,7100,502,True
2026-05-14 15:09:04.978257,WARNING,notification-service,User authenticated,342,201,False
2026-05-14 15:10:24.978257,INFO,notification-service,Request processed successfully,305,201,False
2026-05-14 15:13:20.978257,WARNING,notification-service,Cache hit for key,111,200,False
2026-05-14 15:18:25.978257,INFO,api-gateway,Request processed successfully,309,201,False
2026-05-14 15:25:59.978257,WARNING,notification-service,Request processed successfully,353,201,False
2026-05-14 15:29:22.978257,INFO,inventory-service,Cache hit for key,395,201,False
2026-05-14 15:31:47.978257,WARNING,inventory-service,Request processed successfully,102,200,False
2026-05-14 15:33:07.978257,WARNING,auth-service,Request processed successfully,346,200,False
2026-05-14 15:35:05.978257,INFO,api-gateway,Session created for user,131,201,False
2026-05-14 15:40:03.978257,INFO,notification-service,Session created for user,396,200,False
2026-05-14 15:44:37.978257,INFO,auth-service,Health check passed,417,200,False
2026-05-14 15:46:44.978257,WARNING,inventory-service,Cache hit for key,182,200,False
2026-05-14 15:48:57.978257,WARNING,notification-service,Health check passed,456,200,False
2026-05-14 15:49:34.978257,WARNING,payment-service,Database query executed in 483ms,483,200,False
2026-05-14 15:50:50.978257,INFO,payment-service,Order status updated,473,201,False
2026-05-14 16:15:44.978257,INFO,auth-service,User authenticated,136,200,False
2026-05-14 16:19:48.978257,INFO,auth-service,Database query executed in 155ms,155,200,False
2026-05-14 16:22:23.978257,WARNING,api-gateway,User authenticated,484,200,False
2026-05-14 16:50:58.978257,INFO,api-gateway,Cache hit for key,277,201,False
2026-05-14 16:58:39.978257,WARNING,api-gateway,Request processed successfully,341,200,False
2026-05-14 16:59:12.978257,INFO,notification-service,User authenticated,279,200,False
2026-05-14 17:01:14.978257,WARNING,api-gateway,Order status updated,388,201,False
2026-05-14 17:02:12.978257,WARNING,notification-service,User authenticated,222,201,False
2026-05-14 17:03:02.978257,INFO,auth-service,Order status updated,85,201,False
2026-05-14 17:06:18.978257,WARNING,inventory-service,User authenticated,133,200,False
2026-05-14 17:08:09.978257,INFO,payment-service,Request processed successfully,227,200,False
2026-05-14 17:11:42.978257,ERROR,auth-service,Service unreachable after 3 retries,3690,500,True
2026-05-14 17:18:01.978257,ERROR,api-gateway,Unhandled exception in request pipeline,7758,503,True
2026-05-14 17:25:13.978257,WARNING,inventory-service,Session created for user,107,201,False
2026-05-14 17:30:41.978257,WARNING,notification-service,User authenticated,176,201,False
2026-05-14 17:47:42.978257,INFO,notification-service,User authenticated,462,201,False
2026-05-14 17:47:46.978257,INFO,payment-service,Cache hit for key,53,201,False
2026-05-14 17:48:26.978257,INFO,notification-service,Session created for user,322,201,False
2026-05-14 17:48:31.978257,WARNING,inventory-service,Order status updated,258,200,False
2026-05-14 17:50:04.978257,CRITICAL,api-gateway,Connection timeout after 2284ms,2284,503,True
2026-05-14 17:54:15.978257,INFO,inventory-service,Order status updated,416,201,False
2026-05-14 18:17:48.978257,INFO,api-gateway,Request processed successfully,205,200,False
2026-05-14 18:21:45.978257,ERROR,auth-service,Unhandled exception in request pipeline,8523,502,True
2026-05-14 18:22:40.978257,INFO,auth-service,Order status updated,223,201,False
2026-05-14 18:24:26.978257,WARNING,api-gateway,Health check passed,408,201,False
2026-05-14 18:25:15.978257,WARNING,payment-service,Session created for user,489,201,False
2026-05-14 18:29:47.978257,WARNING,auth-service,Health check passed,185,201,False
2026-05-14 18:37:30.978257,INFO,inventory-service,Database query executed in 259ms,259,200,False
2026-05-14 18:37:48.978257,WARNING,notification-service,Health check passed,198,200,False
2026-05-14 18:45:36.978257,INFO,payment-service,Order status updated,415,201,False
2026-05-14 18:46:13.978257,WARNING,notification-service,User authenticated,374,200,False
2026-05-14 18:46:32.978257,INFO,notification-service,Database query executed in 366ms,366,201,False
2026-05-14 18:47:33.978257,CRITICAL,auth-service,Unhandled exception in request pipeline,8852,500,True
2026-05-14 18:57:36.978257,WARNING,inventory-service,Health check passed,384,201,False
2026-05-14 19:06:33.978257,WARNING,notification-service,Request processed successfully,152,200,False
2026-05-14 19:24:53.978257,INFO,notification-service,Health check passed,297,201,False
2026-05-14 19:34:50.978257,WARNING,api-gateway,User authenticated,183,200,False
2026-05-14 19:38:55.978257,WARNING,inventory-service,Order status updated,175,201,False
2026-05-14 19:40:15.978257,WARNING,api-gateway,Cache hit for key,182,200,False
2026-05-14 19:49:18.978257,WARNING,api-gateway,Order status updated,194,200,False
2026-05-14 19:51:24.978257,INFO,auth-service,Session created for user,115,201,False
2026-05-14 20:00:49.978257,INFO,api-gateway,Order status updated,131,201,False
2026-05-14 20:04:39.978257,INFO,inventory-service,Health check passed,386,201,False
2026-05-14 20:09:08.978257,INFO,notification-service,Cache hit for key,155,201,False
2026-05-14 20:09:50.978257,WARNING,api-gateway,Health check passed,447,200,False
2026-05-14 20:12:25.978257,INFO,notification-service,User authenticated,340,201,False
2026-05-14 20:26:21.978257,INFO,api-gateway,Request processed successfully,379,201,False
2026-05-14 20:31:37.978257,WARNING,inventory-service,Cache hit for key,351,200,False
2026-05-14 20:41:55.978257,WARNING,api-gateway,Order status updated,353,200,False
2026-05-14 20:46:40.978257,WARNING,api-gateway,Health check passed,465,200,False
2026-05-14 20:59:37.978257,CRITICAL,notification-service,Unhandled exception in request pipeline,4555,502,True
2026-05-14 21:00:34.978257,WARNING,api-gateway,Database query executed in 208ms,208,200,False
2026-05-14 21:08:17.978257,CRITICAL,notification-service,Connection timeout after 7587ms,7587,503,True
2026-05-14 21:08:48.978257,WARNING,api-gateway,Cache hit for key,462,201,False
2026-05-14 21:09:11.978257,INFO,notification-service,Cache hit for key,322,201,False
2026-05-14 21:13:46.978257,INFO,notification-service,Health check passed,246,201,False
2026-05-14 21:14:02.978257,WARNING,api-gateway,Health check passed,336,201,False
2026-05-14 21:17:12.978257,INFO,notification-service,Order status updated,342,201,False
2026-05-14 21:28:48.978257,INFO,auth-service,Session created for user,100,201,False
2026-05-14 21:30:35.978257,WARNING,inventory-service,Request processed successfully,460,200,False
2026-05-14 21:31:11.978257,INFO,notification-service,Cache hit for key,460,200,False
2026-05-14 21:41:03.978257,INFO,payment-service,Health check passed,121,200,False
2026-05-14 21:43:15.978257,INFO,api-gateway,Session created for user,433,201,False
2026-05-14 21:43:49.978257,INFO,inventory-service,Health check passed,425,200,False
2026-05-14 21:51:15.978257,INFO,notification-service,Request processed successfully,234,200,False
2026-05-14 21:57:57.978257,CRITICAL,api-gateway,Database connection pool exhausted,6641,502,True
2026-05-14 21:59:40.978257,WARNING,api-gateway,User authenticated,411,200,False
2026-05-14 22:00:28.978257,ERROR,api-gateway,Database connection pool exhausted,5550,500,True
2026-05-14 22:02:18.978257,WARNING,api-gateway,User authenticated,54,201,False
2026-05-14 22:13:35.978257,INFO,notification-service,Order status updated,437,200,False
2026-05-14 22:16:42.978257,INFO,notification-service,Database query executed in 162ms,162,201,False
2026-05-14 22:20:19.978257,WARNING,api-gateway,User authenticated,299,201,False
2026-05-14 22:27:44.978257,INFO,api-gateway,Order status updated,146,201,False
2026-05-14 22:29:57.978257,CRITICAL,inventory-service,Memory usage exceeded threshold,4715,500,True
2026-05-14 22:31:16.978257,WARNING,payment-service,Database query executed in 141ms,141,200,False
2026-05-14 22:31:44.978257,WARNING,api-gateway,Order status updated,362,200,False
2026-05-14 22:39:24.978257,INFO,payment-service,Database query executed in 89ms,89,201,False
2026-05-14 22:45:03.978257,WARNING,auth-service,Database query executed in 183ms,183,201,False
2026-05-14 22:45:35.978257,WARNING,api-gateway,Session created for user,109,201,False
2026-05-14 22:51:51.978257,INFO,notification-service,User authenticated,311,200,False
2026-05-14 22:56:53.978257,CRITICAL,auth-service,Unhandled exception in request pipeline,3685,500,True
2026-05-14 22:59:52.978257,WARNING,payment-service,Health check passed,494,200,False
2026-05-14 23:01:06.978257,WARNING,inventory-service,Health check passed,401,200,False
2026-05-14 23:03:54.978257,INFO,inventory-service,Request processed successfully,342,200,False
2026-05-14 23:04:42.978257,INFO,api-gateway,Health check passed,461,200,False
2026-05-14 23:10:10.978257,INFO,inventory-service,Cache hit for key,370,200,False
2026-05-14 23:10:24.978257,WARNING,api-gateway,Health check passed,139,200,False
2026-05-14 23:14:03.978257,WARNING,notification-service,Order status updated,447,201,False
2026-05-14 23:16:12.978257,INFO,api-gateway,Database query executed in 249ms,249,201,False
2026-05-14 23:16:20.978257,WARNING,auth-service,Order status updated,97,201,False
2026-05-14 23:19:15.978257,WARNING,notification-service,Session created for user,65,201,False
2026-05-14 23:21:03.978257,WARNING,auth-service,Request processed successfully,499,201,False
2026-05-14 23:26:23.978257,WARNING,inventory-service,Session created for user,477,201,False
2026-05-14 23:29:24.978257,WARNING,notification-service,User authenticated,134,200,False
2026-05-14 23:32:03.978257,WARNING,api-gateway,Request processed successfully,124,201,False
2026-05-14 23:37:36.978257,WARNING,inventory-service,Database query executed in 388ms,388,200,False
2026-05-14 23:41:52.978257,INFO,inventory-service,Request processed successfully,160,201,False
2026-05-14 23:42:13.978257,INFO,inventory-service,Request processed successfully,446,201,False
2026-05-14 23:43:15.978257,WARNING,payment-service,Session created for user,185,201,False
2026-05-14 23:44:30.978257,WARNING,inventory-service,Cache hit for key,75,200,False
2026-05-14 23:45:53.978257,ERROR,payment-service,Connection timeout after 5282ms,5282,500,True
2026-05-14 23:48:57.978257,WARNING,payment-service,Health check passed,197,201,False
2026-05-15 00:03:14.978257,WARNING,inventory-service,Database query executed in 389ms,389,201,False
2026-05-15 00:05:57.978257,WARNING,payment-service,Request processed successfully,309,201,False
2026-05-15 00:08:44.978257,WARNING,auth-service,User authenticated,279,201,False
2026-05-15 00:12:11.978257,INFO,auth-service,Session created for user,154,200,False
2026-05-15 00:13:12.978257,INFO,payment-service,Cache hit for key,149,200,False
2026-05-15 00:13:21.978257,WARNING,notification-service,User authenticated,448,200,False
2026-05-15 00:21:13.978257,INFO,payment-service,Cache hit for key,301,201,False
2026-05-15 00:28:09.978257,WARNING,inventory-service,Health check passed,175,200,False
2026-05-15 00:28:24.978257,WARNING,auth-service,Order status updated,255,200,False
2026-05-15 00:31:29.978257,INFO,auth-service,Cache hit for key,450,200,False
2026-05-15 00:34:33.978257,WARNING,inventory-service,Request processed successfully,396,201,False
2026-05-15 00:40:45.978257,INFO,inventory-service,Session created for user,371,201,False
2026-05-15 00:41:14.978257,CRITICAL,api-gateway,Memory usage exceeded threshold,2827,502,True
2026-05-15 00:41:48.978257,WARNING,inventory-service,Session created for user,242,201,False
2026-05-15 00:44:54.978257,INFO,api-gateway,Session created for user,498,200,False
2026-05-15 00:46:08.978257,WARNING,api-gateway,Cache hit for key,319,200,False
2026-05-15 00:59:26.978257,INFO,api-gateway,Database query executed in 236ms,236,200,False
2026-05-15 01:00:40.978257,WARNING,api-gateway,Request processed successfully,111,200,False
2026-05-15 01:02:28.978257,WARNING,api-gateway,Health check passed,218,201,False
2026-05-15 01:04:00.978257,WARNING,api-gateway,Cache hit for key,186,201,False
2026-05-15 01:09:15.978257,WARNING,inventory-service,Cache hit for key,407,201,False
2026-05-15 01:14:16.978257,INFO,api-gateway,Request processed successfully,449,201,False
2026-05-15 01:20:16.978257,INFO,auth-service,Order status updated,336,200,False
2026-05-15 01:30:15.978257,WARNING,notification-service,User authenticated,410,201,False
2026-05-15 01:31:30.978257,INFO,notification-service,Database query executed in 229ms,229,201,False
2026-05-15 01:34:05.978257,INFO,api-gateway,Cache hit for key,447,201,False
2026-05-15 01:35:17.978257,WARNING,notification-service,Order status updated,380,200,False
2026-05-15 01:35:55.978257,WARNING,api-gateway,Order status updated,199,201,False
2026-05-15 01:37:45.978257,WARNING,auth-service,Order status updated,81,201,False
2026-05-15 01:42:19.978257,ERROR,notification-service,Database connection pool exhausted,3420,503,True
2026-05-15 01:52:44.978257,CRITICAL,auth-service,Memory usage exceeded threshold,4691,500,True
2026-05-15 01:53:17.978257,WARNING,inventory-service,Health check passed,273,200,False
2026-05-15 01:54:44.978257,WARNING,notification-service,User authenticated,407,200,False
2026-05-15 01:56:22.978257,WARNING,notification-service,Cache hit for key,465,200,False
2026-05-15 01:58:59.978257,WARNING,api-gateway,Cache hit for key,228,200,False
2026-05-15 02:02:03.978257,WARNING,inventory-service,User authenticated,265,200,False
2026-05-15 02:03:38.978257,WARNING,auth-service,Order status updated,480,201,False
2026-05-15 02:04:56.978257,INFO,notification-service,Session created for user,125,201,False
2026-05-15 02:15:04.978257,WARNING,notification-service,User authenticated,380,201,False
2026-05-15 02:19:11.978257,INFO,auth-service,User authenticated,346,201,False
2026-05-15 02:20:38.978257,INFO,api-gateway,User authenticated,170,200,False
2026-05-15 02:24:39.978257,WARNING,auth-service,Order status updated,484,200,False
2026-05-15 02:25:41.978257,INFO,notification-service,Database query executed in 437ms,437,201,False
2026-05-15 02:35:41.978257,WARNING,api-gateway,Session created for user,341,201,False
2026-05-15 02:43:05.978257,WARNING,auth-service,User authenticated,361,200,False
2026-05-15 02:48:07.978257,WARNING,payment-service,User authenticated,244,201,False
2026-05-15 02:49:30.978257,INFO,notification-service,Health check passed,330,200,False
2026-05-15 02:50:07.978257,INFO,api-gateway,Health check passed,75,201,False
2026-05-15 02:59:15.978257,INFO,notification-service,Request processed successfully,81,200,False
2026-05-15 03:05:34.978257,WARNING,inventory-service,Session created for user,242,201,False
2026-05-15 03:05:38.978257,ERROR,notification-service,Unhandled exception in request pipeline,8807,503,True
2026-05-15 03:24:47.978257,WARNING,notification-service,User authenticated,382,200,False
2026-05-15 03:34:53.978257,CRITICAL,auth-service,Database connection pool exhausted,7903,503,True
2026-05-15 03:41:15.978257,WARNING,notification-service,Order status updated,191,200,False
2026-05-15 03:46:07.978257,WARNING,inventory-service,Session created for user,297,201,False
2026-05-15 03:46:25.978257,WARNING,payment-service,Health check passed,478,201,False
2026-05-15 03:50:09.978257,WARNING,api-gateway,Request processed successfully,452,200,False
2026-05-15 03:50:52.978257,INFO,inventory-service,Request processed successfully,174,201,False
2026-05-15 03:55:31.978257,INFO,api-gateway,Order status updated,392,201,False
2026-05-15 04:03:08.978257,INFO,payment-service,Request processed successfully,213,201,False
2026-05-15 04:06:31.978257,WARNING,inventory-service,User authenticated,153,201,False
2026-05-15 04:07:15.978257,INFO,notification-service,User authenticated,172,200,False
2026-05-15 04:14:09.978257,INFO,payment-service,Database query executed in 312ms,312,200,False
2026-05-15 04:24:57.978257,ERROR,notification-service,Connection timeout after 3994ms,3994,503,True
2026-05-15 04:27:03.978257,INFO,notification-service,Database query executed in 441ms,441,201,False
2026-05-15 04:27:24.978257,WARNING,notification-service,Session created for user,334,200,False
2026-05-15 04:28:47.978257,ERROR,payment-service,Database connection pool exhausted,8860,503,True
2026-05-15 04:37:27.978257,WARNING,payment-service,Order status updated,192,200,False
2026-05-15 04:38:13.978257,WARNING,notification-service,User authenticated,307,200,False
2026-05-15 04:42:04.978257,WARNING,auth-service,Database query executed in 60ms,60,200,False
2026-05-15 04:47:13.978257,INFO,auth-service,Request processed successfully,126,201,False
2026-05-15 04:50:15.978257,INFO,auth-service,Cache hit for key,496,201,False
2026-05-15 04:53:53.978257,WARNING,inventory-service,Request processed successfully,292,200,False
2026-05-15 05:04:36.978257,WARNING,api-gateway,Health check passed,488,201,False
2026-05-15 05:11:59.978257,WARNING,auth-service,User authenticated,413,200,False
2026-05-15 05:21:48.978257,INFO,notification-service,Cache hit for key,314,201,False
2026-05-15 05:23:31.978257,WARNING,api-gateway,Health check passed,186,201,False
2026-05-15 05:29:07.978257,INFO,payment-service,Health check passed,144,201,False
2026-05-15 05:46:09.978257,INFO,inventory-service,Session created for user,337,201,False
2026-05-15 05:46:58.978257,INFO,inventory-service,Health check passed,241,200,False
2026-05-15 05:55:20.978257,WARNING,api-gateway,Health check passed,132,200,False
2026-05-15 06:00:48.978257,INFO,notification-service,Request processed successfully,75,201,False
2026-05-15 06:01:02.978257,WARNING,api-gateway,Cache hit for key,480,201,False
2026-05-15 06:01:34.978257,INFO,auth-service,Order status updated,475,201,False
2026-05-15 06:09:53.978257,WARNING,payment-service,Cache hit for key,238,201,False
2026-05-15 06:14:10.978257,WARNING,auth-service,Health check passed,363,200,False
2026-05-15 06:15:30.978257,INFO,payment-service,Session created for user,293,201,False
2026-05-15 06:24:13.978257,WARNING,auth-service,Request processed successfully,182,201,False
2026-05-15 06:24:50.978257,INFO,inventory-service,Health check passed,428,201,False
2026-05-15 06:26:45.978257,INFO,auth-service,Session created for user,492,200,False
2026-05-15 06:32:00.978257,INFO,inventory-service,Order status updated,88,201,False
2026-05-15 06:43:49.978257,INFO,payment-service,Order status updated,385,200,False
2026-05-15 06:44:42.978257,WARNING,notification-service,Request processed successfully,205,200,False
2026-05-15 06:44:59.978257,WARNING,payment-service,Request processed successfully,318,200,False
2026-05-15 06:48:58.978257,INFO,auth-service,Cache hit for key,417,201,False
2026-05-15 07:01:47.978257,CRITICAL,auth-service,Service unreachable after 3 retries,3777,500,True
2026-05-15 07:10:39.978257,INFO,inventory-service,Database query executed in 244ms,244,200,False
2026-05-15 07:18:02.978257,WARNING,api-gateway,Cache hit for key,491,200,False
2026-05-15 07:20:21.978257,WARNING,auth-service,Health check passed,159,200,False
2026-05-15 07:24:42.978257,CRITICAL,payment-service,Memory usage exceeded threshold,5399,503,True
2026-05-15 07:24:47.978257,INFO,api-gateway,Database query executed in 402ms,402,201,False
2026-05-15 07:26:41.978257,INFO,inventory-service,Request processed successfully,459,200,False
2026-05-15 07:36:24.978257,INFO,notification-service,Database query executed in 335ms,335,201,False
2026-05-15 07:44:31.978257,WARNING,api-gateway,Session created for user,177,200,False
2026-05-15 07:46:27.978257,WARNING,api-gateway,Request processed successfully,409,201,False
2026-05-15 07:50:10.978257,CRITICAL,inventory-service,Service unreachable after 3 retries,2166,502,True
2026-05-15 07:50:43.978257,INFO,inventory-service,Session created for user,277,201,False
2026-05-15 08:01:37.978257,INFO,payment-service,User authenticated,235,200,False
2026-05-15 08:03:38.978257,WARNING,notification-service,User authenticated,362,200,False
2026-05-15 08:16:06.978257,WARNING,api-gateway,Session created for user,243,200,False
2026-05-15 08:24:08.978257,WARNING,auth-service,Order status updated,137,200,False
2026-05-15 08:36:37.978257,INFO,notification-service,Session created for user,142,201,False
2026-05-15 08:40:25.978257,INFO,inventory-service,Cache hit for key,363,200,False
2026-05-15 08:40:36.978257,WARNING,notification-service,User authenticated,313,200,False
2026-05-15 08:41:44.978257,INFO,inventory-service,Health check passed,263,201,False
2026-05-15 08:44:11.978257,WARNING,auth-service,Cache hit for key,286,200,False
2026-05-15 08:48:55.978257,WARNING,inventory-service,Request processed successfully,364,201,False
2026-05-15 09:07:51.978257,INFO,inventory-service,Cache hit for key,304,200,False
2026-05-15 09:17:23.978257,WARNING,auth-service,Order status updated,406,200,False
2026-05-15 09:17:47.978257,INFO,payment-service,Health check passed,263,200,False
2026-05-15 09:48:57.978257,INFO,api-gateway,Request processed successfully,112,201,False
2026-05-15 09:55:17.978257,WARNING,payment-service,Database query executed in 235ms,235,201,False
2026-05-15 09:58:15.978257,INFO,payment-service,Database query executed in 87ms,87,201,False
2026-05-15 10:02:31.978257,INFO,api-gateway,Database query executed in 336ms,336,200,False
2026-05-15 10:07:49.978257,WARNING,notification-service,User authenticated,231,200,False
2026-05-15 10:12:58.978257,WARNING,notification-service,User authenticated,110,201,False
2026-05-15 10:24:16.978257,INFO,payment-service,Order status updated,409,200,False
2026-05-15 10:26:07.978257,INFO,notification-service,Session created for user,464,200,False
2026-05-15 10:28:54.978257,INFO,payment-service,Order status updated,201,200,False
2026-05-15 10:35:08.978257,WARNING,notification-service,Cache hit for key,300,200,False
2026-05-15 10:36:57.978257,ERROR,payment-service,Unhandled exception in request pipeline,8626,502,True
2026-05-15 10:37:11.978257,INFO,notification-service,Database query executed in 170ms,170,201,False
2026-05-15 10:37:21.978257,INFO,payment-service,Request processed successfully,360,201,False
2026-05-15 10:40:05.978257,WARNING,notification-service,User authenticated,227,201,False
2026-05-15 10:43:56.978257,INFO,api-gateway,Cache hit for key,437,201,False
2026-05-15 10:52:52.978257,WARNING,inventory-service,Cache hit for key,107,200,False
2026-05-15 10:57:15.978257,WARNING,inventory-service,Session created for user,122,201,False
2026-05-15 11:00:20.978257,WARNING,payment-service,Health check passed,463,200,False
2026-05-15 11:00:42.978257,WARNING,auth-service,Health check passed,451,201,False
2026-05-15 11:09:10.978257,INFO,payment-service,Order status updated,171,200,False
2026-05-15 11:11:58.978257,WARNING,inventory-service,Cache hit for key,212,201,False
2026-05-15 11:17:34.978257,INFO,inventory-service,Session created for user,254,200,False
2026-05-15 11:20:50.978257,INFO,auth-service,Session created for user,211,200,False
2026-05-15 11:26:11.978257,CRITICAL,inventory-service,Unhandled exception in request pipeline,2005,503,True
2026-05-15 11:32:59.978257,WARNING,payment-service,Cache hit for key,66,200,False
2026-05-15 11:34:11.978257,INFO,inventory-service,Order status updated,165,201,False
2026-05-15 11:36:41.978257,WARNING,auth-service,Order status updated,366,200,False
2026-05-15 11:42:14.978257,WARNING,notification-service,Order status updated,171,201,False
2026-05-15 11:42:32.978257,INFO,inventory-service,Health check passed,133,200,False
2026-05-15 11:54:52.978257,INFO,api-gateway,Order status updated,383,201,False
2026-05-15 11:56:10.978257,INFO,auth-service,Cache hit for key,466,201,False
2026-05-15 11:59:30.978257,WARNING,inventory-service,Database query executed in 169ms,169,201,False
2026-05-15 12:28:15.978257,INFO,auth-service,Database query executed in 120ms,120,200,False
2026-05-15 12:33:23.978257,INFO,inventory-service,Health check passed,149,201,False
2026-05-15 12:41:06.978257,INFO,notification-service,Request processed successfully,235,201,False
2026-05-15 12:42:38.978257,INFO,notification-service,Session created for user,93,200,False
2026-05-15 12:43:48.978257,WARNING,payment-service,Order status updated,497,201,False
2026-05-15 12:52:11.978257,WARNING,payment-service,Database query executed in 195ms,195,201,False
2026-05-15 12:54:07.978257,INFO,inventory-service,Database query executed in 371ms,371,200,False
2026-05-15 12:56:33.978257,INFO,inventory-service,Order status updated,215,200,False
2026-05-15 13:04:30.978257,INFO,notification-service,Health check passed,65,200,False
2026-05-15 13:08:22.978257,ERROR,notification-service,Unhandled exception in request pipeline,4783,503,True
2026-05-15 13:10:32.978257,ERROR,auth-service,Database connection pool exhausted,7081,500,True
2026-05-15 13:11:28.978257,INFO,auth-service,Health check passed,53,200,False
2026-05-15 13:13:00.978257,INFO,notification-service,Database query executed in 121ms,121,201,False
2026-05-15 13:19:11.978257,WARNING,notification-service,Order status updated,83,201,False
2026-05-15 13:20:51.978257,WARNING,auth-service,Session created for user,235,201,False
2026-05-15 13:25:58.978257,INFO,notification-service,Request processed successfully,399,201,False
2026-05-15 13:28:34.978257,WARNING,api-gateway,Request processed successfully,113,201,False
2026-05-15 13:32:06.978257,WARNING,api-gateway,Cache hit for key,449,200,False
2026-05-15 13:34:07.978257,ERROR,api-gateway,Unhandled exception in request pipeline,2545,503,True
2026-05-15 13:35:21.978257,WARNING,auth-service,Session created for user,129,200,False
2026-05-15 13:46:59.978257,WARNING,api-gateway,Health check passed,407,201,False
2026-05-15 13:49:34.978257,WARNING,notification-service,Health check passed,287,200,False
2026-05-15 13:59:41.978257,WARNING,notification-service,User authenticated,62,201,False
2026-05-15 14:02:15.978257,INFO,inventory-service,Database query executed in 333ms,333,200,False
2026-05-15 14:13:00.978257,INFO,api-gateway,Order status updated,351,200,False
2026-05-15 14:16:12.978257,WARNING,api-gateway,User authenticated,216,201,False
2026-05-15 14:21:26.978257,INFO,payment-service,Order status updated,91,200,False
2026-05-15 14:21:51.978257,WARNING,notification-service,Request processed successfully,463,201,False
2026-05-15 14:27:07.978257,WARNING,api-gateway,Request processed successfully,186,200,False
2026-05-15 14:27:21.978257,WARNING,inventory-service,User authenticated,66,200,False
2026-05-15 14:28:37.978257,INFO,inventory-service,Session created for user,122,201,False
2026-05-15 14:30:38.978257,WARNING,api-gateway,Health check passed,280,201,False
2026-05-15 14:31:14.978257,WARNING,inventory-service,Health check passed,212,201,False
2026-05-15 14:55:17.978257,WARNING,notification-service,Request processed successfully,119,200,False
2026-05-15 14:56:48.978257,ERROR,api-gateway,Database connection pool exhausted,7209,502,True
2026-05-15 15:03:10.978257,WARNING,api-gateway,Health check passed,242,201,False
2026-05-15 15:09:18.978257,INFO,payment-service,Database query executed in 151ms,151,201,False
2026-05-15 15:11:11.978257,INFO,auth-service,Order status updated,177,200,False
2026-05-15 15:14:05.978257,INFO,notification-service,User authenticated,165,201,False
2026-05-15 15:15:34.978257,INFO,auth-service,User authenticated,179,201,False
2026-05-15 15:16:55.978257,WARNING,notification-service,Cache hit for key,279,200,False
2026-05-15 15:22:56.978257,INFO,auth-service,Request processed successfully,238,200,False
2026-05-15 15:24:18.978257,WARNING,api-gateway,Cache hit for key,278,200,False
2026-05-15 15:24:28.978257,WARNING,api-gateway,Database query executed in 155ms,155,201,False
2026-05-15 15:26:16.978257,WARNING,notification-service,Cache hit for key,347,201,False
2026-05-15 15:27:17.978257,WARNING,inventory-service,Request processed successfully,161,200,False
2026-05-15 15:31:51.978257,INFO,inventory-service,Session created for user,403,201,False
2026-05-15 15:41:52.978257,INFO,payment-service,Database query executed in 482ms,482,201,False
2026-05-15 15:46:32.978257,WARNING,api-gateway,User authenticated,331,200,False
2026-05-15 15:51:36.978257,WARNING,api-gateway,Session created for user,137,200,False
2026-05-15 16:00:21.978257,CRITICAL,inventory-service,Unhandled exception in request pipeline,2266,503,True
2026-05-15 16:11:01.978257,INFO,auth-service,Database query executed in 165ms,165,201,False
2026-05-15 16:13:57.978257,INFO,inventory-service,User authenticated,232,200,False
2026-05-15 16:19:03.978257,WARNING,notification-service,Order status updated,63,200,False
2026-05-15 16:19:13.978257,INFO,auth-service,Database query executed in 383ms,383,200,False
2026-05-15 16:24:40.978257,INFO,notification-service,Cache hit for key,249,200,False
2026-05-15 16:35:17.978257,CRITICAL,inventory-service,Service unreachable after 3 retries,4937,500,True
2026-05-15 16:50:53.978257,WARNING,inventory-service,Session created for user,253,201,False
2026-05-15 17:00:44.978257,INFO,notification-service,User authenticated,392,201,False
2026-05-15 17:02:37.978257,WARNING,notification-service,Session created for user,152,200,False
2026-05-15 17:02:40.978257,INFO,api-gateway,Request processed successfully,377,200,False
2026-05-15 17:11:19.978257,INFO,inventory-service,User authenticated,59,200,False
2026-05-15 17:13:50.978257,WARNING,payment-service,Health check passed,332,201,False
2026-05-15 17:18:43.978257,INFO,notification-service,Request processed successfully,482,200,False
2026-05-15 17:25:03.978257,INFO,payment-service,Cache hit for key,399,201,False
2026-05-15 17:26:17.978257,INFO,payment-service,Request processed successfully,437,201,False
2026-05-15 17:30:52.978257,INFO,inventory-service,Request processed successfully,219,201,False
2026-05-15 17:31:47.978257,INFO,inventory-service,Database query executed in 474ms,474,200,False
2026-05-15 17:33:20.978257,INFO,notification-service,Request processed successfully,490,200,False
2026-05-15 17:33:36.978257,INFO,payment-service,Order status updated,84,201,False
2026-05-15 17:33:42.978257,INFO,notification-service,Order status updated,104,200,False
2026-05-15 17:39:07.978257,INFO,auth-service,Order status updated,135,201,False
2026-05-15 17:44:45.978257,WARNING,payment-service,Cache hit for key,296,201,False
2026-05-15 17:45:04.978257,WARNING,api-gateway,Session created for user,460,201,False
2026-05-15 17:51:56.978257,WARNING,inventory-service,Session created for user,217,200,False
2026-05-15 17:52:58.978257,WARNING,api-gateway,User authenticated,199,200,False
2026-05-15 17:56:07.978257,INFO,auth-service,User authenticated,440,201,False
2026-05-15 17:59:37.978257,INFO,payment-service,Order status updated,327,201,False
2026-05-15 18:01:41.978257,INFO,payment-service,Database query executed in 89ms,89,201,False
2026-05-15 18:01:46.978257,WARNING,api-gateway,Session created for user,369,201,False
2026-05-15 18:09:07.978257,INFO,notification-service,Health check passed,155,201,False
2026-05-15 18:16:01.978257,ERROR,inventory-service,Unhandled exception in request pipeline,4985,500,True
2026-05-15 18:22:37.978257,WARNING,api-gateway,User authenticated,390,200,False
2026-05-15 18:27:52.978257,INFO,inventory-service,Session created for user,109,200,False
2026-05-15 18:29:09.978257,INFO,auth-service,Request processed successfully,315,200,False
2026-05-15 18:31:37.978257,WARNING,api-gateway,Order status updated,146,200,False
2026-05-15 18:34:50.978257,CRITICAL,inventory-service,Service unreachable after 3 retries,5230,500,True
2026-05-15 18:44:35.978257,WARNING,auth-service,Order status updated,451,200,False
2026-05-15 18:52:50.978257,WARNING,notification-service,Order status updated,301,200,False
2026-05-15 19:04:12.978257,INFO,auth-service,Health check passed,288,200,False
2026-05-15 19:08:08.978257,CRITICAL,auth-service,Database connection pool exhausted,5265,502,True
2026-05-15 19:08:41.978257,WARNING,api-gateway,Database query executed in 96ms,96,200,False
2026-05-15 19:13:53.978257,INFO,notification-service,Order status updated,236,201,False
2026-05-15 19:14:35.978257,WARNING,api-gateway,Order status updated,421,201,False
2026-05-15 19:19:00.978257,WARNING,inventory-service,Database query executed in 381ms,381,200,False
2026-05-15 19:20:10.978257,CRITICAL,payment-service,Memory usage exceeded threshold,5594,503,True
2026-05-15 19:23:06.978257,WARNING,notification-service,User authenticated,458,200,False
2026-05-15 19:39:26.978257,WARNING,notification-service,Session created for user,482,201,False
2026-05-15 19:41:56.978257,WARNING,notification-service,Cache hit for key,189,200,False
2026-05-15 19:46:51.978257,WARNING,inventory-service,Session created for user,419,200,False
2026-05-15 19:53:09.978257,WARNING,payment-service,Cache hit for key,226,201,False
2026-05-15 19:56:46.978257,INFO,auth-service,User authenticated,462,201,False
2026-05-15 20:01:18.978257,WARNING,api-gateway,User authenticated,344,200,False
2026-05-15 20:04:20.978257,WARNING,api-gateway,Session created for user,253,201,False
2026-05-15 20:04:33.978257,WARNING,inventory-service,Database query executed in 349ms,349,200,False
2026-05-15 20:10:59.978257,WARNING,api-gateway,Cache hit for key,381,200,False
2026-05-15 20:13:51.978257,WARNING,inventory-service,Request processed successfully,476,200,False
2026-05-15 20:15:57.978257,INFO,api-gateway,Database query executed in 129ms,129,201,False
2026-05-15 20:19:09.978257,INFO,inventory-service,Session created for user,90,200,False
2026-05-15 20:22:00.978257,WARNING,inventory-service,Session created for user,492,200,False
2026-05-15 20:38:31.978257,INFO,payment-service,Database query executed in 396ms,396,201,False
2026-05-15 20:41:21.978257,WARNING,notification-service,Request processed successfully,200,201,False
2026-05-15 20:50:48.978257,WARNING,notification-service,Cache hit for key,124,201,False
2026-05-15 21:01:20.978257,INFO,api-gateway,Database query executed in 323ms,323,200,False
2026-05-15 21:03:27.978257,WARNING,auth-service,Cache hit for key,250,201,False
2026-05-15 21:04:44.978257,INFO,notification-service,Order status updated,479,201,False
2026-05-15 21:09:57.978257,WARNING,inventory-service,User authenticated,447,200,False
2026-05-15 21:13:18.978257,INFO,auth-service,Cache hit for key,444,201,False
2026-05-15 21:15:23.978257,WARNING,api-gateway,Session created for user,328,200,False
2026-05-15 21:17:59.978257,INFO,payment-service,Order status updated,215,201,False
2026-05-15 21:20:51.978257,WARNING,notification-service,Health check passed,382,200,False
2026-05-15 21:23:02.978257,WARNING,api-gateway,Database query executed in 111ms,111,201,False
2026-05-15 21:23:27.978257,WARNING,api-gateway,Order status updated,462,201,False
2026-05-15 21:28:10.978257,WARNING,api-gateway,Database query executed in 395ms,395,200,False
2026-05-15 21:29:18.978257,INFO,api-gateway,Session created for user,498,201,False
2026-05-15 21:33:27.978257,WARNING,notification-service,Database query executed in 181ms,181,201,False
2026-05-15 21:34:01.978257,CRITICAL,notification-service,Database connection pool exhausted,6922,500,True
2026-05-15 21:40:34.978257,WARNING,api-gateway,Session created for user,465,201,False
2026-05-15 21:47:54.978257,WARNING,payment-service,Cache hit for key,472,200,False
2026-05-15 21:49:21.978257,INFO,api-gateway,Session created for user,272,201,False
2026-05-15 21:54:04.978257,INFO,inventory-service,Session created for user,337,201,False
2026-05-15 21:54:37.978257,WARNING,notification-service,Cache hit for key,412,201,False
2026-05-15 21:58:47.978257,INFO,notification-service,Cache hit for key,349,200,False
2026-05-15 22:00:38.978257,INFO,api-gateway,Session created for user,390,200,False
2026-05-15 22:03:37.978257,WARNING,inventory-service,Order status updated,107,201,False
2026-05-15 22:05:27.978257,WARNING,auth-service,Cache hit for key,401,200,False
2026-05-15 22:09:04.978257,WARNING,inventory-service,Database query executed in 478ms,478,201,False
2026-05-15 22:09:54.978257,WARNING,inventory-service,Order status updated,402,201,False
2026-05-15 22:11:15.978257,INFO,inventory-service,Cache hit for key,137,200,False
2026-05-15 22:12:36.978257,INFO,auth-service,Database query executed in 210ms,210,200,False
2026-05-15 22:13:57.978257,INFO,auth-service,Database query executed in 394ms,394,200,False
2026-05-15 22:17:05.978257,INFO,payment-service,Database query executed in 492ms,492,200,False
2026-05-15 22:17:50.978257,INFO,payment-service,User authenticated,368,201,False
2026-05-15 22:19:46.978257,INFO,notification-service,User authenticated,437,201,False
2026-05-15 22:24:33.978257,INFO,auth-service,Cache hit for key,240,201,False
2026-05-15 22:25:58.978257,INFO,auth-service,Session created for user,388,200,False
2026-05-15 22:27:40.978257,INFO,api-gateway,Request processed successfully,145,200,False
2026-05-15 22:33:55.978257,INFO,api-gateway,Database query executed in 455ms,455,200,False
2026-05-15 22:35:40.978257,INFO,auth-service,Health check passed,427,201,False
2026-05-15 22:39:38.978257,INFO,notification-service,Database query executed in 224ms,224,201,False
2026-05-15 22:45:52.978257,INFO,inventory-service,Order status updated,79,200,False
2026-05-15 22:47:59.978257,WARNING,auth-service,Health check passed,413,200,False
2026-05-15 22:53:21.978257,INFO,inventory-service,Order status updated,165,200,False
2026-05-15 22:55:31.978257,WARNING,inventory-service,Database query executed in 232ms,232,200,False
2026-05-15 22:58:34.978257,WARNING,payment-service,Request processed successfully,219,201,False
2026-05-15 22:59:40.978257,INFO,api-gateway,Cache hit for key,329,200,False
2026-05-15 23:03:15.978257,INFO,auth-service,Health check passed,279,201,False
2026-05-15 23:05:27.978257,INFO,api-gateway,Order status updated,289,201,False
2026-05-15 23:09:29.978257,WARNING,inventory-service,User authenticated,75,201,False
2026-05-15 23:27:04.978257,WARNING,notification-service,Database query executed in 125ms,125,201,False
2026-05-15 23:30:10.978257,INFO,payment-service,Cache hit for key,404,201,False
2026-05-15 23:37:45.978257,WARNING,inventory-service,Database query executed in 133ms,133,201,False
2026-05-15 23:42:54.978257,INFO,auth-service,Request processed successfully,396,200,False
2026-05-15 23:45:01.978257,ERROR,inventory-service,Memory usage exceeded threshold,2063,502,True
2026-05-15 23:45:36.978257,INFO,inventory-service,Health check passed,201,201,False
2026-05-15 23:46:29.978257,WARNING,notification-service,Order status updated,216,201,False
2026-05-15 23:47:45.978257,WARNING,inventory-service,Request processed successfully,198,200,False
2026-05-16 00:01:00.978257,INFO,inventory-service,Order status updated,85,201,False
2026-05-16 00:07:10.978257,INFO,api-gateway,Database query executed in 413ms,413,201,False
2026-05-16 00:13:40.978257,WARNING,notification-service,User authenticated,244,201,False
2026-05-16 00:15:34.978257,WARNING,notification-service,Health check passed,164,200,False
2026-05-16 00:15:41.978257,INFO,notification-service,Health check passed,384,201,False
2026-05-16 00:17:59.978257,INFO,notification-service,Database query executed in 355ms,355,201,False
2026-05-16 00:19:53.978257,INFO,payment-service,Order status updated,477,201,False
2026-05-16 00:22:42.978257,INFO,payment-service,Request processed successfully,156,201,False
2026-05-16 00:31:30.978257,WARNING,inventory-service,Order status updated,327,201,False
2026-05-16 00:38:46.978257,WARNING,auth-service,Request processed successfully,259,200,False
2026-05-16 00:46:25.978257,WARNING,api-gateway,Cache hit for key,216,200,False
2026-05-16 00:47:16.978257,WARNING,inventory-service,Database query executed in 383ms,383,201,False
2026-05-16 00:48:06.978257,INFO,inventory-service,Health check passed,445,201,False
2026-05-16 00:54:15.978257,WARNING,api-gateway,Session created for user,417,200,False
2026-05-16 00:55:52.978257,WARNING,api-gateway,Session created for user,390,200,False
2026-05-16 00:56:31.978257,INFO,auth-service,User authenticated,437,201,False
2026-05-16 01:12:26.978257,INFO,auth-service,Order status updated,307,201,False
2026-05-16 01:13:02.978257,WARNING,api-gateway,Session created for user,89,200,False
2026-05-16 01:20:11.978257,ERROR,api-gateway,Memory usage exceeded threshold,3453,500,True
2026-05-16 01:23:39.978257,WARNING,auth-service,Request processed successfully,400,200,False
2026-05-16 01:29:56.978257,INFO,auth-service,Session created for user,123,200,False
2026-05-16 01:30:26.978257,INFO,notification-service,User authenticated,260,201,False
2026-05-16 01:38:29.978257,INFO,api-gateway,Cache hit for key,318,201,False
2026-05-16 01:39:00.978257,WARNING,payment-service,Request processed successfully,82,201,False
2026-05-16 01:44:25.978257,CRITICAL,notification-service,Connection timeout after 4447ms,4447,502,True
2026-05-16 01:47:49.978257,INFO,payment-service,Order status updated,365,200,False
2026-05-16 01:56:09.978257,INFO,inventory-service,Cache hit for key,377,200,False
2026-05-16 02:00:31.978257,INFO,payment-service,Session created for user,374,201,False
2026-05-16 02:01:03.978257,WARNING,inventory-service,Health check passed,315,200,False
2026-05-16 02:02:37.978257,INFO,payment-service,Request processed successfully,415,201,False
2026-05-16 02:09:18.978257,INFO,auth-service,Order status updated,88,201,False
2026-05-16 02:13:02.978257,INFO,api-gateway,User authenticated,119,200,False
2026-05-16 02:14:49.978257,WARNING,auth-service,Cache hit for key,228,200,False
2026-05-16 02:19:45.978257,WARNING,payment-service,Health check passed,300,200,False
2026-05-16 02:29:47.978257,WARNING,payment-service,Order status updated,274,200,False
2026-05-16 02:29:48.978257,WARNING,inventory-service,Cache hit for key,72,200,False
2026-05-16 02:32:11.978257,INFO,inventory-service,User authenticated,184,200,False
2026-05-16 02:34:03.978257,WARNING,payment-service,Health check passed,123,200,False
2026-05-16 03:03:35.978257,WARNING,payment-service,Health check passed,166,201,False
2026-05-16 03:04:49.978257,WARNING,notification-service,User authenticated,220,201,False
2026-05-16 03:08:05.978257,INFO,payment-service,Session created for user,50,200,False
2026-05-16 03:11:37.978257,INFO,inventory-service,Order status updated,278,201,False
2026-05-16 03:15:02.978257,WARNING,api-gateway,Database query executed in 236ms,236,201,False
2026-05-16 03:22:25.978257,WARNING,notification-service,Request processed successfully,58,200,False
2026-05-16 03:24:09.978257,WARNING,payment-service,Database query executed in 320ms,320,200,False
2026-05-16 03:24:27.978257,WARNING,payment-service,Cache hit for key,62,200,False
2026-05-16 03:24:29.978257,CRITICAL,payment-service,Connection timeout after 7753ms,7753,502,True
2026-05-16 03:31:10.978257,INFO,inventory-service,Order status updated,356,201,False
2026-05-16 03:35:34.978257,WARNING,api-gateway,User authenticated,493,200,False
2026-05-16 03:45:40.978257,WARNING,inventory-service,Database query executed in 358ms,358,201,False
2026-05-16 03:48:59.978257,INFO,payment-service,Order status updated,458,200,False
2026-05-16 03:49:16.978257,INFO,inventory-service,Health check passed,105,200,False
2026-05-16 03:51:18.978257,INFO,inventory-service,Health check passed,482,200,False
2026-05-16 03:53:02.978257,ERROR,inventory-service,Memory usage exceeded threshold,5541,503,True
2026-05-16 03:56:50.978257,INFO,api-gateway,Session created for user,242,201,False
2026-05-16 03:58:06.978257,WARNING,payment-service,Request processed successfully,165,200,False
2026-05-16 03:59:32.978257,INFO,inventory-service,Database query executed in 418ms,418,200,False
2026-05-16 04:03:37.978257,INFO,api-gateway,User authenticated,74,200,False
2026-05-16 04:09:14.978257,WARNING,notification-service,Order status updated,333,200,False
2026-05-16 04:12:18.978257,WARNING,notification-service,Order status updated,408,201,False
2026-05-16 04:13:43.978257,INFO,api-gateway,Session created for user,363,200,False
2026-05-16 04:14:00.978257,WARNING,payment-service,Session created for user,482,200,False
2026-05-16 04:17:01.978257,INFO,inventory-service,Health check passed,335,200,False
2026-05-16 04:17:59.978257,INFO,notification-service,User authenticated,84,201,False
2026-05-16 04:22:47.978257,WARNING,inventory-service,User authenticated,324,201,False
2026-05-16 04:24:07.978257,WARNING,inventory-service,Request processed successfully,131,200,False
2026-05-16 04:24:15.978257,WARNING,notification-service,Session created for user,126,200,False
2026-05-16 04:30:01.978257,WARNING,api-gateway,Session created for user,67,201,False
2026-05-16 04:32:49.978257,WARNING,notification-service,Database query executed in 320ms,320,200,False
2026-05-16 04:40:27.978257,INFO,api-gateway,Request processed successfully,485,201,False
2026-05-16 04:41:13.978257,WARNING,api-gateway,Health check passed,312,201,False
2026-05-16 04:51:27.978257,WARNING,api-gateway,Session created for user,276,200,False
2026-05-16 04:54:36.978257,WARNING,payment-service,User authenticated,438,200,False
2026-05-16 04:55:36.978257,ERROR,auth-service,Service unreachable after 3 retries,3533,500,True
2026-05-16 04:58:01.978257,INFO,notification-service,Session created for user,322,200,False
2026-05-16 04:59:18.978257,WARNING,payment-service,Order status updated,63,201,False
2026-05-16 05:00:02.978257,INFO,notification-service,Order status updated,346,201,False
2026-05-16 05:01:14.978257,INFO,notification-service,Session created for user,140,200,False
2026-05-16 05:06:26.978257,INFO,inventory-service,Database query executed in 490ms,490,200,False
2026-05-16 05:06:31.978257,INFO,api-gateway,Session created for user,158,201,False
2026-05-16 05:16:08.978257,WARNING,payment-service,Cache hit for key,128,201,False
2026-05-16 05:18:33.978257,WARNING,notification-service,Health check passed,490,201,False
2026-05-16 05:23:45.978257,WARNING,api-gateway,Database query executed in 415ms,415,200,False
2026-05-16 05:28:36.978257,INFO,payment-service,User authenticated,52,200,False
2026-05-16 05:30:39.978257,WARNING,notification-service,Database query executed in 351ms,351,201,False
2026-05-16 05:32:50.978257,INFO,auth-service,Order status updated,232,200,False
2026-05-16 05:36:11.978257,INFO,auth-service,Session created for user,227,200,False
2026-05-16 05:37:22.978257,INFO,payment-service,Order status updated,282,201,False
2026-05-16 05:37:32.978257,WARNING,auth-service,Request processed successfully,70,201,False
2026-05-16 05:39:42.978257,WARNING,payment-service,Session created for user,301,201,False
2026-05-16 05:41:03.978257,INFO,api-gateway,Request processed successfully,67,201,False
2026-05-16 05:45:01.978257,WARNING,auth-service,User authenticated,411,201,False
2026-05-16 05:47:01.978257,WARNING,notification-service,Order status updated,264,201,False
2026-05-16 05:49:41.978257,WARNING,auth-service,Request processed successfully,400,200,False
2026-05-16 05:54:37.978257,INFO,notification-service,Session created for user,383,200,False
2026-05-16 06:01:34.978257,WARNING,api-gateway,Health check passed,427,200,False
2026-05-16 06:16:29.978257,WARNING,auth-service,Health check passed,234,200,False
2026-05-16 06:28:47.978257,WARNING,auth-service,Health check passed,66,201,False
2026-05-16 06:34:00.978257,INFO,api-gateway,User authenticated,114,201,False
2026-05-16 06:34:15.978257,INFO,inventory-service,Order status updated,212,201,False
2026-05-16 06:39:08.978257,INFO,auth-service,Database query executed in 379ms,379,201,False
2026-05-16 06:40:17.978257,WARNING,api-gateway,Order status updated,212,200,False
2026-05-16 06:43:57.978257,INFO,notification-service,User authenticated,366,201,False
2026-05-16 06:45:31.978257,WARNING,auth-service,Request processed successfully,390,201,False
2026-05-16 06:46:54.978257,WARNING,payment-service,Request processed successfully,246,200,False
2026-05-16 06:49:48.978257,INFO,auth-service,Database query executed in 342ms,342,201,False
2026-05-16 06:54:40.978257,WARNING,notification-service,Health check passed,402,200,False
2026-05-16 06:58:13.978257,WARNING,auth-service,User authenticated,187,201,False
2026-05-16 07:00:47.978257,INFO,auth-service,Session created for user,190,201,False
2026-05-16 07:06:31.978257,INFO,auth-service,Request processed successfully,492,200,False
2026-05-16 07:09:05.978257,WARNING,api-gateway,Database query executed in 420ms,420,200,False
2026-05-16 07:15:54.978257,INFO,notification-service,Order status updated,325,201,False
2026-05-16 07:16:07.978257,WARNING,payment-service,Order status updated,288,201,False
2026-05-16 07:18:11.978257,INFO,inventory-service,Database query executed in 78ms,78,201,False
2026-05-16 07:21:03.978257,CRITICAL,inventory-service,Memory usage exceeded threshold,6970,502,True
2026-05-16 07:21:55.978257,INFO,api-gateway,Session created for user,318,201,False
2026-05-16 07:23:46.978257,WARNING,notification-service,Session created for user,486,200,False
2026-05-16 07:27:31.978257,WARNING,auth-service,Session created for user,328,201,False
2026-05-16 07:28:39.978257,INFO,payment-service,Session created for user,416,201,False
2026-05-16 07:29:58.978257,INFO,inventory-service,Request processed successfully,257,201,False
2026-05-16 07:44:14.978257,ERROR,auth-service,Connection timeout after 7150ms,7150,503,True
2026-05-16 07:46:24.978257,WARNING,payment-service,Health check passed,298,200,False
2026-05-16 07:47:17.978257,INFO,auth-service,Order status updated,148,200,False
2026-05-16 07:54:18.978257,INFO,auth-service,Cache hit for key,288,201,False
2026-05-16 08:11:50.978257,INFO,auth-service,Health check passed,64,200,False
2026-05-16 08:12:16.978257,CRITICAL,notification-service,Memory usage exceeded threshold,5895,502,True
2026-05-16 08:20:04.978257,ERROR,api-gateway,Database connection pool exhausted,5798,500,True
2026-05-16 08:24:19.978257,WARNING,payment-service,Request processed successfully,348,201,False
2026-05-16 08:28:36.978257,WARNING,auth-service,Request processed successfully,199,201,False
2026-05-16 08:29:17.978257,INFO,inventory-service,Session created for user,228,200,False
2026-05-16 08:31:39.978257,CRITICAL,auth-service,Memory usage exceeded threshold,6121,503,True
2026-05-16 08:39:32.978257,INFO,inventory-service,Request processed successfully,255,200,False
2026-05-16 08:48:14.978257,CRITICAL,inventory-service,Service unreachable after 3 retries,2558,503,True
2026-05-16 08:53:39.978257,WARNING,payment-service,Session created for user,105,200,False
2026-05-16 08:58:35.978257,INFO,api-gateway,Cache hit for key,346,200,False
2026-05-16 09:07:41.978257,WARNING,api-gateway,Database query executed in 454ms,454,201,False
2026-05-16 09:12:33.978257,INFO,notification-service,Session created for user,446,201,False
2026-05-16 09:18:57.978257,INFO,auth-service,Cache hit for key,122,200,False
2026-05-16 09:27:50.978257,INFO,payment-service,Health check passed,225,201,False
2026-05-16 09:42:01.978257,ERROR,api-gateway,Database connection pool exhausted,7114,500,True
2026-05-16 09:49:29.978257,WARNING,payment-service,Order status updated,461,200,False
2026-05-16 09:49:51.978257,INFO,api-gateway,Session created for user,421,200,False
2026-05-16 09:53:36.978257,INFO,auth-service,Database query executed in 328ms,328,200,False
2026-05-16 09:54:12.978257,INFO,notification-service,Session created for user,170,201,False
2026-05-16 10:05:37.978257,WARNING,inventory-service,Database query executed in 78ms,78,200,False
2026-05-16 10:08:19.978257,WARNING,api-gateway,Database query executed in 444ms,444,200,False
2026-05-16 10:10:50.978257,INFO,payment-service,Cache hit for key,294,200,False
2026-05-16 10:15:23.978257,INFO,inventory-service,Health check passed,60,201,False
2026-05-16 10:17:06.978257,ERROR,inventory-service,Unhandled exception in request pipeline,5797,503,True
2026-05-16 10:19:15.978257,WARNING,payment-service,Request processed successfully,273,201,False
2026-05-16 10:36:33.978257,INFO,inventory-service,Health check passed,365,201,False
2026-05-16 10:44:07.978257,WARNING,notification-service,Cache hit for key,447,201,False
2026-05-16 10:44:37.978257,ERROR,notification-service,Service unreachable after 3 retries,3409,500,True
2026-05-16 10:50:37.978257,INFO,inventory-service,Health check passed,435,201,False
2026-05-16 10:50:47.978257,INFO,payment-service,Request processed successfully,275,200,False
2026-05-16 10:55:28.978257,WARNING,payment-service,Session created for user,387,201,False
2026-05-16 11:08:25.978257,CRITICAL,payment-service,Database connection pool exhausted,7319,503,True
2026-05-16 11:10:49.978257,INFO,inventory-service,User authenticated,374,200,False
2026-05-16 11:12:12.978257,INFO,api-gateway,Order status updated,62,201,False
2026-05-16 11:29:41.978257,WARNING,auth-service,Order status updated,477,200,False
2026-05-16 11:31:49.978257,INFO,auth-service,Cache hit for key,164,201,False
2026-05-16 11:32:37.978257,INFO,auth-service,Order status updated,351,201,False
2026-05-16 11:35:40.978257,WARNING,api-gateway,Database query executed in 262ms,262,201,False
2026-05-16 11:43:13.978257,WARNING,notification-service,Cache hit for key,193,200,False
2026-05-16 11:44:53.978257,WARNING,inventory-service,Order status updated,354,201,False
2026-05-16 11:51:16.978257,WARNING,inventory-service,Health check passed,164,201,False
2026-05-16 11:54:36.978257,WARNING,api-gateway,Database query executed in 63ms,63,201,False
2026-05-16 11:58:47.978257,INFO,api-gateway,Order status updated,244,200,False
2026-05-16 12:07:14.978257,ERROR,notification-service,Memory usage exceeded threshold,5664,503,True
2026-05-16 12:09:47.978257,CRITICAL,auth-service,Memory usage exceeded threshold,3263,500,True
2026-05-16 12:16:21.978257,INFO,payment-service,Request processed successfully,271,200,False
2026-05-16 12:20:45.978257,CRITICAL,payment-service,Database connection pool exhausted,7272,500,True
2026-05-16 12:23:29.978257,INFO,auth-service,Request processed successfully,412,201,False
2026-05-16 12:26:12.978257,WARNING,inventory-service,Database query executed in 264ms,264,200,False
2026-05-16 12:28:49.978257,WARNING,payment-service,User authenticated,315,201,False
2026-05-16 12:31:24.978257,INFO,notification-service,User authenticated,108,201,False
2026-05-16 12:36:17.978257,WARNING,payment-service,Cache hit for key,133,201,False
2026-05-16 12:37:11.978257,ERROR,auth-service,Memory usage exceeded threshold,6346,502,True
2026-05-16 12:48:33.978257,INFO,payment-service,Session created for user,471,201,False
2026-05-16 12:50:21.978257,INFO,notification-service,Order status updated,440,200,False
2026-05-16 12:51:56.978257,WARNING,inventory-service,Database query executed in 491ms,491,201,False
2026-05-16 12:55:44.978257,WARNING,notification-service,Health check passed,78,201,False
2026-05-16 13:00:10.978257,WARNING,payment-service,Cache hit for key,473,201,False
2026-05-16 13:06:07.978257,WARNING,payment-service,Order status updated,387,200,False
2026-05-16 13:09:59.978257,INFO,notification-service,User authenticated,102,201,False
2026-05-16 13:10:21.978257,INFO,inventory-service,Database query executed in 133ms,133,200,False
2026-05-16 13:16:18.978257,ERROR,payment-service,Database connection pool exhausted,7331,500,True
2026-05-16 13:25:25.978257,WARNING,api-gateway,Order status updated,282,200,False
2026-05-16 13:27:56.978257,INFO,notification-service,Cache hit for key,477,201,False
2026-05-16 13:33:20.978257,WARNING,api-gateway,Session created for user,192,200,False
2026-05-16 13:33:56.978257,INFO,payment-service,Request processed successfully,276,200,False
2026-05-16 13:38:00.978257,WARNING,api-gateway,Order status updated,163,200,False
2026-05-16 13:42:23.978257,ERROR,payment-service,Memory usage exceeded threshold,5221,502,True
2026-05-16 13:42:27.978257,INFO,payment-service,Cache hit for key,261,201,False
2026-05-16 13:49:03.978257,WARNING,api-gateway,User authenticated,232,201,False
2026-05-16 14:02:06.978257,WARNING,api-gateway,Order status updated,289,200,False
2026-05-16 14:14:15.978257,INFO,auth-service,Session created for user,376,201,False
2026-05-16 14:15:48.978257,WARNING,inventory-service,User authenticated,331,201,False
2026-05-16 14:17:10.978257,INFO,notification-service,Order status updated,93,201,False
2026-05-16 14:28:11.978257,WARNING,api-gateway,Request processed successfully,64,201,False
2026-05-16 14:31:31.978257,INFO,notification-service,Cache hit for key,277,201,False
2026-05-16 14:35:51.978257,INFO,payment-service,Request processed successfully,414,201,False
2026-05-16 14:40:06.978257,WARNING,inventory-service,Session created for user,355,201,False
2026-05-16 14:42:48.978257,WARNING,notification-service,Order status updated,293,201,False
2026-05-16 14:49:10.978257,WARNING,auth-service,Database query executed in 311ms,311,200,False
2026-05-16 15:04:24.978257,INFO,api-gateway,Request processed successfully,171,201,False
2026-05-16 15:04:47.978257,INFO,auth-service,Session created for user,478,200,False
2026-05-16 15:05:05.978257,INFO,api-gateway,Request processed successfully,51,200,False
2026-05-16 15:06:29.978257,INFO,notification-service,User authenticated,254,200,False
2026-05-16 15:11:06.978257,WARNING,auth-service,User authenticated,58,200,False
2026-05-16 15:14:51.978257,INFO,api-gateway,Database query executed in 206ms,206,200,False
2026-05-16 15:16:23.978257,WARNING,notification-service,Health check passed,359,201,False
2026-05-16 15:16:52.978257,INFO,api-gateway,Health check passed,181,201,False
2026-05-16 15:19:06.978257,INFO,notification-service,Database query executed in 140ms,140,201,False
2026-05-16 15:22:48.978257,WARNING,notification-service,Order status updated,126,200,False
2026-05-16 15:23:46.978257,INFO,auth-service,User authenticated,433,201,False
2026-05-16 15:25:45.978257,INFO,payment-service,Health check passed,162,200,False
2026-05-16 15:28:03.978257,INFO,auth-service,Request processed successfully,74,201,False
2026-05-16 15:31:08.978257,INFO,api-gateway,Order status updated,67,201,False
2026-05-16 15:46:16.978257,WARNING,inventory-service,Cache hit for key,329,201,False
2026-05-16 15:54:56.978257,WARNING,api-gateway,Order status updated,114,200,False
2026-05-16 15:56:52.978257,WARNING,auth-service,Session created for user,452,201,False
2026-05-16 16:04:44.978257,INFO,auth-service,Session created for user,426,201,False
2026-05-16 16:05:21.978257,INFO,payment-service,Health check passed,479,200,False
2026-05-16 16:06:27.978257,INFO,payment-service,Health check passed,325,200,False
2026-05-16 16:06:47.978257,WARNING,notification-service,Health check passed,267,201,False
2026-05-16 16:07:27.978257,INFO,payment-service,Order status updated,372,201,False
2026-05-16 16:07:50.978257,WARNING,notification-service,Database query executed in 122ms,122,200,False
2026-05-16 16:11:26.978257,INFO,inventory-service,Database query executed in 315ms,315,201,False
2026-05-16 16:11:37.978257,INFO,api-gateway,Health check passed,65,201,False
2026-05-16 16:15:02.978257,ERROR,api-gateway,Service unreachable after 3 retries,7034,502,True
2026-05-16 16:28:34.978257,CRITICAL,api-gateway,Database connection pool exhausted,7372,500,True
2026-05-16 16:35:27.978257,WARNING,notification-service,Session created for user,160,200,False
2026-05-16 16:37:32.978257,WARNING,notification-service,Database query executed in 218ms,218,200,False
